Pair,Date,Rate
HKDGBP,2023-01-02,0.105840
NZDGBP,2023-01-02,0.521950
SGDGBP,2023-01-02,0.615660
USDGBP,2023-01-02,0.825060
HKDGBP,2023-01-03,0.106186
NZDGBP,2023-01-03,0.524300
SGDGBP,2023-01-03,0.618030
USDGBP,2023-01-03,0.828990
HKDGBP,2023-01-04,0.106906
NZDGBP,2023-01-04,0.521780
SGDGBP,2023-01-04,0.620920
USDGBP,2023-01-04,0.835440
HKDGBP,2023-01-05,0.106114
NZDGBP,2023-01-05,0.521150
SGDGBP,2023-01-05,0.618200
USDGBP,2023-01-05,0.829390
HKDGBP,2023-01-06,0.107465
NZDGBP,2023-01-06,0.522940
SGDGBP,2023-01-06,0.623800
USDGBP,2023-01-06,0.839470
HKDGBP,2023-01-09,0.105685
NZDGBP,2023-01-09,0.524720
SGDGBP,2023-01-09,0.618710
USDGBP,2023-01-09,0.825330
HKDGBP,2023-01-10,0.105127
NZDGBP,2023-01-10,0.522500
SGDGBP,2023-01-10,0.616810
USDGBP,2023-01-10,0.820690
HKDGBP,2023-01-11,0.105346
NZDGBP,2023-01-11,0.524120
SGDGBP,2023-01-11,0.617740
USDGBP,2023-01-11,0.822740
HKDGBP,2023-01-12,0.105279
NZDGBP,2023-01-12,0.523540
SGDGBP,2023-01-12,0.617932
USDGBP,2023-01-12,0.822400
HKDGBP,2023-01-13,0.104819
NZDGBP,2023-01-13,0.522710
SGDGBP,2023-01-13,0.618850
USDGBP,2023-01-13,0.818480
HKDGBP,2023-01-16,0.104706
NZDGBP,2023-01-16,0.522100
SGDGBP,2023-01-16,0.619570
USDGBP,2023-01-16,0.817880
HKDGBP,2023-01-17,0.104877
NZDGBP,2023-01-17,0.523310
SGDGBP,2023-01-17,0.620460
USDGBP,2023-01-17,0.819150
HKDGBP,2023-01-18,0.104116
NZDGBP,2023-01-18,0.523530
SGDGBP,2023-01-18,0.616460
USDGBP,2023-01-18,0.814020
HKDGBP,2023-01-19,0.103515
NZDGBP,2023-01-19,0.521880
SGDGBP,2023-01-19,0.613430
USDGBP,2023-01-19,0.809870
HKDGBP,2023-01-20,0.103033
NZDGBP,2023-01-20,0.515800
SGDGBP,2023-01-20,0.610480
USDGBP,2023-01-20,0.806890
HKDGBP,2023-01-23,0.102972
NZDGBP,2023-01-23,0.522920
SGDGBP,2023-01-23,0.609580
USDGBP,2023-01-23,0.806040
HKDGBP,2023-01-24,0.103144
NZDGBP,2023-01-24,0.524140
SGDGBP,2023-01-24,0.612660
USDGBP,2023-01-24,0.807770
HKDGBP,2023-01-25,0.103564
NZDGBP,2023-01-25,0.526540
SGDGBP,2023-01-25,0.614490
USDGBP,2023-01-25,0.811080
HKDGBP,2023-01-26,0.102899
NZDGBP,2023-01-26,0.522260
SGDGBP,2023-01-26,0.614060
USDGBP,2023-01-26,0.805640
HKDGBP,2023-01-27,0.102884
NZDGBP,2023-01-27,0.522690
SGDGBP,2023-01-27,0.614120
USDGBP,2023-01-27,0.805460
HKDGBP,2023-01-30,0.103009
NZDGBP,2023-01-30,0.523430
SGDGBP,2023-01-30,0.614541
USDGBP,2023-01-30,0.806432
HKDGBP,2023-01-31,0.103337
NZDGBP,2023-01-31,0.523650
SGDGBP,2023-01-31,0.615840
USDGBP,2023-01-31,0.809480
HKDGBP,2023-02-01,0.103622
NZDGBP,2023-02-01,0.522910
SGDGBP,2023-02-01,0.618070
USDGBP,2023-02-01,0.812420
HKDGBP,2023-02-02,0.102974
NZDGBP,2023-02-02,0.525910
SGDGBP,2023-02-02,0.618390
USDGBP,2023-02-02,0.807100
HKDGBP,2023-02-03,0.104296
NZDGBP,2023-02-03,0.529700
SGDGBP,2023-02-03,0.624210
USDGBP,2023-02-03,0.818130
HKDGBP,2023-02-06,0.105806
NZDGBP,2023-02-06,0.525220
SGDGBP,2023-02-06,0.626600
USDGBP,2023-02-06,0.830210
HKDGBP,2023-02-07,0.105961
NZDGBP,2023-02-07,0.524440
SGDGBP,2023-02-07,0.626140
USDGBP,2023-02-07,0.831480
HKDGBP,2023-02-08,0.105693
NZDGBP,2023-02-08,0.524320
SGDGBP,2023-02-08,0.626680
USDGBP,2023-02-08,0.829560
HKDGBP,2023-02-09,0.105544
NZDGBP,2023-02-09,0.522900
SGDGBP,2023-02-09,0.624740
USDGBP,2023-02-09,0.828400
HKDGBP,2023-02-10,0.105140
NZDGBP,2023-02-10,0.522100
SGDGBP,2023-02-10,0.622650
USDGBP,2023-02-10,0.825300
HKDGBP,2023-02-13,0.105701
NZDGBP,2023-02-13,0.523630
SGDGBP,2023-02-13,0.623830
USDGBP,2023-02-13,0.829720
HKDGBP,2023-02-14,0.104828
NZDGBP,2023-02-14,0.523350
SGDGBP,2023-02-14,0.619560
USDGBP,2023-02-14,0.822900
HKDGBP,2023-02-15,0.104652
NZDGBP,2023-02-15,0.520280
SGDGBP,2023-02-15,0.618240
USDGBP,2023-02-15,0.821400
HKDGBP,2023-02-16,0.105867
NZDGBP,2023-02-16,0.521540
SGDGBP,2023-02-16,0.621950
USDGBP,2023-02-16,0.830580
HKDGBP,2023-02-17,0.106386
NZDGBP,2023-02-17,0.521390
SGDGBP,2023-02-17,0.624500
USDGBP,2023-02-17,0.835050
HKDGBP,2023-02-20,0.105965
NZDGBP,2023-02-20,0.518270
SGDGBP,2023-02-20,0.621680
USDGBP,2023-02-20,0.831270
HKDGBP,2023-02-21,0.106024
NZDGBP,2023-02-21,0.519650
SGDGBP,2023-02-21,0.621680
USDGBP,2023-02-21,0.830620
HKDGBP,2023-02-22,0.105266
NZDGBP,2023-02-22,0.513220
SGDGBP,2023-02-22,0.616100
USDGBP,2023-02-22,0.825810
HKDGBP,2023-02-23,0.105793
NZDGBP,2023-02-23,0.516480
SGDGBP,2023-02-23,0.619040
USDGBP,2023-02-23,0.829880
HKDGBP,2023-02-24,0.106039
NZDGBP,2023-02-24,0.518300
SGDGBP,2023-02-24,0.619560
USDGBP,2023-02-24,0.832100
HKDGBP,2023-02-27,0.106607
NZDGBP,2023-02-27,0.515720
SGDGBP,2023-02-27,0.619800
USDGBP,2023-02-27,0.836650
HKDGBP,2023-02-28,0.105683
NZDGBP,2023-02-28,0.510930
SGDGBP,2023-02-28,0.615480
USDGBP,2023-02-28,0.829080
HKDGBP,2023-03-01,0.105871
NZDGBP,2023-03-01,0.514010
SGDGBP,2023-03-01,0.616250
USDGBP,2023-03-01,0.831010
HKDGBP,2023-03-02,0.105932
NZDGBP,2023-03-02,0.519890
SGDGBP,2023-03-02,0.619470
USDGBP,2023-03-02,0.831260
HKDGBP,2023-03-03,0.106592
NZDGBP,2023-03-03,0.520400
SGDGBP,2023-03-03,0.620920
USDGBP,2023-03-03,0.836710
HKDGBP,2023-03-06,0.105910
NZDGBP,2023-03-06,0.516110
SGDGBP,2023-03-06,0.617840
USDGBP,2023-03-06,0.831360
HKDGBP,2023-03-07,0.105932
NZDGBP,2023-03-07,0.515290
SGDGBP,2023-03-07,0.618080
USDGBP,2023-03-07,0.831500
HKDGBP,2023-03-08,0.107702
NZDGBP,2023-03-08,0.516500
SGDGBP,2023-03-08,0.624140
USDGBP,2023-03-08,0.845470
HKDGBP,2023-03-09,0.107505
NZDGBP,2023-03-09,0.515880
SGDGBP,2023-03-09,0.623550
USDGBP,2023-03-09,0.843870
HKDGBP,2023-03-10,0.106849
NZDGBP,2023-03-10,0.511600
SGDGBP,2023-03-10,0.619721
USDGBP,2023-03-10,0.838750
HKDGBP,2023-03-13,0.105486
NZDGBP,2023-03-13,0.509900
SGDGBP,2023-03-13,0.614280
USDGBP,2023-03-13,0.827860
HKDGBP,2023-03-14,0.104745
NZDGBP,2023-03-14,0.510670
SGDGBP,2023-03-14,0.609790
USDGBP,2023-03-14,0.821600
HKDGBP,2023-03-15,0.104849
NZDGBP,2023-03-15,0.512600
SGDGBP,2023-03-15,0.611750
USDGBP,2023-03-15,0.822900
HKDGBP,2023-03-16,0.105563
NZDGBP,2023-03-16,0.510640
SGDGBP,2023-03-16,0.613190
USDGBP,2023-03-16,0.828550
HKDGBP,2023-03-17,0.105192
NZDGBP,2023-03-17,0.512110
SGDGBP,2023-03-17,0.613370
USDGBP,2023-03-17,0.825730
HKDGBP,2023-03-20,0.104534
NZDGBP,2023-03-20,0.514590
SGDGBP,2023-03-20,0.611990
USDGBP,2023-03-20,0.820500
HKDGBP,2023-03-21,0.103875
NZDGBP,2023-03-21,0.508310
SGDGBP,2023-03-21,0.608960
USDGBP,2023-03-21,0.814580
HKDGBP,2023-03-22,0.104258
NZDGBP,2023-03-22,0.506450
SGDGBP,2023-03-22,0.611750
USDGBP,2023-03-22,0.817990
HKDGBP,2023-03-23,0.103771
NZDGBP,2023-03-23,0.507410
SGDGBP,2023-03-23,0.612370
USDGBP,2023-03-23,0.814350
HKDGBP,2023-03-24,0.103730
NZDGBP,2023-03-24,0.508520
SGDGBP,2023-03-24,0.613110
USDGBP,2023-03-24,0.814230
HKDGBP,2023-03-27,0.104027
NZDGBP,2023-03-27,0.507070
SGDGBP,2023-03-27,0.613130
USDGBP,2023-03-27,0.816593
HKDGBP,2023-03-28,0.103590
NZDGBP,2023-03-28,0.504330
SGDGBP,2023-03-28,0.611050
USDGBP,2023-03-28,0.813170
HKDGBP,2023-03-29,0.103311
NZDGBP,2023-03-29,0.507040
SGDGBP,2023-03-29,0.610640
USDGBP,2023-03-29,0.811000
HKDGBP,2023-03-30,0.103466
NZDGBP,2023-03-30,0.505170
SGDGBP,2023-03-30,0.610970
USDGBP,2023-03-30,0.812110
HKDGBP,2023-03-31,0.102840
NZDGBP,2023-03-31,0.506030
SGDGBP,2023-03-31,0.607860
USDGBP,2023-03-31,0.807280
HKDGBP,2023-04-03,0.103684
NZDGBP,2023-04-03,0.506520
SGDGBP,2023-04-03,0.610060
USDGBP,2023-04-03,0.813870
HKDGBP,2023-04-04,0.102578
NZDGBP,2023-04-04,0.507100
SGDGBP,2023-04-04,0.606740
USDGBP,2023-04-04,0.804950
HKDGBP,2023-04-05,0.101922
NZDGBP,2023-04-05,0.505000
SGDGBP,2023-04-05,0.603690
USDGBP,2023-04-05,0.800100
HKDGBP,2023-04-06,0.102206
NZDGBP,2023-04-06,0.506910
SGDGBP,2023-04-06,0.604020
USDGBP,2023-04-06,0.802370
HKDGBP,2023-04-07,0.102415
NZDGBP,2023-04-07,0.502010
SGDGBP,2023-04-07,0.604204
USDGBP,2023-04-07,0.803923
HKDGBP,2023-04-10,0.102471
NZDGBP,2023-04-10,0.503030
SGDGBP,2023-04-10,0.604420
USDGBP,2023-04-10,0.804400
HKDGBP,2023-04-11,0.102805
NZDGBP,2023-04-11,0.502200
SGDGBP,2023-04-11,0.605720
USDGBP,2023-04-11,0.806960
HKDGBP,2023-04-12,0.102477
NZDGBP,2023-04-12,0.498240
SGDGBP,2023-04-12,0.603690
USDGBP,2023-04-12,0.804440
HKDGBP,2023-04-13,0.102003
NZDGBP,2023-04-13,0.497630
SGDGBP,2023-04-13,0.602980
USDGBP,2023-04-13,0.800470
HKDGBP,2023-04-14,0.101708
NZDGBP,2023-04-14,0.502900
SGDGBP,2023-04-14,0.603240
USDGBP,2023-04-14,0.798384
HKDGBP,2023-04-17,0.102736
NZDGBP,2023-04-17,0.499990
SGDGBP,2023-04-17,0.605480
USDGBP,2023-04-17,0.806440
HKDGBP,2023-04-18,0.102942
NZDGBP,2023-04-18,0.499470
SGDGBP,2023-04-18,0.605660
USDGBP,2023-04-18,0.808050
HKDGBP,2023-04-19,0.102526
NZDGBP,2023-04-19,0.500070
SGDGBP,2023-04-19,0.604080
USDGBP,2023-04-19,0.804800
HKDGBP,2023-04-20,0.102503
NZDGBP,2023-04-20,0.495500
SGDGBP,2023-04-20,0.602690
USDGBP,2023-04-20,0.804580
HKDGBP,2023-04-21,0.102402
NZDGBP,2023-04-21,0.496570
SGDGBP,2023-04-21,0.603300
USDGBP,2023-04-21,0.803800
HKDGBP,2023-04-24,0.102358
NZDGBP,2023-04-24,0.493380
SGDGBP,2023-04-24,0.602280
USDGBP,2023-04-24,0.803230
HKDGBP,2023-04-25,0.101929
NZDGBP,2023-04-25,0.493900
SGDGBP,2023-04-25,0.600229
USDGBP,2023-04-25,0.800000
HKDGBP,2023-04-26,0.102616
NZDGBP,2023-04-26,0.495050
SGDGBP,2023-04-26,0.602040
USDGBP,2023-04-26,0.805490
HKDGBP,2023-04-27,0.102149
NZDGBP,2023-04-27,0.490670
SGDGBP,2023-04-27,0.600580
USDGBP,2023-04-27,0.801830
HKDGBP,2023-04-28,0.101934
NZDGBP,2023-04-28,0.491690
SGDGBP,2023-04-28,0.599330
USDGBP,2023-04-28,0.800160
HKDGBP,2023-05-01,0.101445
NZDGBP,2023-05-01,0.491380
SGDGBP,2023-05-01,0.596360
USDGBP,2023-05-01,0.796330
HKDGBP,2023-05-02,0.102032
NZDGBP,2023-05-02,0.493650
SGDGBP,2023-05-02,0.599140
USDGBP,2023-05-02,0.800900
HKDGBP,2023-05-03,0.102101
NZDGBP,2023-05-03,0.498940
SGDGBP,2023-05-03,0.600750
USDGBP,2023-05-03,0.801500
HKDGBP,2023-05-04,0.101360
NZDGBP,2023-05-04,0.493880
SGDGBP,2023-05-04,0.598170
USDGBP,2023-05-04,0.795610
HKDGBP,2023-05-05,0.101272
NZDGBP,2023-05-05,0.499770
SGDGBP,2023-05-05,0.598560
USDGBP,2023-05-05,0.794700
HKDGBP,2023-05-08,0.100891
NZDGBP,2023-05-08,0.498610
SGDGBP,2023-05-08,0.597020
USDGBP,2023-05-08,0.791730
HKDGBP,2023-05-09,0.101013
NZDGBP,2023-05-09,0.502430
SGDGBP,2023-05-09,0.598190
USDGBP,2023-05-09,0.792850
HKDGBP,2023-05-10,0.101013
NZDGBP,2023-05-10,0.501980
SGDGBP,2023-05-10,0.596820
USDGBP,2023-05-10,0.792100
HKDGBP,2023-05-11,0.101107
NZDGBP,2023-05-11,0.504300
SGDGBP,2023-05-11,0.597811
USDGBP,2023-05-11,0.791954
HKDGBP,2023-05-12,0.102013
NZDGBP,2023-05-12,0.503090
SGDGBP,2023-05-12,0.600370
USDGBP,2023-05-12,0.799480
HKDGBP,2023-05-15,0.102411
NZDGBP,2023-05-15,0.497480
SGDGBP,2023-05-15,0.599910
USDGBP,2023-05-15,0.803150
HKDGBP,2023-05-16,0.101854
NZDGBP,2023-05-16,0.498340
SGDGBP,2023-05-16,0.597440
USDGBP,2023-05-16,0.798390
HKDGBP,2023-05-17,0.102190
NZDGBP,2023-05-17,0.499400
SGDGBP,2023-05-17,0.597560
USDGBP,2023-05-17,0.801000
HKDGBP,2023-05-18,0.102318
NZDGBP,2023-05-18,0.500260
SGDGBP,2023-05-18,0.596637
USDGBP,2023-05-18,0.801102
HKDGBP,2023-05-19,0.102931
NZDGBP,2023-05-19,0.502270
SGDGBP,2023-05-19,0.597630
USDGBP,2023-05-19,0.805650
HKDGBP,2023-05-22,0.102662
NZDGBP,2023-05-22,0.504190
SGDGBP,2023-05-22,0.596830
USDGBP,2023-05-22,0.802500
HKDGBP,2023-05-23,0.102729
NZDGBP,2023-05-23,0.505440
SGDGBP,2023-05-23,0.597330
USDGBP,2023-05-23,0.804220
HKDGBP,2023-05-24,0.102760
NZDGBP,2023-05-24,0.503230
SGDGBP,2023-05-24,0.597820
USDGBP,2023-05-24,0.805330
HKDGBP,2023-05-25,0.103238
NZDGBP,2023-05-25,0.493400
SGDGBP,2023-05-25,0.598802
USDGBP,2023-05-25,0.808340
HKDGBP,2023-05-26,0.103610
NZDGBP,2023-05-26,0.491290
SGDGBP,2023-05-26,0.599130
USDGBP,2023-05-26,0.811800
HKDGBP,2023-05-29,0.103374
NZDGBP,2023-05-29,0.490510
SGDGBP,2023-05-29,0.598550
USDGBP,2023-05-29,0.809920
HKDGBP,2023-05-30,0.103443
NZDGBP,2023-05-30,0.489340
SGDGBP,2023-05-30,0.597980
USDGBP,2023-05-30,0.809760
HKDGBP,2023-05-31,0.102840
NZDGBP,2023-05-31,0.487060
SGDGBP,2023-05-31,0.596390
USDGBP,2023-05-31,0.805680
HKDGBP,2023-06-01,0.102588
NZDGBP,2023-06-01,0.483940
SGDGBP,2023-06-01,0.594480
USDGBP,2023-06-01,0.803410
HKDGBP,2023-06-02,0.101938
NZDGBP,2023-06-02,0.484000
SGDGBP,2023-06-02,0.592550
USDGBP,2023-06-02,0.798340
HKDGBP,2023-06-05,0.102642
NZDGBP,2023-06-05,0.487250
SGDGBP,2023-06-05,0.595350
USDGBP,2023-06-05,0.804490
HKDGBP,2023-06-06,0.102614
NZDGBP,2023-06-06,0.488150
SGDGBP,2023-06-06,0.596060
USDGBP,2023-06-06,0.804300
HKDGBP,2023-06-07,0.102583
NZDGBP,2023-06-07,0.488900
SGDGBP,2023-06-07,0.596980
USDGBP,2023-06-07,0.804600
HKDGBP,2023-06-08,0.102488
NZDGBP,2023-06-08,0.485330
SGDGBP,2023-06-08,0.595841
USDGBP,2023-06-08,0.803480
HKDGBP,2023-06-09,0.101595
NZDGBP,2023-06-09,0.485120
SGDGBP,2023-06-09,0.592890
USDGBP,2023-06-09,0.796210
HKDGBP,2023-06-12,0.101399
NZDGBP,2023-06-12,0.487170
SGDGBP,2023-06-12,0.591630
USDGBP,2023-06-12,0.794850
HKDGBP,2023-06-13,0.101984
NZDGBP,2023-06-13,0.489560
SGDGBP,2023-06-13,0.594740
USDGBP,2023-06-13,0.799020
HKDGBP,2023-06-14,0.101258
NZDGBP,2023-06-14,0.488450
SGDGBP,2023-06-14,0.590940
USDGBP,2023-06-14,0.793220
HKDGBP,2023-06-15,0.100784
NZDGBP,2023-06-15,0.488800
SGDGBP,2023-06-15,0.588600
USDGBP,2023-06-15,0.789210
HKDGBP,2023-06-16,0.099981
NZDGBP,2023-06-16,0.487570
SGDGBP,2023-06-16,0.585100
USDGBP,2023-06-16,0.782120
HKDGBP,2023-06-19,0.099684
NZDGBP,2023-06-19,0.485300
SGDGBP,2023-06-19,0.582367
USDGBP,2023-06-19,0.779400
HKDGBP,2023-06-20,0.099980
NZDGBP,2023-06-20,0.484640
SGDGBP,2023-06-20,0.582870
USDGBP,2023-06-20,0.781570
HKDGBP,2023-06-21,0.100104
NZDGBP,2023-06-21,0.482980
SGDGBP,2023-06-21,0.583200
USDGBP,2023-06-21,0.783370
HKDGBP,2023-06-22,0.100019
NZDGBP,2023-06-22,0.485870
SGDGBP,2023-06-22,0.584340
USDGBP,2023-06-22,0.782960
HKDGBP,2023-06-23,0.100189
NZDGBP,2023-06-23,0.484920
SGDGBP,2023-06-23,0.583325
USDGBP,2023-06-23,0.784490
HKDGBP,2023-06-26,0.100327
NZDGBP,2023-06-26,0.482910
SGDGBP,2023-06-26,0.581110
USDGBP,2023-06-26,0.785570
HKDGBP,2023-06-27,0.100465
NZDGBP,2023-06-27,0.484710
SGDGBP,2023-06-27,0.581150
USDGBP,2023-06-27,0.786660
HKDGBP,2023-06-28,0.100166
NZDGBP,2023-06-28,0.482900
SGDGBP,2023-06-28,0.581310
USDGBP,2023-06-28,0.784640
HKDGBP,2023-06-29,0.100978
NZDGBP,2023-06-29,0.480360
SGDGBP,2023-06-29,0.584710
USDGBP,2023-06-29,0.790980
HKDGBP,2023-06-30,0.101130
NZDGBP,2023-06-30,0.480810
SGDGBP,2023-06-30,0.584490
USDGBP,2023-06-30,0.792730
HKDGBP,2023-07-03,0.100519
NZDGBP,2023-07-03,0.482990
SGDGBP,2023-07-03,0.582410
USDGBP,2023-07-03,0.787820
HKDGBP,2023-07-04,0.100567
NZDGBP,2023-07-04,0.484890
SGDGBP,2023-07-04,0.583220
USDGBP,2023-07-04,0.787840
HKDGBP,2023-07-05,0.100409
NZDGBP,2023-07-05,0.487250
SGDGBP,2023-07-05,0.582730
USDGBP,2023-07-05,0.786310
HKDGBP,2023-07-06,0.100632
NZDGBP,2023-07-06,0.486090
SGDGBP,2023-07-06,0.581600
USDGBP,2023-07-06,0.787120
HKDGBP,2023-07-07,0.100343
NZDGBP,2023-07-07,0.483570
SGDGBP,2023-07-07,0.579960
USDGBP,2023-07-07,0.784760
HKDGBP,2023-07-10,0.099507
NZDGBP,2023-07-10,0.483250
SGDGBP,2023-07-10,0.578490
USDGBP,2023-07-10,0.778880
HKDGBP,2023-07-11,0.099298
NZDGBP,2023-07-11,0.482330
SGDGBP,2023-07-11,0.578140
USDGBP,2023-07-11,0.777320
HKDGBP,2023-07-12,0.098776
NZDGBP,2023-07-12,0.479200
SGDGBP,2023-07-12,0.576740
USDGBP,2023-07-12,0.773110
HKDGBP,2023-07-13,0.098319
NZDGBP,2023-07-13,0.485040
SGDGBP,2023-07-13,0.578707
USDGBP,2023-07-13,0.769450
HKDGBP,2023-07-14,0.097385
NZDGBP,2023-07-14,0.486790
SGDGBP,2023-07-14,0.575870
USDGBP,2023-07-14,0.761700
HKDGBP,2023-07-17,0.097755
NZDGBP,2023-07-17,0.486230
SGDGBP,2023-07-17,0.578050
USDGBP,2023-07-17,0.763930
HKDGBP,2023-07-18,0.097899
NZDGBP,2023-07-18,0.483500
SGDGBP,2023-07-18,0.578650
USDGBP,2023-07-18,0.765010
HKDGBP,2023-07-19,0.098178
NZDGBP,2023-07-19,0.483010
SGDGBP,2023-07-19,0.579890
USDGBP,2023-07-19,0.767160
HKDGBP,2023-07-20,0.098989
NZDGBP,2023-07-20,0.483900
SGDGBP,2023-07-20,0.583360
USDGBP,2023-07-20,0.772810
HKDGBP,2023-07-21,0.099420
NZDGBP,2023-07-21,0.483940
SGDGBP,2023-07-21,0.585400
USDGBP,2023-07-21,0.776860
HKDGBP,2023-07-24,0.099520
NZDGBP,2023-07-24,0.479600
SGDGBP,2023-07-24,0.584390
USDGBP,2023-07-24,0.778000
HKDGBP,2023-07-25,0.099885
NZDGBP,2023-07-25,0.483700
SGDGBP,2023-07-25,0.585960
USDGBP,2023-07-25,0.780480
HKDGBP,2023-07-26,0.099286
NZDGBP,2023-07-26,0.482070
SGDGBP,2023-07-26,0.584010
USDGBP,2023-07-26,0.775560
HKDGBP,2023-07-27,0.099154
NZDGBP,2023-07-27,0.480330
SGDGBP,2023-07-27,0.583400
USDGBP,2023-07-27,0.773560
HKDGBP,2023-07-28,0.100166
NZDGBP,2023-07-28,0.483550
SGDGBP,2023-07-28,0.587200
USDGBP,2023-07-28,0.781630
HKDGBP,2023-07-31,0.099778
NZDGBP,2023-07-31,0.479170
SGDGBP,2023-07-31,0.584300
USDGBP,2023-07-31,0.777970
HKDGBP,2023-08-01,0.099918
NZDGBP,2023-08-01,0.483400
SGDGBP,2023-08-01,0.585890
USDGBP,2023-08-01,0.779180
HKDGBP,2023-08-02,0.100267
NZDGBP,2023-08-02,0.479900
SGDGBP,2023-08-02,0.585480
USDGBP,2023-08-02,0.781510
HKDGBP,2023-08-03,0.100759
NZDGBP,2023-08-03,0.478390
SGDGBP,2023-08-03,0.585960
USDGBP,2023-08-03,0.786140
HKDGBP,2023-08-04,0.100713
NZDGBP,2023-08-04,0.478240
SGDGBP,2023-08-04,0.586450
USDGBP,2023-08-04,0.786390
HKDGBP,2023-08-07,0.100419
NZDGBP,2023-08-07,0.478440
SGDGBP,2023-08-07,0.585590
USDGBP,2023-08-07,0.784440
HKDGBP,2023-08-08,0.100206
NZDGBP,2023-08-08,0.477670
SGDGBP,2023-08-08,0.583380
USDGBP,2023-08-08,0.782350
HKDGBP,2023-08-09,0.100434
NZDGBP,2023-08-09,0.475280
SGDGBP,2023-08-09,0.582240
USDGBP,2023-08-09,0.784830
HKDGBP,2023-08-10,0.100518
NZDGBP,2023-08-10,0.476360
SGDGBP,2023-08-10,0.583930
USDGBP,2023-08-10,0.786160
HKDGBP,2023-08-11,0.100933
NZDGBP,2023-08-11,0.474500
SGDGBP,2023-08-11,0.584780
USDGBP,2023-08-11,0.789260
HKDGBP,2023-08-14,0.100763
NZDGBP,2023-08-14,0.471350
SGDGBP,2023-08-14,0.582050
USDGBP,2023-08-14,0.787710
HKDGBP,2023-08-15,0.100815
NZDGBP,2023-08-15,0.470940
SGDGBP,2023-08-15,0.581450
USDGBP,2023-08-15,0.788320
HKDGBP,2023-08-16,0.100628
NZDGBP,2023-08-16,0.468900
SGDGBP,2023-08-16,0.579630
USDGBP,2023-08-16,0.787320
HKDGBP,2023-08-17,0.100321
NZDGBP,2023-08-17,0.465940
SGDGBP,2023-08-17,0.577460
USDGBP,2023-08-17,0.785660
HKDGBP,2023-08-18,0.100182
NZDGBP,2023-08-18,0.464600
SGDGBP,2023-08-18,0.577610
USDGBP,2023-08-18,0.784300
HKDGBP,2023-08-21,0.100194
NZDGBP,2023-08-21,0.465070
SGDGBP,2023-08-21,0.578350
USDGBP,2023-08-21,0.784810
HKDGBP,2023-08-22,0.099968
NZDGBP,2023-08-22,0.464610
SGDGBP,2023-08-22,0.577300
USDGBP,2023-08-22,0.783650
HKDGBP,2023-08-23,0.100208
NZDGBP,2023-08-23,0.466540
SGDGBP,2023-08-23,0.578500
USDGBP,2023-08-23,0.785450
HKDGBP,2023-08-24,0.100258
NZDGBP,2023-08-24,0.469570
SGDGBP,2023-08-24,0.581280
USDGBP,2023-08-24,0.786130
HKDGBP,2023-08-25,0.101273
NZDGBP,2023-08-25,0.470000
SGDGBP,2023-08-25,0.585060
USDGBP,2023-08-25,0.794100
HKDGBP,2023-08-28,0.101266
NZDGBP,2023-08-28,0.469420
SGDGBP,2023-08-28,0.585930
USDGBP,2023-08-28,0.794300
HKDGBP,2023-08-29,0.101060
NZDGBP,2023-08-29,0.468360
SGDGBP,2023-08-29,0.585070
USDGBP,2023-08-29,0.792950
HKDGBP,2023-08-30,0.100854
NZDGBP,2023-08-30,0.472160
SGDGBP,2023-08-30,0.586160
USDGBP,2023-08-30,0.791340
HKDGBP,2023-08-31,0.100263
NZDGBP,2023-08-31,0.468240
SGDGBP,2023-08-31,0.582547
USDGBP,2023-08-31,0.786671
HKDGBP,2023-09-01,0.100617
NZDGBP,2023-09-01,0.471560
SGDGBP,2023-09-01,0.584070
USDGBP,2023-09-01,0.789090
HKDGBP,2023-09-04,0.101225
NZDGBP,2023-09-04,0.471880
SGDGBP,2023-09-04,0.586510
USDGBP,2023-09-04,0.794190
HKDGBP,2023-09-05,0.101098
NZDGBP,2023-09-05,0.470290
SGDGBP,2023-09-05,0.584350
USDGBP,2023-09-05,0.792200
HKDGBP,2023-09-06,0.101447
NZDGBP,2023-09-06,0.468020
SGDGBP,2023-09-06,0.584510
USDGBP,2023-09-06,0.795510
HKDGBP,2023-09-07,0.102017
NZDGBP,2023-09-07,0.469650
SGDGBP,2023-09-07,0.586480
USDGBP,2023-09-07,0.800080
HKDGBP,2023-09-08,0.102282
NZDGBP,2023-09-08,0.471170
SGDGBP,2023-09-08,0.586990
USDGBP,2023-09-08,0.801600
HKDGBP,2023-09-11,0.102099
NZDGBP,2023-09-11,0.472420
SGDGBP,2023-09-11,0.586968
USDGBP,2023-09-11,0.800641
HKDGBP,2023-09-12,0.102068
NZDGBP,2023-09-12,0.472900
SGDGBP,2023-09-12,0.587520
USDGBP,2023-09-12,0.799440
HKDGBP,2023-09-13,0.102270
NZDGBP,2023-09-13,0.472900
SGDGBP,2023-09-13,0.588280
USDGBP,2023-09-13,0.800530
HKDGBP,2023-09-14,0.102301
NZDGBP,2023-09-14,0.473920
SGDGBP,2023-09-14,0.588210
USDGBP,2023-09-14,0.800670
HKDGBP,2023-09-15,0.102989
NZDGBP,2023-09-15,0.476000
SGDGBP,2023-09-15,0.590960
USDGBP,2023-09-15,0.806330
HKDGBP,2023-09-18,0.103065
NZDGBP,2023-09-18,0.476240
SGDGBP,2023-09-18,0.591830
USDGBP,2023-09-18,0.806610
HKDGBP,2023-09-19,0.103281
NZDGBP,2023-09-19,0.478070
SGDGBP,2023-09-19,0.592210
USDGBP,2023-09-19,0.807510
HKDGBP,2023-09-20,0.103164
NZDGBP,2023-09-20,0.480130
SGDGBP,2023-09-20,0.591330
USDGBP,2023-09-20,0.806870
HKDGBP,2023-09-21,0.103669
NZDGBP,2023-09-21,0.480490
SGDGBP,2023-09-21,0.593620
USDGBP,2023-09-21,0.811100
HKDGBP,2023-09-22,0.104003
NZDGBP,2023-09-22,0.482300
SGDGBP,2023-09-22,0.595120
USDGBP,2023-09-22,0.813390
HKDGBP,2023-09-25,0.104448
NZDGBP,2023-09-25,0.486520
SGDGBP,2023-09-25,0.598020
USDGBP,2023-09-25,0.816870
HKDGBP,2023-09-26,0.104745
NZDGBP,2023-09-26,0.488500
SGDGBP,2023-09-26,0.599250
USDGBP,2023-09-26,0.818790
HKDGBP,2023-09-27,0.105254
NZDGBP,2023-09-27,0.489400
SGDGBP,2023-09-27,0.601160
USDGBP,2023-09-27,0.823260
HKDGBP,2023-09-28,0.105352
NZDGBP,2023-09-28,0.487430
SGDGBP,2023-09-28,0.600150
USDGBP,2023-09-28,0.824040
HKDGBP,2023-09-29,0.104644
NZDGBP,2023-09-29,0.488600
SGDGBP,2023-09-29,0.599750
USDGBP,2023-09-29,0.819350
HKDGBP,2023-10-02,0.104716
NZDGBP,2023-10-02,0.491500
SGDGBP,2023-10-02,0.599910
USDGBP,2023-10-02,0.820140
HKDGBP,2023-10-03,0.105602
NZDGBP,2023-10-03,0.491340
SGDGBP,2023-10-03,0.602130
USDGBP,2023-10-03,0.827050
HKDGBP,2023-10-04,0.105703
NZDGBP,2023-10-04,0.489500
SGDGBP,2023-10-04,0.602750
USDGBP,2023-10-04,0.827920
HKDGBP,2023-10-05,0.105239
NZDGBP,2023-10-05,0.487550
SGDGBP,2023-10-05,0.600530
USDGBP,2023-10-05,0.823900
HKDGBP,2023-10-06,0.104775
NZDGBP,2023-10-06,0.489460
SGDGBP,2023-10-06,0.600000
USDGBP,2023-10-06,0.820500
HKDGBP,2023-10-09,0.104474
NZDGBP,2023-10-09,0.488640
SGDGBP,2023-10-09,0.598840
USDGBP,2023-10-09,0.818270
HKDGBP,2023-10-10,0.104269
NZDGBP,2023-10-10,0.492000
SGDGBP,2023-10-10,0.598370
USDGBP,2023-10-10,0.816300
HKDGBP,2023-10-11,0.104050
NZDGBP,2023-10-11,0.491510
SGDGBP,2023-10-11,0.597010
USDGBP,2023-10-11,0.813580
HKDGBP,2023-10-12,0.103830
NZDGBP,2023-10-12,0.488640
SGDGBP,2023-10-12,0.595800
USDGBP,2023-10-12,0.811930
HKDGBP,2023-10-13,0.104909
NZDGBP,2023-10-13,0.485950
SGDGBP,2023-10-13,0.599260
USDGBP,2023-10-13,0.820800
HKDGBP,2023-10-16,0.105161
NZDGBP,2023-10-16,0.485900
SGDGBP,2023-10-16,0.600930
USDGBP,2023-10-16,0.822790
HKDGBP,2023-10-17,0.104732
NZDGBP,2023-10-17,0.483080
SGDGBP,2023-10-17,0.598290
USDGBP,2023-10-17,0.818900
HKDGBP,2023-10-18,0.104946
NZDGBP,2023-10-18,0.483700
SGDGBP,2023-10-18,0.599930
USDGBP,2023-10-18,0.821100
HKDGBP,2023-10-19,0.105186
NZDGBP,2023-10-19,0.482000
SGDGBP,2023-10-19,0.599570
USDGBP,2023-10-19,0.823490
HKDGBP,2023-10-20,0.105300
NZDGBP,2023-10-20,0.481150
SGDGBP,2023-10-20,0.600180
USDGBP,2023-10-20,0.823910
HKDGBP,2023-10-23,0.105047
NZDGBP,2023-10-23,0.479140
SGDGBP,2023-10-23,0.598890
USDGBP,2023-10-23,0.822100
HKDGBP,2023-10-24,0.104332
NZDGBP,2023-10-24,0.477540
SGDGBP,2023-10-24,0.597210
USDGBP,2023-10-24,0.816310
HKDGBP,2023-10-25,0.105092
NZDGBP,2023-10-25,0.480670
SGDGBP,2023-10-25,0.601010
USDGBP,2023-10-25,0.822240
HKDGBP,2023-10-26,0.105623
NZDGBP,2023-10-26,0.478460
SGDGBP,2023-10-26,0.601990
USDGBP,2023-10-26,0.826210
HKDGBP,2023-10-27,0.105352
NZDGBP,2023-10-27,0.479900
SGDGBP,2023-10-27,0.601900
USDGBP,2023-10-27,0.823920
HKDGBP,2023-10-30,0.105532
NZDGBP,2023-10-30,0.479400
SGDGBP,2023-10-30,0.602440
USDGBP,2023-10-30,0.825510
HKDGBP,2023-10-31,0.105095
NZDGBP,2023-10-31,0.479800
SGDGBP,2023-10-31,0.602210
USDGBP,2023-10-31,0.821980
HKDGBP,2023-11-01,0.105171
NZDGBP,2023-11-01,0.477810
SGDGBP,2023-11-01,0.600870
USDGBP,2023-11-01,0.822900
HKDGBP,2023-11-02,0.104939
NZDGBP,2023-11-02,0.482570
SGDGBP,2023-11-02,0.600710
USDGBP,2023-11-02,0.820870
HKDGBP,2023-11-03,0.104826
NZDGBP,2023-11-03,0.483530
SGDGBP,2023-11-03,0.600910
USDGBP,2023-11-03,0.820220
HKDGBP,2023-11-06,0.103291
NZDGBP,2023-11-06,0.484530
SGDGBP,2023-11-06,0.597020
USDGBP,2023-11-06,0.808160
HKDGBP,2023-11-07,0.103566
NZDGBP,2023-11-07,0.482850
SGDGBP,2023-11-07,0.599520
USDGBP,2023-11-07,0.810010
HKDGBP,2023-11-08,0.104036
NZDGBP,2023-11-08,0.482740
SGDGBP,2023-11-08,0.600580
USDGBP,2023-11-08,0.813550
HKDGBP,2023-11-09,0.104157
NZDGBP,2023-11-09,0.481140
SGDGBP,2023-11-09,0.600110
USDGBP,2023-11-09,0.814000
HKDGBP,2023-11-10,0.104817
NZDGBP,2023-11-10,0.481970
SGDGBP,2023-11-10,0.601530
USDGBP,2023-11-10,0.818530
HKDGBP,2023-11-13,0.104688
NZDGBP,2023-11-13,0.481910
SGDGBP,2023-11-13,0.601210
USDGBP,2023-11-13,0.817780
HKDGBP,2023-11-14,0.104278
NZDGBP,2023-11-14,0.478900
SGDGBP,2023-11-14,0.599180
USDGBP,2023-11-14,0.814290
HKDGBP,2023-11-15,0.102531
NZDGBP,2023-11-15,0.480480
SGDGBP,2023-11-15,0.593140
USDGBP,2023-11-15,0.800350
HKDGBP,2023-11-16,0.103109
NZDGBP,2023-11-16,0.485240
SGDGBP,2023-11-16,0.596240
USDGBP,2023-11-16,0.805000
HKDGBP,2023-11-17,0.103231
NZDGBP,2023-11-17,0.480390
SGDGBP,2023-11-17,0.597900
USDGBP,2023-11-17,0.805480
HKDGBP,2023-11-20,0.102988
NZDGBP,2023-11-20,0.481360
SGDGBP,2023-11-20,0.597530
USDGBP,2023-11-20,0.802920
HKDGBP,2023-11-21,0.102586
NZDGBP,2023-11-21,0.482750
SGDGBP,2023-11-21,0.597600
USDGBP,2023-11-21,0.799420
HKDGBP,2023-11-22,0.102257
NZDGBP,2023-11-22,0.482530
SGDGBP,2023-11-22,0.595800
USDGBP,2023-11-22,0.797180
HKDGBP,2023-11-23,0.102686
NZDGBP,2023-11-23,0.482000
SGDGBP,2023-11-23,0.596510
USDGBP,2023-11-23,0.800640
HKDGBP,2023-11-24,0.102307
NZDGBP,2023-11-24,0.482510
SGDGBP,2023-11-24,0.594920
USDGBP,2023-11-24,0.797860
HKDGBP,2023-11-27,0.101836
NZDGBP,2023-11-27,0.482200
SGDGBP,2023-11-27,0.592230
USDGBP,2023-11-27,0.793630
HKDGBP,2023-11-28,0.101609
NZDGBP,2023-11-28,0.482950
SGDGBP,2023-11-28,0.592220
USDGBP,2023-11-28,0.791490
HKDGBP,2023-11-29,0.100915
NZDGBP,2023-11-29,0.483200
SGDGBP,2023-11-29,0.591280
USDGBP,2023-11-29,0.786640
HKDGBP,2023-11-30,0.100924
NZDGBP,2023-11-30,0.484790
SGDGBP,2023-11-30,0.591040
USDGBP,2023-11-30,0.787625
HKDGBP,2023-12-01,0.101355
NZDGBP,2023-12-01,0.487370
SGDGBP,2023-12-01,0.592070
USDGBP,2023-12-01,0.791660
HKDGBP,2023-12-04,0.100653
NZDGBP,2023-12-04,0.488810
SGDGBP,2023-12-04,0.590220
USDGBP,2023-12-04,0.786590
HKDGBP,2023-12-05,0.101268
NZDGBP,2023-12-05,0.487880
SGDGBP,2023-12-05,0.591670
USDGBP,2023-12-05,0.791510
HKDGBP,2023-12-06,0.101538
NZDGBP,2023-12-06,0.486930
SGDGBP,2023-12-06,0.592010
USDGBP,2023-12-06,0.794000
HKDGBP,2023-12-07,0.101940
NZDGBP,2023-12-07,0.488860
SGDGBP,2023-12-07,0.593420
USDGBP,2023-12-07,0.796260
HKDGBP,2023-12-08,0.101683
NZDGBP,2023-12-08,0.489330
SGDGBP,2023-12-08,0.592930
USDGBP,2023-12-08,0.794310
HKDGBP,2023-12-11,0.101982
NZDGBP,2023-12-11,0.487750
SGDGBP,2023-12-11,0.593730
USDGBP,2023-12-11,0.796510
HKDGBP,2023-12-12,0.102038
NZDGBP,2023-12-12,0.487600
SGDGBP,2023-12-12,0.592690
USDGBP,2023-12-12,0.796520
HKDGBP,2023-12-13,0.101858
NZDGBP,2023-12-13,0.488140
SGDGBP,2023-12-13,0.593070
USDGBP,2023-12-13,0.795500
HKDGBP,2023-12-14,0.101412
NZDGBP,2023-12-14,0.490380
SGDGBP,2023-12-14,0.594350
USDGBP,2023-12-14,0.792210
HKDGBP,2023-12-15,0.100302
NZDGBP,2023-12-15,0.486480
SGDGBP,2023-12-15,0.589450
USDGBP,2023-12-15,0.783000
HKDGBP,2023-12-18,0.101120
NZDGBP,2023-12-18,0.489940
SGDGBP,2023-12-18,0.591810
USDGBP,2023-12-18,0.789120
HKDGBP,2023-12-19,0.101395
NZDGBP,2023-12-19,0.491040
SGDGBP,2023-12-19,0.593270
USDGBP,2023-12-19,0.790400
HKDGBP,2023-12-20,0.100686
NZDGBP,2023-12-20,0.492380
SGDGBP,2023-12-20,0.591060
USDGBP,2023-12-20,0.785380
HKDGBP,2023-12-21,0.101319
NZDGBP,2023-12-21,0.494630
SGDGBP,2023-12-21,0.593920
USDGBP,2023-12-21,0.791060
HKDGBP,2023-12-22,0.100945
NZDGBP,2023-12-22,0.496000
SGDGBP,2023-12-22,0.594001
USDGBP,2023-12-22,0.788333
HKDGBP,2023-12-25,0.100945
NZDGBP,2023-12-25,0.491800
SGDGBP,2023-12-25,0.591597
USDGBP,2023-12-25,0.788830
HKDGBP,2023-12-26,0.100774
NZDGBP,2023-12-26,0.496090
SGDGBP,2023-12-26,0.593902
USDGBP,2023-12-26,0.787100
HKDGBP,2023-12-27,0.100629
NZDGBP,2023-12-27,0.497140
SGDGBP,2023-12-27,0.593700
USDGBP,2023-12-27,0.785720
HKDGBP,2023-12-28,0.100014
NZDGBP,2023-12-28,0.495900
SGDGBP,2023-12-28,0.591910
USDGBP,2023-12-28,0.781200
HKDGBP,2023-12-29,0.100529
NZDGBP,2023-12-29,0.497390
SGDGBP,2023-12-29,0.594771
USDGBP,2023-12-29,0.785300
HKDGBP,2024-01-01,0.100529
NZDGBP,2024-01-01,0.496030
SGDGBP,2024-01-01,0.594849
USDGBP,2024-01-01,0.785546
HKDGBP,2024-01-02,0.100577
NZDGBP,2024-01-02,0.496010
SGDGBP,2024-01-02,0.595190
USDGBP,2024-01-02,0.785620
HKDGBP,2024-01-03,0.101354
NZDGBP,2024-01-03,0.494900
SGDGBP,2024-01-03,0.597170
USDGBP,2024-01-03,0.792200
HKDGBP,2024-01-04,0.101057
NZDGBP,2024-01-04,0.493140
SGDGBP,2024-01-04,0.593900
USDGBP,2024-01-04,0.789000
HKDGBP,2024-01-05,0.100955
NZDGBP,2024-01-05,0.491170
SGDGBP,2024-01-05,0.592960
USDGBP,2024-01-05,0.788390
HKDGBP,2024-01-08,0.100653
NZDGBP,2024-01-08,0.491220
SGDGBP,2024-01-08,0.591265
USDGBP,2024-01-08,0.786300
HKDGBP,2024-01-09,0.100508
NZDGBP,2024-01-09,0.490400
SGDGBP,2024-01-09,0.590520
USDGBP,2024-01-09,0.784610
HKDGBP,2024-01-10,0.100646
NZDGBP,2024-01-10,0.490550
SGDGBP,2024-01-10,0.590980
USDGBP,2024-01-10,0.786600
HKDGBP,2024-01-11,0.100331
NZDGBP,2024-01-11,0.488500
SGDGBP,2024-01-11,0.589280
USDGBP,2024-01-11,0.784610
HKDGBP,2024-01-12,0.100103
NZDGBP,2024-01-12,0.488420
SGDGBP,2024-01-12,0.588440
USDGBP,2024-01-12,0.782610
HKDGBP,2024-01-15,0.100392
NZDGBP,2024-01-15,0.489280
SGDGBP,2024-01-15,0.589390
USDGBP,2024-01-15,0.785140
HKDGBP,2024-01-16,0.100521
NZDGBP,2024-01-16,0.486730
SGDGBP,2024-01-16,0.589460
USDGBP,2024-01-16,0.786400
HKDGBP,2024-01-17,0.101094
NZDGBP,2024-01-17,0.485800
SGDGBP,2024-01-17,0.589330
USDGBP,2024-01-17,0.791230
HKDGBP,2024-01-18,0.100841
NZDGBP,2024-01-18,0.482170
SGDGBP,2024-01-18,0.586710
USDGBP,2024-01-18,0.788840
HKDGBP,2024-01-19,0.100589
NZDGBP,2024-01-19,0.481200
SGDGBP,2024-01-19,0.585480
USDGBP,2024-01-19,0.786790
HKDGBP,2024-01-22,0.100720
NZDGBP,2024-01-22,0.481670
SGDGBP,2024-01-22,0.587350
USDGBP,2024-01-22,0.787410
HKDGBP,2024-01-23,0.100658
NZDGBP,2024-01-23,0.477910
SGDGBP,2024-01-23,0.586240
USDGBP,2024-01-23,0.786970
HKDGBP,2024-01-24,0.100726
NZDGBP,2024-01-24,0.480790
SGDGBP,2024-01-24,0.587540
USDGBP,2024-01-24,0.787900
HKDGBP,2024-01-25,0.100567
NZDGBP,2024-01-25,0.480140
SGDGBP,2024-01-25,0.586820
USDGBP,2024-01-25,0.786240
HKDGBP,2024-01-26,0.100641
NZDGBP,2024-01-26,0.480600
SGDGBP,2024-01-26,0.587040
USDGBP,2024-01-26,0.786890
HKDGBP,2024-01-29,0.100781
NZDGBP,2024-01-29,0.479760
SGDGBP,2024-01-29,0.586366
USDGBP,2024-01-29,0.787550
HKDGBP,2024-01-30,0.100660
NZDGBP,2024-01-30,0.482470
SGDGBP,2024-01-30,0.587100
USDGBP,2024-01-30,0.786580
HKDGBP,2024-01-31,0.100756
NZDGBP,2024-01-31,0.482900
SGDGBP,2024-01-31,0.588030
USDGBP,2024-01-31,0.787680
HKDGBP,2024-02-01,0.100891
NZDGBP,2024-02-01,0.481990
SGDGBP,2024-02-01,0.588350
USDGBP,2024-02-01,0.788740
HKDGBP,2024-02-02,0.100311
NZDGBP,2024-02-02,0.482030
SGDGBP,2024-02-02,0.586830
USDGBP,2024-02-02,0.784480
HKDGBP,2024-02-05,0.101287
NZDGBP,2024-02-05,0.480290
SGDGBP,2024-02-05,0.589640
USDGBP,2024-02-05,0.792270
HKDGBP,2024-02-06,0.101996
NZDGBP,2024-02-06,0.482830
SGDGBP,2024-02-06,0.592220
USDGBP,2024-02-06,0.797800
HKDGBP,2024-02-07,0.101412
NZDGBP,2024-02-07,0.483820
SGDGBP,2024-02-07,0.590360
USDGBP,2024-02-07,0.793240
HKDGBP,2024-02-08,0.101272
NZDGBP,2024-02-08,0.483730
SGDGBP,2024-02-08,0.589490
USDGBP,2024-02-08,0.791930
HKDGBP,2024-02-09,0.101304
NZDGBP,2024-02-09,0.483880
SGDGBP,2024-02-09,0.588250
USDGBP,2024-02-09,0.792360
HKDGBP,2024-02-12,0.101183
NZDGBP,2024-02-12,0.486390
SGDGBP,2024-02-12,0.588180
USDGBP,2024-02-12,0.791310
HKDGBP,2024-02-13,0.101296
NZDGBP,2024-02-13,0.485310
SGDGBP,2024-02-13,0.588860
USDGBP,2024-02-13,0.791920
HKDGBP,2024-02-14,0.101567
NZDGBP,2024-02-14,0.481050
SGDGBP,2024-02-14,0.587790
USDGBP,2024-02-14,0.794240
HKDGBP,2024-02-15,0.101765
NZDGBP,2024-02-15,0.484510
SGDGBP,2024-02-15,0.590290
USDGBP,2024-02-15,0.795650
HKDGBP,2024-02-16,0.101485
NZDGBP,2024-02-16,0.484940
SGDGBP,2024-02-16,0.589760
USDGBP,2024-02-16,0.793700
HKDGBP,2024-02-19,0.101381
NZDGBP,2024-02-19,0.486500
SGDGBP,2024-02-19,0.589340
USDGBP,2024-02-19,0.792950
HKDGBP,2024-02-20,0.101572
NZDGBP,2024-02-20,0.487900
SGDGBP,2024-02-20,0.590010
USDGBP,2024-02-20,0.794430
HKDGBP,2024-02-21,0.101261
NZDGBP,2024-02-21,0.488440
SGDGBP,2024-02-21,0.589380
USDGBP,2024-02-21,0.791930
HKDGBP,2024-02-22,0.101172
NZDGBP,2024-02-22,0.488940
SGDGBP,2024-02-22,0.588710
USDGBP,2024-02-22,0.791260
HKDGBP,2024-02-23,0.100947
NZDGBP,2024-02-23,0.489130
SGDGBP,2024-02-23,0.588060
USDGBP,2024-02-23,0.789660
HKDGBP,2024-02-26,0.100845
NZDGBP,2024-02-26,0.488120
SGDGBP,2024-02-26,0.587350
USDGBP,2024-02-26,0.789100
HKDGBP,2024-02-27,0.100747
NZDGBP,2024-02-27,0.486000
SGDGBP,2024-02-27,0.586390
USDGBP,2024-02-27,0.788360
HKDGBP,2024-02-28,0.100778
NZDGBP,2024-02-28,0.486470
SGDGBP,2024-02-28,0.586700
USDGBP,2024-02-28,0.788540
HKDGBP,2024-02-29,0.100900
NZDGBP,2024-02-29,0.481410
SGDGBP,2024-02-29,0.586720
USDGBP,2024-02-29,0.789700
HKDGBP,2024-03-01,0.101172
NZDGBP,2024-03-01,0.481940
SGDGBP,2024-03-01,0.588440
USDGBP,2024-03-01,0.792050
HKDGBP,2024-03-04,0.100893
NZDGBP,2024-03-04,0.482030
SGDGBP,2024-03-04,0.587720
USDGBP,2024-03-04,0.789870
HKDGBP,2024-03-05,0.100697
NZDGBP,2024-03-05,0.480320
SGDGBP,2024-03-05,0.586540
USDGBP,2024-03-05,0.787900
HKDGBP,2024-03-06,0.100591
NZDGBP,2024-03-06,0.479090
SGDGBP,2024-03-06,0.586040
USDGBP,2024-03-06,0.787100
HKDGBP,2024-03-07,0.100356
NZDGBP,2024-03-07,0.481080
SGDGBP,2024-03-07,0.586610
USDGBP,2024-03-07,0.785210
HKDGBP,2024-03-08,0.099787
NZDGBP,2024-03-08,0.482110
SGDGBP,2024-03-08,0.585390
USDGBP,2024-03-08,0.780300
HKDGBP,2024-03-11,0.099468
NZDGBP,2024-03-11,0.480610
SGDGBP,2024-03-11,0.584250
USDGBP,2024-03-11,0.777900
HKDGBP,2024-03-12,0.099730
NZDGBP,2024-03-12,0.481270
SGDGBP,2024-03-12,0.586369
USDGBP,2024-03-12,0.780043
HKDGBP,2024-03-13,0.099888
NZDGBP,2024-03-13,0.480520
SGDGBP,2024-03-13,0.586520
USDGBP,2024-03-13,0.781500
HKDGBP,2024-03-14,0.099845
NZDGBP,2024-03-14,0.481300
SGDGBP,2024-03-14,0.586410
USDGBP,2024-03-14,0.781120
HKDGBP,2024-03-15,0.100293
NZDGBP,2024-03-15,0.480450
SGDGBP,2024-03-15,0.587060
USDGBP,2024-03-15,0.784570
HKDGBP,2024-03-18,0.100417
NZDGBP,2024-03-18,0.478020
SGDGBP,2024-03-18,0.586930
USDGBP,2024-03-18,0.785460
HKDGBP,2024-03-19,0.100482
NZDGBP,2024-03-19,0.477700
SGDGBP,2024-03-19,0.586670
USDGBP,2024-03-19,0.785720
HKDGBP,2024-03-20,0.100498
NZDGBP,2024-03-20,0.475470
SGDGBP,2024-03-20,0.585580
USDGBP,2024-03-20,0.786200
HKDGBP,2024-03-21,0.099879
NZDGBP,2024-03-21,0.475720
SGDGBP,2024-03-21,0.583470
USDGBP,2024-03-21,0.781350
HKDGBP,2024-03-22,0.100989
NZDGBP,2024-03-22,0.477470
SGDGBP,2024-03-22,0.587750
USDGBP,2024-03-22,0.789770
HKDGBP,2024-03-25,0.101445
NZDGBP,2024-03-25,0.475400
SGDGBP,2024-03-25,0.588130
USDGBP,2024-03-25,0.793780
HKDGBP,2024-03-26,0.101164
NZDGBP,2024-03-26,0.474800
SGDGBP,2024-03-26,0.587890
USDGBP,2024-03-26,0.791270
HKDGBP,2024-03-27,0.101218
NZDGBP,2024-03-27,0.475600
SGDGBP,2024-03-27,0.588540
USDGBP,2024-03-27,0.791860
HKDGBP,2024-03-28,0.101304
NZDGBP,2024-03-28,0.474860
SGDGBP,2024-03-28,0.587580
USDGBP,2024-03-28,0.792600
HKDGBP,2024-03-29,0.101304
NZDGBP,2024-03-29,0.472990
SGDGBP,2024-03-29,0.586407
USDGBP,2024-03-29,0.792000
HKDGBP,2024-04-01,0.101112
NZDGBP,2024-04-01,0.473640
SGDGBP,2024-04-01,0.587090
USDGBP,2024-04-01,0.791310
HKDGBP,2024-04-02,0.101845
NZDGBP,2024-04-02,0.474280
SGDGBP,2024-04-02,0.589220
USDGBP,2024-04-02,0.797100
HKDGBP,2024-04-03,0.101564
NZDGBP,2024-04-03,0.474540
SGDGBP,2024-04-03,0.588310
USDGBP,2024-04-03,0.795110
HKDGBP,2024-04-04,0.100961
NZDGBP,2024-04-04,0.475320
SGDGBP,2024-04-04,0.586310
USDGBP,2024-04-04,0.790400
HKDGBP,2024-04-05,0.101052
NZDGBP,2024-04-05,0.476770
SGDGBP,2024-04-05,0.586610
USDGBP,2024-04-05,0.791127
HKDGBP,2024-04-08,0.101169
NZDGBP,2024-04-08,0.475510
SGDGBP,2024-04-08,0.586990
USDGBP,2024-04-08,0.792060
HKDGBP,2024-04-09,0.100870
NZDGBP,2024-04-09,0.476650
SGDGBP,2024-04-09,0.586310
USDGBP,2024-04-09,0.789970
HKDGBP,2024-04-10,0.100730
NZDGBP,2024-04-10,0.478370
SGDGBP,2024-04-10,0.586510
USDGBP,2024-04-10,0.788790
HKDGBP,2024-04-11,0.101797
NZDGBP,2024-04-11,0.476470
SGDGBP,2024-04-11,0.589050
USDGBP,2024-04-11,0.797600
HKDGBP,2024-04-12,0.101623
NZDGBP,2024-04-12,0.477890
SGDGBP,2024-04-12,0.588720
USDGBP,2024-04-12,0.796510
HKDGBP,2024-04-15,0.102377
NZDGBP,2024-04-15,0.476900
SGDGBP,2024-04-15,0.589860
USDGBP,2024-04-15,0.802450
HKDGBP,2024-04-16,0.102604
NZDGBP,2024-04-16,0.473900
SGDGBP,2024-04-16,0.589370
USDGBP,2024-04-16,0.803380
HKDGBP,2024-04-17,0.102709
NZDGBP,2024-04-17,0.473900
SGDGBP,2024-04-17,0.589440
USDGBP,2024-04-17,0.804440
HKDGBP,2024-04-18,0.102542
NZDGBP,2024-04-18,0.474710
SGDGBP,2024-04-18,0.590220
USDGBP,2024-04-18,0.802970
HKDGBP,2024-04-19,0.102669
NZDGBP,2024-04-19,0.474590
SGDGBP,2024-04-19,0.590310
USDGBP,2024-04-19,0.804010
HKDGBP,2024-04-22,0.103162
NZDGBP,2024-04-22,0.476600
SGDGBP,2024-04-22,0.593500
USDGBP,2024-04-22,0.808030
HKDGBP,2024-04-23,0.103330
NZDGBP,2024-04-23,0.479340
SGDGBP,2024-04-23,0.594450
USDGBP,2024-04-23,0.809700
HKDGBP,2024-04-24,0.102492
NZDGBP,2024-04-24,0.476500
SGDGBP,2024-04-24,0.589980
USDGBP,2024-04-24,0.803000
HKDGBP,2024-04-25,0.102489
NZDGBP,2024-04-25,0.476320
SGDGBP,2024-04-25,0.589370
USDGBP,2024-04-25,0.802600
HKDGBP,2024-04-26,0.102128
NZDGBP,2024-04-26,0.476240
SGDGBP,2024-04-26,0.588180
USDGBP,2024-04-26,0.799420
HKDGBP,2024-04-29,0.102103
NZDGBP,2024-04-29,0.475380
SGDGBP,2024-04-29,0.587120
USDGBP,2024-04-29,0.799330
HKDGBP,2024-04-30,0.101741
NZDGBP,2024-04-30,0.475370
SGDGBP,2024-04-30,0.585370
USDGBP,2024-04-30,0.796190
HKDGBP,2024-05-01,0.102333
NZDGBP,2024-05-01,0.470640
SGDGBP,2024-05-01,0.586390
USDGBP,2024-05-01,0.800630
HKDGBP,2024-05-02,0.101950
NZDGBP,2024-05-02,0.472700
SGDGBP,2024-05-02,0.586360
USDGBP,2024-05-02,0.797490
HKDGBP,2024-05-03,0.102048
NZDGBP,2024-05-03,0.475500
SGDGBP,2024-05-03,0.589000
USDGBP,2024-05-03,0.797410
HKDGBP,2024-05-06,0.102084
NZDGBP,2024-05-06,0.478950
SGDGBP,2024-05-06,0.590220
USDGBP,2024-05-06,0.797380
HKDGBP,2024-05-07,0.101834
NZDGBP,2024-05-07,0.478400
SGDGBP,2024-05-07,0.589020
USDGBP,2024-05-07,0.796190
HKDGBP,2024-05-08,0.102275
NZDGBP,2024-05-08,0.479630
SGDGBP,2024-05-08,0.590390
USDGBP,2024-05-08,0.799910
HKDGBP,2024-05-09,0.102397
NZDGBP,2024-05-09,0.480510
SGDGBP,2024-05-09,0.590470
USDGBP,2024-05-09,0.800430
HKDGBP,2024-05-10,0.102166
NZDGBP,2024-05-10,0.481820
SGDGBP,2024-05-10,0.590320
USDGBP,2024-05-10,0.798360
HKDGBP,2024-05-13,0.102175
NZDGBP,2024-05-13,0.480510
SGDGBP,2024-05-13,0.589410
USDGBP,2024-05-13,0.798540
HKDGBP,2024-05-14,0.101894
NZDGBP,2024-05-14,0.479410
SGDGBP,2024-05-14,0.588330
USDGBP,2024-05-14,0.796060
HKDGBP,2024-05-15,0.101715
NZDGBP,2024-05-15,0.480100
SGDGBP,2024-05-15,0.587620
USDGBP,2024-05-15,0.794580
HKDGBP,2024-05-16,0.100922
NZDGBP,2024-05-16,0.483020
SGDGBP,2024-05-16,0.586450
USDGBP,2024-05-16,0.788020
HKDGBP,2024-05-17,0.101151
NZDGBP,2024-05-17,0.483190
SGDGBP,2024-05-17,0.586310
USDGBP,2024-05-17,0.789141
HKDGBP,2024-05-20,0.100861
NZDGBP,2024-05-20,0.482890
SGDGBP,2024-05-20,0.585140
USDGBP,2024-05-20,0.787000
HKDGBP,2024-05-21,0.100881
NZDGBP,2024-05-21,0.480450
SGDGBP,2024-05-21,0.583870
USDGBP,2024-05-21,0.786730
HKDGBP,2024-05-22,0.100797
NZDGBP,2024-05-22,0.479310
SGDGBP,2024-05-22,0.583877
USDGBP,2024-05-22,0.786700
HKDGBP,2024-05-23,0.100729
NZDGBP,2024-05-23,0.479450
SGDGBP,2024-05-23,0.582030
USDGBP,2024-05-23,0.786100
HKDGBP,2024-05-24,0.100877
NZDGBP,2024-05-24,0.480240
SGDGBP,2024-05-24,0.582700
USDGBP,2024-05-24,0.787770
HKDGBP,2024-05-27,0.100495
NZDGBP,2024-05-27,0.480570
SGDGBP,2024-05-27,0.581540
USDGBP,2024-05-27,0.785170
HKDGBP,2024-05-28,0.100285
NZDGBP,2024-05-28,0.481620
SGDGBP,2024-05-28,0.580500
USDGBP,2024-05-28,0.782940
HKDGBP,2024-05-29,0.100339
NZDGBP,2024-05-29,0.481230
SGDGBP,2024-05-29,0.581060
USDGBP,2024-05-29,0.783800
HKDGBP,2024-05-30,0.100781
NZDGBP,2024-05-30,0.481380
SGDGBP,2024-05-30,0.582420
USDGBP,2024-05-30,0.787526
HKDGBP,2024-05-31,0.100490
NZDGBP,2024-05-31,0.480410
SGDGBP,2024-05-31,0.581780
USDGBP,2024-05-31,0.785520
HKDGBP,2024-06-03,0.100337
NZDGBP,2024-06-03,0.482350
SGDGBP,2024-06-03,0.580880
USDGBP,2024-06-03,0.784700
HKDGBP,2024-06-04,0.099825
NZDGBP,2024-06-04,0.483300
SGDGBP,2024-06-04,0.580190
USDGBP,2024-06-04,0.780630
HKDGBP,2024-06-05,0.100196
NZDGBP,2024-06-05,0.483350
SGDGBP,2024-06-05,0.581340
USDGBP,2024-06-05,0.782900
HKDGBP,2024-06-06,0.100078
NZDGBP,2024-06-06,0.484200
SGDGBP,2024-06-06,0.579861
USDGBP,2024-06-06,0.781570
HKDGBP,2024-06-07,0.100096
NZDGBP,2024-06-07,0.484320
SGDGBP,2024-06-07,0.580936
USDGBP,2024-06-07,0.781660
HKDGBP,2024-06-10,0.100563
NZDGBP,2024-06-10,0.479610
SGDGBP,2024-06-10,0.580780
USDGBP,2024-06-10,0.785580
HKDGBP,2024-06-11,0.100582
NZDGBP,2024-06-11,0.481460
SGDGBP,2024-06-11,0.580840
USDGBP,2024-06-11,0.785770
HKDGBP,2024-06-12,0.100467
NZDGBP,2024-06-12,0.482320
SGDGBP,2024-06-12,0.580070
USDGBP,2024-06-12,0.784900
HKDGBP,2024-06-13,0.100081
NZDGBP,2024-06-13,0.483400
SGDGBP,2024-06-13,0.579700
USDGBP,2024-06-13,0.781480
HKDGBP,2024-06-14,0.100369
NZDGBP,2024-06-14,0.482900
SGDGBP,2024-06-14,0.580190
USDGBP,2024-06-14,0.784000
HKDGBP,2024-06-17,0.100918
NZDGBP,2024-06-17,0.483820
SGDGBP,2024-06-17,0.582470
USDGBP,2024-06-17,0.788450
HKDGBP,2024-06-18,0.100698
NZDGBP,2024-06-18,0.482400
SGDGBP,2024-06-18,0.581980
USDGBP,2024-06-18,0.786411
HKDGBP,2024-06-19,0.100790
NZDGBP,2024-06-19,0.483140
SGDGBP,2024-06-19,0.582370
USDGBP,2024-06-19,0.786940
HKDGBP,2024-06-20,0.100695
NZDGBP,2024-06-20,0.482300
SGDGBP,2024-06-20,0.581960
USDGBP,2024-06-20,0.786040
HKDGBP,2024-06-21,0.101194
NZDGBP,2024-06-21,0.483530
SGDGBP,2024-06-21,0.583200
USDGBP,2024-06-21,0.789860
HKDGBP,2024-06-24,0.101396
NZDGBP,2024-06-24,0.483480
SGDGBP,2024-06-24,0.583680
USDGBP,2024-06-24,0.791200
HKDGBP,2024-06-25,0.100982
NZDGBP,2024-06-25,0.482500
SGDGBP,2024-06-25,0.582770
USDGBP,2024-06-25,0.788430
HKDGBP,2024-06-26,0.100957
NZDGBP,2024-06-26,0.482330
SGDGBP,2024-06-26,0.581900
USDGBP,2024-06-26,0.788395
HKDGBP,2024-06-27,0.101460
NZDGBP,2024-06-27,0.481640
SGDGBP,2024-06-27,0.583000
USDGBP,2024-06-27,0.792280
HKDGBP,2024-06-28,0.101264
NZDGBP,2024-06-28,0.481080
SGDGBP,2024-06-28,0.582260
USDGBP,2024-06-28,0.790780
HKDGBP,2024-07-01,0.101240
NZDGBP,2024-07-01,0.482120
SGDGBP,2024-07-01,0.583320
USDGBP,2024-07-01,0.790600
HKDGBP,2024-07-02,0.101219
NZDGBP,2024-07-02,0.479500
SGDGBP,2024-07-02,0.582340
USDGBP,2024-07-02,0.790780
HKDGBP,2024-07-03,0.100860
NZDGBP,2024-07-03,0.479250
SGDGBP,2024-07-03,0.581140
USDGBP,2024-07-03,0.788000
HKDGBP,2024-07-04,0.100449
NZDGBP,2024-07-04,0.479020
SGDGBP,2024-07-04,0.579630
USDGBP,2024-07-04,0.784450
HKDGBP,2024-07-05,0.100389
NZDGBP,2024-07-05,0.479000
SGDGBP,2024-07-05,0.579970
USDGBP,2024-07-05,0.783960
HKDGBP,2024-07-08,0.099943
NZDGBP,2024-07-08,0.479450
SGDGBP,2024-07-08,0.578890
USDGBP,2024-07-08,0.780853
HKDGBP,2024-07-09,0.099910
NZDGBP,2024-07-09,0.478330
SGDGBP,2024-07-09,0.578155
USDGBP,2024-07-09,0.780300
HKDGBP,2024-07-10,0.100096
NZDGBP,2024-07-10,0.479000
SGDGBP,2024-07-10,0.578880
USDGBP,2024-07-10,0.782000
HKDGBP,2024-07-11,0.099612
NZDGBP,2024-07-11,0.473590
SGDGBP,2024-07-11,0.576840
USDGBP,2024-07-11,0.778050
HKDGBP,2024-07-12,0.099107
NZDGBP,2024-07-12,0.471490
SGDGBP,2024-07-12,0.576490
USDGBP,2024-07-12,0.773770
HKDGBP,2024-07-15,0.098772
NZDGBP,2024-07-15,0.469990
SGDGBP,2024-07-15,0.574160
USDGBP,2024-07-15,0.771200
HKDGBP,2024-07-16,0.098763
NZDGBP,2024-07-16,0.468450
SGDGBP,2024-07-16,0.573830
USDGBP,2024-07-16,0.771010
HKDGBP,2024-07-17,0.098694
NZDGBP,2024-07-17,0.467590
SGDGBP,2024-07-17,0.573270
USDGBP,2024-07-17,0.770553
HKDGBP,2024-07-18,0.098472
NZDGBP,2024-07-18,0.467390
SGDGBP,2024-07-18,0.573760
USDGBP,2024-07-18,0.768790
HKDGBP,2024-07-19,0.098860
NZDGBP,2024-07-19,0.466570
SGDGBP,2024-07-19,0.574590
USDGBP,2024-07-19,0.772100
HKDGBP,2024-07-22,0.099004
NZDGBP,2024-07-22,0.465710
SGDGBP,2024-07-22,0.575200
USDGBP,2024-07-22,0.773210
HKDGBP,2024-07-23,0.099048
NZDGBP,2024-07-23,0.462200
SGDGBP,2024-07-23,0.574480
USDGBP,2024-07-23,0.773250
HKDGBP,2024-07-24,0.099258
NZDGBP,2024-07-24,0.461330
SGDGBP,2024-07-24,0.575880
USDGBP,2024-07-24,0.775100
HKDGBP,2024-07-25,0.099268
NZDGBP,2024-07-25,0.459390
SGDGBP,2024-07-25,0.576860
USDGBP,2024-07-25,0.775200
HKDGBP,2024-07-26,0.099636
NZDGBP,2024-07-26,0.458040
SGDGBP,2024-07-26,0.579030
USDGBP,2024-07-26,0.777800
HKDGBP,2024-07-29,0.099541
NZDGBP,2024-07-29,0.457400
SGDGBP,2024-07-29,0.578600
USDGBP,2024-07-29,0.777100
HKDGBP,2024-07-30,0.099556
NZDGBP,2024-07-30,0.456930
SGDGBP,2024-07-30,0.578920
USDGBP,2024-07-30,0.777580
HKDGBP,2024-07-31,0.099700
NZDGBP,2024-07-31,0.459660
SGDGBP,2024-07-31,0.580430
USDGBP,2024-07-31,0.779000
HKDGBP,2024-08-01,0.099581
NZDGBP,2024-08-01,0.462980
SGDGBP,2024-08-01,0.582180
USDGBP,2024-08-01,0.778020
HKDGBP,2024-08-02,0.100535
NZDGBP,2024-08-02,0.466270
SGDGBP,2024-08-02,0.587660
USDGBP,2024-08-02,0.785610
HKDGBP,2024-08-05,0.100181
NZDGBP,2024-08-05,0.464970
SGDGBP,2024-08-05,0.589800
USDGBP,2024-08-05,0.781990
HKDGBP,2024-08-06,0.100333
NZDGBP,2024-08-06,0.465210
SGDGBP,2024-08-06,0.589970
USDGBP,2024-08-06,0.781940
HKDGBP,2024-08-07,0.101135
NZDGBP,2024-08-07,0.470700
SGDGBP,2024-08-07,0.594650
USDGBP,2024-08-07,0.788350
HKDGBP,2024-08-08,0.101201
NZDGBP,2024-08-08,0.471950
SGDGBP,2024-08-08,0.594450
USDGBP,2024-08-08,0.788620
HKDGBP,2024-08-09,0.100641
NZDGBP,2024-08-09,0.471150
SGDGBP,2024-08-09,0.591490
USDGBP,2024-08-09,0.784470
HKDGBP,2024-08-12,0.100556
NZDGBP,2024-08-12,0.470090
SGDGBP,2024-08-12,0.592150
USDGBP,2024-08-12,0.784290
HKDGBP,2024-08-13,0.100476
NZDGBP,2024-08-13,0.471550
SGDGBP,2024-08-13,0.591420
USDGBP,2024-08-13,0.783010
HKDGBP,2024-08-14,0.099779
NZDGBP,2024-08-14,0.472390
SGDGBP,2024-08-14,0.589990
USDGBP,2024-08-14,0.777200
HKDGBP,2024-08-15,0.100050
NZDGBP,2024-08-15,0.467740
SGDGBP,2024-08-15,0.592030
USDGBP,2024-08-15,0.779500
HKDGBP,2024-08-16,0.099728
NZDGBP,2024-08-16,0.465000
SGDGBP,2024-08-16,0.588040
USDGBP,2024-08-16,0.777640
HKDGBP,2024-08-19,0.099082
NZDGBP,2024-08-19,0.467780
SGDGBP,2024-08-19,0.586950
USDGBP,2024-08-19,0.772370
HKDGBP,2024-08-20,0.098817
NZDGBP,2024-08-20,0.470830
SGDGBP,2024-08-20,0.588460
USDGBP,2024-08-20,0.769800
HKDGBP,2024-08-21,0.098498
NZDGBP,2024-08-21,0.472270
SGDGBP,2024-08-21,0.587980
USDGBP,2024-08-21,0.767140
HKDGBP,2024-08-22,0.097994
NZDGBP,2024-08-22,0.470570
SGDGBP,2024-08-22,0.585030
USDGBP,2024-08-22,0.763740
HKDGBP,2024-08-23,0.097913
NZDGBP,2024-08-23,0.468970
SGDGBP,2024-08-23,0.582700
USDGBP,2024-08-23,0.763490
HKDGBP,2024-08-26,0.097064
NZDGBP,2024-08-26,0.470990
SGDGBP,2024-08-26,0.581610
USDGBP,2024-08-26,0.756850
HKDGBP,2024-08-27,0.097223
NZDGBP,2024-08-27,0.470330
SGDGBP,2024-08-27,0.581380
USDGBP,2024-08-27,0.758050
HKDGBP,2024-08-28,0.096684
NZDGBP,2024-08-28,0.470930
SGDGBP,2024-08-28,0.579580
USDGBP,2024-08-28,0.754290
HKDGBP,2024-08-29,0.097165
NZDGBP,2024-08-29,0.473440
SGDGBP,2024-08-29,0.581400
USDGBP,2024-08-29,0.757940
HKDGBP,2024-08-30,0.097402
NZDGBP,2024-08-30,0.475630
SGDGBP,2024-08-30,0.583020
USDGBP,2024-08-30,0.759520
HKDGBP,2024-09-02,0.097663
NZDGBP,2024-09-02,0.475710
SGDGBP,2024-09-02,0.583080
USDGBP,2024-09-02,0.761700
HKDGBP,2024-09-03,0.097592
NZDGBP,2024-09-03,0.474010
SGDGBP,2024-09-03,0.582130
USDGBP,2024-09-03,0.760920
HKDGBP,2024-09-04,0.097780
NZDGBP,2024-09-04,0.471700
SGDGBP,2024-09-04,0.583430
USDGBP,2024-09-04,0.762540
HKDGBP,2024-09-05,0.097587
NZDGBP,2024-09-05,0.470570
SGDGBP,2024-09-05,0.583610
USDGBP,2024-09-05,0.760760
HKDGBP,2024-09-06,0.097365
NZDGBP,2024-09-06,0.472260
SGDGBP,2024-09-06,0.583780
USDGBP,2024-09-06,0.758870
HKDGBP,2024-09-09,0.097666
NZDGBP,2024-09-09,0.469810
SGDGBP,2024-09-09,0.584170
USDGBP,2024-09-09,0.761420
HKDGBP,2024-09-10,0.098120
NZDGBP,2024-09-10,0.469820
SGDGBP,2024-09-10,0.585780
USDGBP,2024-09-10,0.765030
HKDGBP,2024-09-11,0.098043
NZDGBP,2024-09-11,0.470090
SGDGBP,2024-09-11,0.586150
USDGBP,2024-09-11,0.764510
HKDGBP,2024-09-12,0.098351
NZDGBP,2024-09-12,0.470210
SGDGBP,2024-09-12,0.587820
USDGBP,2024-09-12,0.766900
HKDGBP,2024-09-13,0.097591
NZDGBP,2024-09-13,0.471040
SGDGBP,2024-09-13,0.585390
USDGBP,2024-09-13,0.761480
HKDGBP,2024-09-16,0.097615
NZDGBP,2024-09-16,0.469160
SGDGBP,2024-09-16,0.586670
USDGBP,2024-09-16,0.761151
HKDGBP,2024-09-17,0.097132
NZDGBP,2024-09-17,0.468920
SGDGBP,2024-09-17,0.584150
USDGBP,2024-09-17,0.756960
HKDGBP,2024-09-18,0.097441
NZDGBP,2024-09-18,0.470320
SGDGBP,2024-09-18,0.586000
USDGBP,2024-09-18,0.759450
HKDGBP,2024-09-19,0.097190
NZDGBP,2024-09-19,0.470250
SGDGBP,2024-09-19,0.584410
USDGBP,2024-09-19,0.757510
HKDGBP,2024-09-20,0.096593
NZDGBP,2024-09-20,0.469500
SGDGBP,2024-09-20,0.582480
USDGBP,2024-09-20,0.752910
HKDGBP,2024-09-23,0.096405
NZDGBP,2024-09-23,0.468310
SGDGBP,2024-09-23,0.581870
USDGBP,2024-09-23,0.751090
HKDGBP,2024-09-24,0.096198
NZDGBP,2024-09-24,0.469360
SGDGBP,2024-09-24,0.580210
USDGBP,2024-09-24,0.749070
HKDGBP,2024-09-25,0.095684
NZDGBP,2024-09-25,0.473000
SGDGBP,2024-09-25,0.580700
USDGBP,2024-09-25,0.744750
HKDGBP,2024-09-26,0.096447
NZDGBP,2024-09-26,0.469820
SGDGBP,2024-09-26,0.582200
USDGBP,2024-09-26,0.750988
HKDGBP,2024-09-27,0.095844
NZDGBP,2024-09-27,0.471990
SGDGBP,2024-09-27,0.580720
USDGBP,2024-09-27,0.745500
HKDGBP,2024-09-30,0.096118
NZDGBP,2024-09-30,0.474300
SGDGBP,2024-09-30,0.583540
USDGBP,2024-09-30,0.747200
HKDGBP,2024-10-01,0.096161
NZDGBP,2024-10-01,0.474290
SGDGBP,2024-10-01,0.581700
USDGBP,2024-10-01,0.747600
HKDGBP,2024-10-02,0.096932
NZDGBP,2024-10-02,0.473250
SGDGBP,2024-10-02,0.584730
USDGBP,2024-10-02,0.753350
HKDGBP,2024-10-03,0.097101
NZDGBP,2024-10-03,0.471900
SGDGBP,2024-10-03,0.583380
USDGBP,2024-10-03,0.753800
HKDGBP,2024-10-04,0.098081
NZDGBP,2024-10-04,0.473460
SGDGBP,2024-10-04,0.587360
USDGBP,2024-10-04,0.761600
HKDGBP,2024-10-07,0.098097
NZDGBP,2024-10-07,0.469300
SGDGBP,2024-10-07,0.583910
USDGBP,2024-10-07,0.761890
HKDGBP,2024-10-08,0.098400
NZDGBP,2024-10-08,0.468290
SGDGBP,2024-10-08,0.586060
USDGBP,2024-10-08,0.764250
HKDGBP,2024-10-09,0.098218
NZDGBP,2024-10-09,0.468130
SGDGBP,2024-10-09,0.585440
USDGBP,2024-10-09,0.763660
HKDGBP,2024-10-10,0.098447
NZDGBP,2024-10-10,0.464470
SGDGBP,2024-10-10,0.585280
USDGBP,2024-10-10,0.765210
HKDGBP,2024-10-11,0.098531
NZDGBP,2024-10-11,0.466610
SGDGBP,2024-10-11,0.586170
USDGBP,2024-10-11,0.765570
HKDGBP,2024-10-14,0.098590
NZDGBP,2024-10-14,0.466600
SGDGBP,2024-10-14,0.586070
USDGBP,2024-10-14,0.766340
HKDGBP,2024-10-15,0.098586
NZDGBP,2024-10-15,0.465940
SGDGBP,2024-10-15,0.585060
USDGBP,2024-10-15,0.765260
HKDGBP,2024-10-16,0.098525
NZDGBP,2024-10-16,0.463430
SGDGBP,2024-10-16,0.584340
USDGBP,2024-10-16,0.765350
HKDGBP,2024-10-17,0.099062
NZDGBP,2024-10-17,0.466320
SGDGBP,2024-10-17,0.586070
USDGBP,2024-10-17,0.769810
HKDGBP,2024-10-18,0.098836
NZDGBP,2024-10-18,0.465580
SGDGBP,2024-10-18,0.584550
USDGBP,2024-10-18,0.768300
HKDGBP,2024-10-21,0.098594
NZDGBP,2024-10-21,0.465460
SGDGBP,2024-10-21,0.584768
USDGBP,2024-10-21,0.766130
HKDGBP,2024-10-22,0.099079
NZDGBP,2024-10-22,0.463860
SGDGBP,2024-10-22,0.584920
USDGBP,2024-10-22,0.770240
HKDGBP,2024-10-23,0.099100
NZDGBP,2024-10-23,0.465590
SGDGBP,2024-10-23,0.585150
USDGBP,2024-10-23,0.770250
HKDGBP,2024-10-24,0.099669
NZDGBP,2024-10-24,0.465020
SGDGBP,2024-10-24,0.585250
USDGBP,2024-10-24,0.774370
HKDGBP,2024-10-25,0.099203
NZDGBP,2024-10-25,0.463050
SGDGBP,2024-10-25,0.584470
USDGBP,2024-10-25,0.770810
HKDGBP,2024-10-28,0.099303
NZDGBP,2024-10-28,0.461330
SGDGBP,2024-10-28,0.583100
USDGBP,2024-10-28,0.771710
HKDGBP,2024-10-29,0.099180
NZDGBP,2024-10-29,0.461380
SGDGBP,2024-10-29,0.582790
USDGBP,2024-10-29,0.770730
HKDGBP,2024-10-30,0.098883
NZDGBP,2024-10-30,0.458770
SGDGBP,2024-10-30,0.580530
USDGBP,2024-10-30,0.768400
HKDGBP,2024-10-31,0.099288
NZDGBP,2024-10-31,0.460660
SGDGBP,2024-10-31,0.583590
USDGBP,2024-10-31,0.771630
HKDGBP,2024-11-01,0.099730
NZDGBP,2024-11-01,0.462900
SGDGBP,2024-11-01,0.587480
USDGBP,2024-11-01,0.775330
HKDGBP,2024-11-04,0.099273
NZDGBP,2024-11-04,0.462140
SGDGBP,2024-11-04,0.583910
USDGBP,2024-11-04,0.771998
HKDGBP,2024-11-05,0.099311
NZDGBP,2024-11-05,0.461030
SGDGBP,2024-11-05,0.584870
USDGBP,2024-11-05,0.771930
HKDGBP,2024-11-06,0.098643
NZDGBP,2024-11-06,0.461180
SGDGBP,2024-11-06,0.583570
USDGBP,2024-11-06,0.766660
HKDGBP,2024-11-07,0.099815
NZDGBP,2024-11-07,0.460890
SGDGBP,2024-11-07,0.582160
USDGBP,2024-11-07,0.776200
HKDGBP,2024-11-08,0.099120
NZDGBP,2024-11-08,0.463800
SGDGBP,2024-11-08,0.583190
USDGBP,2024-11-08,0.770280
HKDGBP,2024-11-11,0.099563
NZDGBP,2024-11-11,0.461810
SGDGBP,2024-11-11,0.583050
USDGBP,2024-11-11,0.774170
HKDGBP,2024-11-12,0.099898
NZDGBP,2024-11-12,0.463600
SGDGBP,2024-11-12,0.582710
USDGBP,2024-11-12,0.776700
HKDGBP,2024-11-13,0.100928
NZDGBP,2024-11-13,0.464920
SGDGBP,2024-11-13,0.586300
USDGBP,2024-11-13,0.784980
HKDGBP,2024-11-14,0.101136
NZDGBP,2024-11-14,0.462880
SGDGBP,2024-11-14,0.585970
USDGBP,2024-11-14,0.786980
HKDGBP,2024-11-15,0.101446
NZDGBP,2024-11-15,0.461710
SGDGBP,2024-11-15,0.586340
USDGBP,2024-11-15,0.789400
HKDGBP,2024-11-18,0.101779
NZDGBP,2024-11-18,0.464590
SGDGBP,2024-11-18,0.590310
USDGBP,2024-11-18,0.792540
HKDGBP,2024-11-19,0.101324
NZDGBP,2024-11-19,0.464510
SGDGBP,2024-11-19,0.589220
USDGBP,2024-11-19,0.788690
HKDGBP,2024-11-20,0.101204
NZDGBP,2024-11-20,0.466220
SGDGBP,2024-11-20,0.589240
USDGBP,2024-11-20,0.787740
HKDGBP,2024-11-21,0.101535
NZDGBP,2024-11-21,0.464620
SGDGBP,2024-11-21,0.588510
USDGBP,2024-11-21,0.790180
HKDGBP,2024-11-22,0.102089
NZDGBP,2024-11-22,0.465350
SGDGBP,2024-11-22,0.590030
USDGBP,2024-11-22,0.794610
HKDGBP,2024-11-25,0.102011
NZDGBP,2024-11-25,0.465380
SGDGBP,2024-11-25,0.591090
USDGBP,2024-11-25,0.794040
HKDGBP,2024-11-26,0.102515
NZDGBP,2024-11-26,0.463590
SGDGBP,2024-11-26,0.591360
USDGBP,2024-11-26,0.797890
HKDGBP,2024-11-27,0.102185
NZDGBP,2024-11-27,0.464060
SGDGBP,2024-11-27,0.590810
USDGBP,2024-11-27,0.795300
HKDGBP,2024-11-28,0.101370
NZDGBP,2024-11-28,0.464880
SGDGBP,2024-11-28,0.588190
USDGBP,2024-11-28,0.788790
HKDGBP,2024-11-29,0.101189
NZDGBP,2024-11-29,0.464300
SGDGBP,2024-11-29,0.587130
USDGBP,2024-11-29,0.787600
HKDGBP,2024-12-02,0.101169
NZDGBP,2024-12-02,0.464930
SGDGBP,2024-12-02,0.586800
USDGBP,2024-12-02,0.787300
HKDGBP,2024-12-03,0.101517
NZDGBP,2024-12-03,0.464780
SGDGBP,2024-12-03,0.587330
USDGBP,2024-12-03,0.789980
HKDGBP,2024-12-04,0.101375
NZDGBP,2024-12-04,0.464020
SGDGBP,2024-12-04,0.586610
USDGBP,2024-12-04,0.789000
HKDGBP,2024-12-05,0.101141
NZDGBP,2024-12-05,0.461000
SGDGBP,2024-12-05,0.585890
USDGBP,2024-12-05,0.787330
HKDGBP,2024-12-06,0.100709
NZDGBP,2024-12-06,0.460920
SGDGBP,2024-12-06,0.585450
USDGBP,2024-12-06,0.783740
HKDGBP,2024-12-09,0.100808
NZDGBP,2024-12-09,0.457880
SGDGBP,2024-12-09,0.584760
USDGBP,2024-12-09,0.784357
HKDGBP,2024-12-10,0.100884
NZDGBP,2024-12-10,0.459370
SGDGBP,2024-12-10,0.585120
USDGBP,2024-12-10,0.784370
HKDGBP,2024-12-11,0.100643
NZDGBP,2024-12-11,0.453920
SGDGBP,2024-12-11,0.583330
USDGBP,2024-12-11,0.782470
HKDGBP,2024-12-12,0.100743
NZDGBP,2024-12-12,0.453790
SGDGBP,2024-12-12,0.583220
USDGBP,2024-12-12,0.783310
HKDGBP,2024-12-13,0.101451
NZDGBP,2024-12-13,0.455080
SGDGBP,2024-12-13,0.585660
USDGBP,2024-12-13,0.788810
HKDGBP,2024-12-16,0.101844
NZDGBP,2024-12-16,0.456910
SGDGBP,2024-12-16,0.587350
USDGBP,2024-12-16,0.791930
HKDGBP,2024-12-17,0.101346
NZDGBP,2024-12-17,0.456270
SGDGBP,2024-12-17,0.583950
USDGBP,2024-12-17,0.788000
HKDGBP,2024-12-18,0.101241
NZDGBP,2024-12-18,0.452910
SGDGBP,2024-12-18,0.582820
USDGBP,2024-12-18,0.786730
HKDGBP,2024-12-19,0.102379
NZDGBP,2024-12-19,0.446800
SGDGBP,2024-12-19,0.583670
USDGBP,2024-12-19,0.795690
HKDGBP,2024-12-20,0.102973
NZDGBP,2024-12-20,0.450180
SGDGBP,2024-12-20,0.587470
USDGBP,2024-12-20,0.800130
HKDGBP,2024-12-23,0.102346
NZDGBP,2024-12-23,0.449530
SGDGBP,2024-12-23,0.586890
USDGBP,2024-12-23,0.795550
HKDGBP,2024-12-24,0.102671
NZDGBP,2024-12-24,0.450410
SGDGBP,2024-12-24,0.587780
USDGBP,2024-12-24,0.797800
HKDGBP,2024-12-25,0.102671
NZDGBP,2024-12-25,0.450100
SGDGBP,2024-12-25,0.586373
USDGBP,2024-12-25,0.797700
HKDGBP,2024-12-26,0.102641
NZDGBP,2024-12-26,0.450310
SGDGBP,2024-12-26,0.586530
USDGBP,2024-12-26,0.797210
HKDGBP,2024-12-27,0.102746
NZDGBP,2024-12-27,0.448900
SGDGBP,2024-12-27,0.587320
USDGBP,2024-12-27,0.798100
HKDGBP,2024-12-30,0.102387
NZDGBP,2024-12-30,0.448230
SGDGBP,2024-12-30,0.585391
USDGBP,2024-12-30,0.794988
HKDGBP,2024-12-31,0.102639
NZDGBP,2024-12-31,0.449310
SGDGBP,2024-12-31,0.586130
USDGBP,2024-12-31,0.796870
HKDGBP,2025-01-02,0.102818
NZDGBP,2025-01-02,0.447090
SGDGBP,2025-01-02,0.584920
USDGBP,2025-01-02,0.798770
HKDGBP,2025-01-03,0.103858
NZDGBP,2025-01-03,0.451680
SGDGBP,2025-01-03,0.589750
USDGBP,2025-01-03,0.807740
HKDGBP,2025-01-06,0.103447
NZDGBP,2025-01-06,0.451860
SGDGBP,2025-01-06,0.587010
USDGBP,2025-01-06,0.804710
HKDGBP,2025-01-07,0.102795
NZDGBP,2025-01-07,0.450640
SGDGBP,2025-01-07,0.586060
USDGBP,2025-01-07,0.799300
HKDGBP,2025-01-08,0.103050
NZDGBP,2025-01-08,0.451550
SGDGBP,2025-01-08,0.587220
USDGBP,2025-01-08,0.801420
HKDGBP,2025-01-09,0.103999
NZDGBP,2025-01-09,0.453450
SGDGBP,2025-01-09,0.591350
USDGBP,2025-01-09,0.809070
HKDGBP,2025-01-10,0.104465
NZDGBP,2025-01-10,0.454700
SGDGBP,2025-01-10,0.594080
USDGBP,2025-01-10,0.813050
HKDGBP,2025-01-13,0.105213
NZDGBP,2025-01-13,0.455850
SGDGBP,2025-01-13,0.597440
USDGBP,2025-01-13,0.819340
HKDGBP,2025-01-14,0.104987
NZDGBP,2025-01-14,0.458010
SGDGBP,2025-01-14,0.597400
USDGBP,2025-01-14,0.817440
HKDGBP,2025-01-15,0.105156
NZDGBP,2025-01-15,0.458730
SGDGBP,2025-01-15,0.598957
USDGBP,2025-01-15,0.818770
HKDGBP,2025-01-16,0.104910
NZDGBP,2025-01-16,0.459610
SGDGBP,2025-01-16,0.597750
USDGBP,2025-01-16,0.816770
HKDGBP,2025-01-17,0.104939
NZDGBP,2025-01-17,0.458240
SGDGBP,2025-01-17,0.597860
USDGBP,2025-01-17,0.817200
HKDGBP,2025-01-20,0.105545
NZDGBP,2025-01-20,0.458980
SGDGBP,2025-01-20,0.600780
USDGBP,2025-01-20,0.821625
HKDGBP,2025-01-21,0.104224
NZDGBP,2025-01-21,0.460660
SGDGBP,2025-01-21,0.598460
USDGBP,2025-01-21,0.810940
HKDGBP,2025-01-22,0.104120
NZDGBP,2025-01-22,0.458810
SGDGBP,2025-01-22,0.598350
USDGBP,2025-01-22,0.810675
HKDGBP,2025-01-23,0.104269
NZDGBP,2025-01-23,0.459830
SGDGBP,2025-01-23,0.599150
USDGBP,2025-01-23,0.812070
HKDGBP,2025-01-24,0.103924
NZDGBP,2025-01-24,0.459200
SGDGBP,2025-01-24,0.596920
USDGBP,2025-01-24,0.809460
HKDGBP,2025-01-27,0.103048
NZDGBP,2025-01-27,0.456800
SGDGBP,2025-01-27,0.595210
USDGBP,2025-01-27,0.802610
HKDGBP,2025-01-28,0.103036
NZDGBP,2025-01-28,0.454770
SGDGBP,2025-01-28,0.594820
USDGBP,2025-01-28,0.802530
HKDGBP,2025-01-29,0.103186
NZDGBP,2025-01-29,0.455290
SGDGBP,2025-01-29,0.594810
USDGBP,2025-01-29,0.803750
HKDGBP,2025-01-30,0.103035
NZDGBP,2025-01-30,0.454710
SGDGBP,2025-01-30,0.595080
USDGBP,2025-01-30,0.802871
HKDGBP,2025-01-31,0.103302
NZDGBP,2025-01-31,0.453540
SGDGBP,2025-01-31,0.595350
USDGBP,2025-01-31,0.804900
HKDGBP,2025-02-03,0.104359
NZDGBP,2025-02-03,0.453020
SGDGBP,2025-02-03,0.594540
USDGBP,2025-02-03,0.813540
HKDGBP,2025-02-04,0.103221
NZDGBP,2025-02-04,0.452480
SGDGBP,2025-02-04,0.591380
USDGBP,2025-02-04,0.804390
HKDGBP,2025-02-05,0.102920
NZDGBP,2025-02-05,0.452570
SGDGBP,2025-02-05,0.592470
USDGBP,2025-02-05,0.801400
HKDGBP,2025-02-06,0.102703
NZDGBP,2025-02-06,0.454860
SGDGBP,2025-02-06,0.592970
USDGBP,2025-02-06,0.799740
HKDGBP,2025-02-07,0.103268
NZDGBP,2025-02-07,0.456120
SGDGBP,2025-02-07,0.595510
USDGBP,2025-02-07,0.804020
HKDGBP,2025-02-10,0.103577
NZDGBP,2025-02-10,0.455600
SGDGBP,2025-02-10,0.594610
USDGBP,2025-02-10,0.807000
HKDGBP,2025-02-11,0.103873
NZDGBP,2025-02-11,0.455720
SGDGBP,2025-02-11,0.596550
USDGBP,2025-02-11,0.809020
HKDGBP,2025-02-12,0.103065
NZDGBP,2025-02-12,0.454370
SGDGBP,2025-02-12,0.593640
USDGBP,2025-02-12,0.803110
HKDGBP,2025-02-13,0.103106
NZDGBP,2025-02-13,0.452900
SGDGBP,2025-02-13,0.593650
USDGBP,2025-02-13,0.803170
HKDGBP,2025-02-14,0.102200
NZDGBP,2025-02-14,0.451970
SGDGBP,2025-02-14,0.592290
USDGBP,2025-02-14,0.795960
HKDGBP,2025-02-17,0.102100
NZDGBP,2025-02-17,0.455440
SGDGBP,2025-02-17,0.593160
USDGBP,2025-02-17,0.794650
HKDGBP,2025-02-18,0.101829
NZDGBP,2025-02-18,0.454030
SGDGBP,2025-02-18,0.590620
USDGBP,2025-02-18,0.792300
HKDGBP,2025-02-19,0.101874
NZDGBP,2025-02-19,0.451730
SGDGBP,2025-02-19,0.590170
USDGBP,2025-02-19,0.792030
HKDGBP,2025-02-20,0.102171
NZDGBP,2025-02-20,0.452880
SGDGBP,2025-02-20,0.591750
USDGBP,2025-02-20,0.794650
HKDGBP,2025-02-21,0.101488
NZDGBP,2025-02-21,0.454810
SGDGBP,2025-02-21,0.591776
USDGBP,2025-02-21,0.789241
HKDGBP,2025-02-24,0.101736
NZDGBP,2025-02-24,0.454510
SGDGBP,2025-02-24,0.591790
USDGBP,2025-02-24,0.790520
HKDGBP,2025-02-25,0.101941
NZDGBP,2025-02-25,0.453720
SGDGBP,2025-02-25,0.591710
USDGBP,2025-02-25,0.792530
HKDGBP,2025-02-26,0.101501
NZDGBP,2025-02-26,0.452030
SGDGBP,2025-02-26,0.590720
USDGBP,2025-02-26,0.788990
HKDGBP,2025-02-27,0.101435
NZDGBP,2025-02-27,0.449300
SGDGBP,2025-02-27,0.589430
USDGBP,2025-02-27,0.788500
HKDGBP,2025-02-28,0.102057
NZDGBP,2025-02-28,0.446510
SGDGBP,2025-02-28,0.588580
USDGBP,2025-02-28,0.793720
HKDGBP,2025-03-03,0.102002
NZDGBP,2025-03-03,0.444580
SGDGBP,2025-03-03,0.587900
USDGBP,2025-03-03,0.793400
HKDGBP,2025-03-04,0.101228
NZDGBP,2025-03-04,0.441810
SGDGBP,2025-03-04,0.584720
USDGBP,2025-03-04,0.787310
HKDGBP,2025-03-05,0.100560
NZDGBP,2025-03-05,0.442420
SGDGBP,2025-03-05,0.584130
USDGBP,2025-03-05,0.781600
HKDGBP,2025-03-06,0.099812
NZDGBP,2025-03-06,0.444300
SGDGBP,2025-03-06,0.582740
USDGBP,2025-03-06,0.775680
HKDGBP,2025-03-07,0.099852
NZDGBP,2025-03-07,0.445070
SGDGBP,2025-03-07,0.582210
USDGBP,2025-03-07,0.776078
HKDGBP,2025-03-10,0.099496
NZDGBP,2025-03-10,0.441440
SGDGBP,2025-03-10,0.581500
USDGBP,2025-03-10,0.773250
HKDGBP,2025-03-11,0.099974
NZDGBP,2025-03-11,0.442190
SGDGBP,2025-03-11,0.582530
USDGBP,2025-03-11,0.776670
HKDGBP,2025-03-12,0.099413
NZDGBP,2025-03-12,0.441130
SGDGBP,2025-03-12,0.580340
USDGBP,2025-03-12,0.772510
HKDGBP,2025-03-13,0.099281
NZDGBP,2025-03-13,0.442410
SGDGBP,2025-03-13,0.578878
USDGBP,2025-03-13,0.771350
HKDGBP,2025-03-14,0.099297
NZDGBP,2025-03-14,0.440000
SGDGBP,2025-03-14,0.577690
USDGBP,2025-03-14,0.771700
HKDGBP,2025-03-17,0.099490
NZDGBP,2025-03-17,0.444740
SGDGBP,2025-03-17,0.579870
USDGBP,2025-03-17,0.773360
HKDGBP,2025-03-18,0.099113
NZDGBP,2025-03-18,0.448430
SGDGBP,2025-03-18,0.578880
USDGBP,2025-03-18,0.770100
HKDGBP,2025-03-19,0.098998
NZDGBP,2025-03-19,0.447440
SGDGBP,2025-03-19,0.577900
USDGBP,2025-03-19,0.769200
HKDGBP,2025-03-20,0.098913
NZDGBP,2025-03-20,0.447320
SGDGBP,2025-03-20,0.578080
USDGBP,2025-03-20,0.768600
HKDGBP,2025-03-21,0.099211
NZDGBP,2025-03-21,0.444190
SGDGBP,2025-03-21,0.577750
USDGBP,2025-03-21,0.771130
HKDGBP,2025-03-24,0.099532
NZDGBP,2025-03-24,0.444400
SGDGBP,2025-03-24,0.579530
USDGBP,2025-03-24,0.773720
HKDGBP,2025-03-25,0.099526
NZDGBP,2025-03-25,0.442970
SGDGBP,2025-03-25,0.577830
USDGBP,2025-03-25,0.773740
HKDGBP,2025-03-26,0.099350
NZDGBP,2025-03-26,0.442740
SGDGBP,2025-03-26,0.578100
USDGBP,2025-03-26,0.772600
HKDGBP,2025-03-27,0.099864
NZDGBP,2025-03-27,0.443970
SGDGBP,2025-03-27,0.578910
USDGBP,2025-03-27,0.776540
HKDGBP,2025-03-28,0.099284
NZDGBP,2025-03-28,0.442770
SGDGBP,2025-03-28,0.576400
USDGBP,2025-03-28,0.772080
HKDGBP,2025-03-31,0.099358
NZDGBP,2025-03-31,0.440800
SGDGBP,2025-03-31,0.575550
USDGBP,2025-03-31,0.772900
HKDGBP,2025-04-01,0.099478
NZDGBP,2025-04-01,0.438500
SGDGBP,2025-04-01,0.576120
USDGBP,2025-04-01,0.773940
HKDGBP,2025-04-02,0.099442
NZDGBP,2025-04-02,0.442020
SGDGBP,2025-04-02,0.575730
USDGBP,2025-04-02,0.773810
HKDGBP,2025-04-03,0.098471
NZDGBP,2025-04-03,0.438890
SGDGBP,2025-04-03,0.569450
USDGBP,2025-04-03,0.766500
HKDGBP,2025-04-04,0.098226
NZDGBP,2025-04-04,0.441900
SGDGBP,2025-04-04,0.572120
USDGBP,2025-04-04,0.764020
HKDGBP,2025-04-07,0.099651
NZDGBP,2025-04-07,0.429100
SGDGBP,2025-04-07,0.575140
USDGBP,2025-04-07,0.774550
HKDGBP,2025-04-08,0.101086
NZDGBP,2025-04-08,0.434710
SGDGBP,2025-04-08,0.580770
USDGBP,2025-04-08,0.785240
HKDGBP,2025-04-09,0.100625
NZDGBP,2025-04-09,0.431350
SGDGBP,2025-04-09,0.578140
USDGBP,2025-04-09,0.781800
HKDGBP,2025-04-10,0.100459
NZDGBP,2025-04-10,0.439400
SGDGBP,2025-04-10,0.580800
USDGBP,2025-04-10,0.779700
HKDGBP,2025-04-11,0.099206
NZDGBP,2025-04-11,0.442270
SGDGBP,2025-04-11,0.579190
USDGBP,2025-04-11,0.769700
HKDGBP,2025-04-14,0.098538
NZDGBP,2025-04-14,0.445880
SGDGBP,2025-04-14,0.578720
USDGBP,2025-04-14,0.764220
HKDGBP,2025-04-15,0.097867
NZDGBP,2025-04-15,0.445230
SGDGBP,2025-04-15,0.576720
USDGBP,2025-04-15,0.759040
HKDGBP,2025-04-16,0.097426
NZDGBP,2025-04-16,0.445450
SGDGBP,2025-04-16,0.573210
USDGBP,2025-04-16,0.755800
HKDGBP,2025-04-17,0.097344
NZDGBP,2025-04-17,0.448370
SGDGBP,2025-04-17,0.576390
USDGBP,2025-04-17,0.755630
HKDGBP,2025-04-22,0.096336
NZDGBP,2025-04-22,0.448380
SGDGBP,2025-04-22,0.572721
USDGBP,2025-04-22,0.747400
HKDGBP,2025-04-23,0.097106
NZDGBP,2025-04-23,0.448940
SGDGBP,2025-04-23,0.573320
USDGBP,2025-04-23,0.753400
HKDGBP,2025-04-24,0.097153
NZDGBP,2025-04-24,0.448640
SGDGBP,2025-04-24,0.572760
USDGBP,2025-04-24,0.753890
HKDGBP,2025-04-25,0.096716
NZDGBP,2025-04-25,0.449220
SGDGBP,2025-04-25,0.571760
USDGBP,2025-04-25,0.750400
HKDGBP,2025-04-28,0.096999
NZDGBP,2025-04-28,0.447530
SGDGBP,2025-04-28,0.571870
USDGBP,2025-04-28,0.752440
HKDGBP,2025-04-29,0.095952
NZDGBP,2025-04-29,0.444350
SGDGBP,2025-04-29,0.568390
USDGBP,2025-04-29,0.744260
HKDGBP,2025-04-30,0.096107
NZDGBP,2025-04-30,0.442560
SGDGBP,2025-04-30,0.569900
USDGBP,2025-04-30,0.745668
HKDGBP,2025-05-01,0.096773
NZDGBP,2025-05-01,0.445560
SGDGBP,2025-05-01,0.574760
USDGBP,2025-05-01,0.750530
HKDGBP,2025-05-02,0.097029
NZDGBP,2025-05-02,0.444950
SGDGBP,2025-05-02,0.574140
USDGBP,2025-05-02,0.752650
HKDGBP,2025-05-05,0.097216
NZDGBP,2025-05-05,0.448340
SGDGBP,2025-05-05,0.580890
USDGBP,2025-05-05,0.753470
HKDGBP,2025-05-06,0.097065
NZDGBP,2025-05-06,0.448360
SGDGBP,2025-05-06,0.583010
USDGBP,2025-05-06,0.752300
HKDGBP,2025-05-07,0.096586
NZDGBP,2025-05-07,0.450210
SGDGBP,2025-05-07,0.580920
USDGBP,2025-05-07,0.748730
HKDGBP,2025-05-08,0.096959
NZDGBP,2025-05-08,0.446740
SGDGBP,2025-05-08,0.581110
USDGBP,2025-05-08,0.752210
HKDGBP,2025-05-09,0.097174
NZDGBP,2025-05-09,0.445600
SGDGBP,2025-05-09,0.580900
USDGBP,2025-05-09,0.755550
HKDGBP,2025-05-12,0.096751
NZDGBP,2025-05-12,0.445300
SGDGBP,2025-05-12,0.579791
USDGBP,2025-05-12,0.752500
HKDGBP,2025-05-13,0.097393
NZDGBP,2025-05-13,0.444660
SGDGBP,2025-05-13,0.581150
USDGBP,2025-05-13,0.758850
HKDGBP,2025-05-14,0.096396
NZDGBP,2025-05-14,0.446030
SGDGBP,2025-05-14,0.577520
USDGBP,2025-05-14,0.751630
HKDGBP,2025-05-15,0.096610
NZDGBP,2025-05-15,0.444420
SGDGBP,2025-05-15,0.579350
USDGBP,2025-05-15,0.753950
HKDGBP,2025-05-16,0.096287
NZDGBP,2025-05-16,0.441320
SGDGBP,2025-05-16,0.579530
USDGBP,2025-05-16,0.751490
HKDGBP,2025-05-19,0.096177
NZDGBP,2025-05-19,0.442320
SGDGBP,2025-05-19,0.578840
USDGBP,2025-05-19,0.751569
HKDGBP,2025-05-20,0.095695
NZDGBP,2025-05-20,0.443700
SGDGBP,2025-05-20,0.577908
USDGBP,2025-05-20,0.748500
HKDGBP,2025-05-21,0.095345
NZDGBP,2025-05-21,0.442290
SGDGBP,2025-05-21,0.576490
USDGBP,2025-05-21,0.746390
HKDGBP,2025-05-22,0.095185
NZDGBP,2025-05-22,0.442040
SGDGBP,2025-05-22,0.577840
USDGBP,2025-05-22,0.745210
HKDGBP,2025-05-23,0.095186
NZDGBP,2025-05-23,0.439350
SGDGBP,2025-05-23,0.576600
USDGBP,2025-05-23,0.745200
HKDGBP,2025-05-26,0.094335
NZDGBP,2025-05-26,0.442530
SGDGBP,2025-05-26,0.574970
USDGBP,2025-05-26,0.738780
HKDGBP,2025-05-27,0.094064
NZDGBP,2025-05-27,0.441790
SGDGBP,2025-05-27,0.574100
USDGBP,2025-05-27,0.737180
HKDGBP,2025-05-28,0.094408
NZDGBP,2025-05-28,0.440040
SGDGBP,2025-05-28,0.574360
USDGBP,2025-05-28,0.740010
HKDGBP,2025-05-29,0.095027
NZDGBP,2025-05-29,0.443520
SGDGBP,2025-05-29,0.575400
USDGBP,2025-05-29,0.744520
HKDGBP,2025-05-30,0.094457
NZDGBP,2025-05-30,0.442700
SGDGBP,2025-05-30,0.575780
USDGBP,2025-05-30,0.740796
HKDGBP,2025-06-02,0.094683
NZDGBP,2025-06-02,0.443400
SGDGBP,2025-06-02,0.575490
USDGBP,2025-06-02,0.742540
HKDGBP,2025-06-03,0.094032
NZDGBP,2025-06-03,0.445990
SGDGBP,2025-06-03,0.574030
USDGBP,2025-06-03,0.737640
HKDGBP,2025-06-04,0.094196
NZDGBP,2025-06-04,0.443740
SGDGBP,2025-06-04,0.573250
USDGBP,2025-06-04,0.739020
HKDGBP,2025-06-05,0.094064
NZDGBP,2025-06-05,0.444620
SGDGBP,2025-06-05,0.573740
USDGBP,2025-06-05,0.737890
HKDGBP,2025-06-06,0.093838
NZDGBP,2025-06-06,0.444770
SGDGBP,2025-06-06,0.572390
USDGBP,2025-06-06,0.736400
HKDGBP,2025-06-09,0.094130
NZDGBP,2025-06-09,0.444850
SGDGBP,2025-06-09,0.573250
USDGBP,2025-06-09,0.738650
HKDGBP,2025-06-10,0.093992
NZDGBP,2025-06-10,0.446210
SGDGBP,2025-06-10,0.573700
USDGBP,2025-06-10,0.737640
HKDGBP,2025-06-11,0.094321
NZDGBP,2025-06-11,0.448420
SGDGBP,2025-06-11,0.575550
USDGBP,2025-06-11,0.740290
HKDGBP,2025-06-12,0.093908
NZDGBP,2025-06-12,0.444820
SGDGBP,2025-06-12,0.574050
USDGBP,2025-06-12,0.737060
HKDGBP,2025-06-13,0.093496
NZDGBP,2025-06-13,0.444800
SGDGBP,2025-06-13,0.574070
USDGBP,2025-06-13,0.733800
HKDGBP,2025-06-16,0.093807
NZDGBP,2025-06-16,0.443400
SGDGBP,2025-06-16,0.574449
USDGBP,2025-06-16,0.737626
HKDGBP,2025-06-17,0.093907
NZDGBP,2025-06-17,0.445800
SGDGBP,2025-06-17,0.575320
USDGBP,2025-06-17,0.737160
HKDGBP,2025-06-18,0.094855
NZDGBP,2025-06-18,0.448030
SGDGBP,2025-06-18,0.578820
USDGBP,2025-06-18,0.744600
HKDGBP,2025-06-19,0.094951
NZDGBP,2025-06-19,0.449280
SGDGBP,2025-06-19,0.579880
USDGBP,2025-06-19,0.745350
HKDGBP,2025-06-20,0.094526
NZDGBP,2025-06-20,0.445140
SGDGBP,2025-06-20,0.577160
USDGBP,2025-06-20,0.742020
HKDGBP,2025-06-23,0.094813
NZDGBP,2025-06-23,0.443620
SGDGBP,2025-06-23,0.577850
USDGBP,2025-06-23,0.744270
HKDGBP,2025-06-24,0.094046
NZDGBP,2025-06-24,0.442490
SGDGBP,2025-06-24,0.575440
USDGBP,2025-06-24,0.738260
HKDGBP,2025-06-25,0.093564
NZDGBP,2025-06-25,0.441400
SGDGBP,2025-06-25,0.573700
USDGBP,2025-06-25,0.734490
HKDGBP,2025-06-26,0.093051
NZDGBP,2025-06-26,0.442170
SGDGBP,2025-06-26,0.571970
USDGBP,2025-06-26,0.730360
HKDGBP,2025-06-27,0.092824
NZDGBP,2025-06-27,0.441330
SGDGBP,2025-06-27,0.571240
USDGBP,2025-06-27,0.728610
HKDGBP,2025-06-30,0.092854
NZDGBP,2025-06-30,0.441870
SGDGBP,2025-06-30,0.571220
USDGBP,2025-06-30,0.728880
HKDGBP,2025-07-01,0.092772
NZDGBP,2025-07-01,0.443560
SGDGBP,2025-07-01,0.573030
USDGBP,2025-07-01,0.728300
HKDGBP,2025-07-02,0.092685
NZDGBP,2025-07-02,0.443640
SGDGBP,2025-07-02,0.571590
USDGBP,2025-07-02,0.727420
HKDGBP,2025-07-03,0.093325
NZDGBP,2025-07-03,0.445980
SGDGBP,2025-07-03,0.575530
USDGBP,2025-07-03,0.732600
HKDGBP,2025-07-04,0.093220
NZDGBP,2025-07-04,0.444720
SGDGBP,2025-07-04,0.574270
USDGBP,2025-07-04,0.731620
HKDGBP,2025-07-07,0.093316
NZDGBP,2025-07-07,0.443140
SGDGBP,2025-07-07,0.574830
USDGBP,2025-07-07,0.732520
HKDGBP,2025-07-08,0.093506
NZDGBP,2025-07-08,0.440860
SGDGBP,2025-07-08,0.573890
USDGBP,2025-07-08,0.734020
HKDGBP,2025-07-09,0.093769
NZDGBP,2025-07-09,0.441050
SGDGBP,2025-07-09,0.574980
USDGBP,2025-07-09,0.736090
HKDGBP,2025-07-10,0.093717
NZDGBP,2025-07-10,0.441160
SGDGBP,2025-07-10,0.574830
USDGBP,2025-07-10,0.735670
HKDGBP,2025-07-11,0.093811
NZDGBP,2025-07-11,0.444780
SGDGBP,2025-07-11,0.575510
USDGBP,2025-07-11,0.736400
HKDGBP,2025-07-14,0.094406
NZDGBP,2025-07-14,0.444900
SGDGBP,2025-07-14,0.578720
USDGBP,2025-07-14,0.741080
HKDGBP,2025-07-15,0.094867
NZDGBP,2025-07-15,0.444600
SGDGBP,2025-07-15,0.580640
USDGBP,2025-07-15,0.744710
HKDGBP,2025-07-16,0.095115
NZDGBP,2025-07-16,0.444440
SGDGBP,2025-07-16,0.581170
USDGBP,2025-07-16,0.746640
HKDGBP,2025-07-17,0.094988
NZDGBP,2025-07-17,0.443230
SGDGBP,2025-07-17,0.580980
USDGBP,2025-07-17,0.745651
HKDGBP,2025-07-18,0.094849
NZDGBP,2025-07-18,0.442400
SGDGBP,2025-07-18,0.579140
USDGBP,2025-07-18,0.744460
HKDGBP,2025-07-21,0.094971
NZDGBP,2025-07-21,0.443580
SGDGBP,2025-07-21,0.580110
USDGBP,2025-07-21,0.745380
HKDGBP,2025-07-22,0.094439
NZDGBP,2025-07-22,0.442410
SGDGBP,2025-07-22,0.578850
USDGBP,2025-07-22,0.741320
HKDGBP,2025-07-23,0.094211
NZDGBP,2025-07-23,0.443620
SGDGBP,2025-07-23,0.578350
USDGBP,2025-07-23,0.739560
HKDGBP,2025-07-24,0.093809
NZDGBP,2025-07-24,0.445230
SGDGBP,2025-07-24,0.576870
USDGBP,2025-07-24,0.736400
HKDGBP,2025-07-25,0.094294
NZDGBP,2025-07-25,0.446740
SGDGBP,2025-07-25,0.579320
USDGBP,2025-07-25,0.740190
HKDGBP,2025-07-28,0.094796
NZDGBP,2025-07-28,0.447770
SGDGBP,2025-07-28,0.580830
USDGBP,2025-07-28,0.744000
HKDGBP,2025-07-29,0.095354
NZDGBP,2025-07-29,0.446860
SGDGBP,2025-07-29,0.581800
USDGBP,2025-07-29,0.748490
HKDGBP,2025-07-30,0.095397
NZDGBP,2025-07-30,0.445700
SGDGBP,2025-07-30,0.581320
USDGBP,2025-07-30,0.748860
HKDGBP,2025-07-31,0.096092
NZDGBP,2025-07-31,0.445480
SGDGBP,2025-07-31,0.582070
USDGBP,2025-07-31,0.754280
HKDGBP,2025-08-01,0.096436
NZDGBP,2025-08-01,0.445650
SGDGBP,2025-08-01,0.583270
USDGBP,2025-08-01,0.757010
HKDGBP,2025-08-04,0.095857
NZDGBP,2025-08-04,0.444870
SGDGBP,2025-08-04,0.583930
USDGBP,2025-08-04,0.752450
HKDGBP,2025-08-05,0.095801
NZDGBP,2025-08-05,0.444840
SGDGBP,2025-08-05,0.584350
USDGBP,2025-08-05,0.752020
HKDGBP,2025-08-06,0.095787
NZDGBP,2025-08-06,0.444200
SGDGBP,2025-08-06,0.584040
USDGBP,2025-08-06,0.751910
HKDGBP,2025-08-07,0.095371
NZDGBP,2025-08-07,0.443690
SGDGBP,2025-08-07,0.582450
USDGBP,2025-08-07,0.748620
HKDGBP,2025-08-08,0.094704
NZDGBP,2025-08-08,0.443670
SGDGBP,2025-08-08,0.579570
USDGBP,2025-08-08,0.743410
HKDGBP,2025-08-11,0.094753
NZDGBP,2025-08-11,0.442380
SGDGBP,2025-08-11,0.578740
USDGBP,2025-08-11,0.743800
HKDGBP,2025-08-12,0.094818
NZDGBP,2025-08-12,0.442000
SGDGBP,2025-08-12,0.578430
USDGBP,2025-08-12,0.744310
HKDGBP,2025-08-13,0.094348
NZDGBP,2025-08-13,0.440900
SGDGBP,2025-08-13,0.577160
USDGBP,2025-08-13,0.740510
HKDGBP,2025-08-14,0.093778
NZDGBP,2025-08-14,0.440130
SGDGBP,2025-08-14,0.575160
USDGBP,2025-08-14,0.736090
HKDGBP,2025-08-15,0.094330
NZDGBP,2025-08-15,0.437480
SGDGBP,2025-08-15,0.575380
USDGBP,2025-08-15,0.739060
HKDGBP,2025-08-18,0.094260
NZDGBP,2025-08-18,0.437210
SGDGBP,2025-08-18,0.574990
USDGBP,2025-08-18,0.737660
HKDGBP,2025-08-19,0.094657
NZDGBP,2025-08-19,0.438400
SGDGBP,2025-08-19,0.576280
USDGBP,2025-08-19,0.740290
HKDGBP,2025-08-20,0.095063
NZDGBP,2025-08-20,0.437100
SGDGBP,2025-08-20,0.576840
USDGBP,2025-08-20,0.741466
HKDGBP,2025-08-21,0.095053
NZDGBP,2025-08-21,0.432670
SGDGBP,2025-08-21,0.577740
USDGBP,2025-08-21,0.742590
HKDGBP,2025-08-22,0.095363
NZDGBP,2025-08-22,0.433750
SGDGBP,2025-08-22,0.578240
USDGBP,2025-08-22,0.745190
HKDGBP,2025-08-25,0.094692
NZDGBP,2025-08-25,0.433980
SGDGBP,2025-08-25,0.577110
USDGBP,2025-08-25,0.740130
HKDGBP,2025-08-26,0.095131
NZDGBP,2025-08-26,0.434640
SGDGBP,2025-08-26,0.577940
USDGBP,2025-08-26,0.743300
HKDGBP,2025-08-27,0.095186
NZDGBP,2025-08-27,0.434520
SGDGBP,2025-08-27,0.577120
USDGBP,2025-08-27,0.741910
HKDGBP,2025-08-28,0.095121
NZDGBP,2025-08-28,0.433900
SGDGBP,2025-08-28,0.576160
USDGBP,2025-08-28,0.740530
HKDGBP,2025-08-29,0.094952
NZDGBP,2025-08-29,0.435300
SGDGBP,2025-08-29,0.577120
USDGBP,2025-08-29,0.740130
HKDGBP,2025-09-01,0.094988
NZDGBP,2025-09-01,0.436560
SGDGBP,2025-09-01,0.576850
USDGBP,2025-09-01,0.740530
HKDGBP,2025-09-02,0.094663
NZDGBP,2025-09-02,0.435830
SGDGBP,2025-09-02,0.574960
USDGBP,2025-09-02,0.738120
HKDGBP,2025-09-03,0.095695
NZDGBP,2025-09-03,0.437850
SGDGBP,2025-09-03,0.579590
USDGBP,2025-09-03,0.747190
HKDGBP,2025-09-04,0.095367
NZDGBP,2025-09-04,0.437410
SGDGBP,2025-09-04,0.577570
USDGBP,2025-09-04,0.743960
HKDGBP,2025-09-05,0.095344
NZDGBP,2025-09-05,0.435080
SGDGBP,2025-09-05,0.577000
USDGBP,2025-09-05,0.743800
HKDGBP,2025-09-08,0.095029
NZDGBP,2025-09-08,0.436330
SGDGBP,2025-09-08,0.576420
USDGBP,2025-09-08,0.741130
HKDGBP,2025-09-09,0.094671
NZDGBP,2025-09-09,0.438530
SGDGBP,2025-09-09,0.575220
USDGBP,2025-09-09,0.737840
HKDGBP,2025-09-10,0.094956
NZDGBP,2025-09-10,0.438180
SGDGBP,2025-09-10,0.576330
USDGBP,2025-09-10,0.739585
HKDGBP,2025-09-11,0.094845
NZDGBP,2025-09-11,0.439030
SGDGBP,2025-09-11,0.576240
USDGBP,2025-09-11,0.738840
HKDGBP,2025-09-12,0.094562
NZDGBP,2025-09-12,0.440210
SGDGBP,2025-09-12,0.574640
USDGBP,2025-09-12,0.736560
HKDGBP,2025-09-15,0.094824
NZDGBP,2025-09-15,0.439130
SGDGBP,2025-09-15,0.575140
USDGBP,2025-09-15,0.737820
HKDGBP,2025-09-16,0.094482
NZDGBP,2025-09-16,0.438680
SGDGBP,2025-09-16,0.574120
USDGBP,2025-09-16,0.735150
HKDGBP,2025-09-17,0.094125
NZDGBP,2025-09-17,0.438570
SGDGBP,2025-09-17,0.574130
USDGBP,2025-09-17,0.732390
HKDGBP,2025-09-18,0.094331
NZDGBP,2025-09-18,0.435260
SGDGBP,2025-09-18,0.574230
USDGBP,2025-09-18,0.733690
HKDGBP,2025-09-19,0.094845
NZDGBP,2025-09-19,0.434460
SGDGBP,2025-09-19,0.575480
USDGBP,2025-09-19,0.737680
HKDGBP,2025-09-22,0.095520
NZDGBP,2025-09-22,0.434440
SGDGBP,2025-09-22,0.577700
USDGBP,2025-09-22,0.742680
HKDGBP,2025-09-23,0.095227
NZDGBP,2025-09-23,0.434150
SGDGBP,2025-09-23,0.577170
USDGBP,2025-09-23,0.739920
HKDGBP,2025-09-24,0.095097
NZDGBP,2025-09-24,0.432900
SGDGBP,2025-09-24,0.576150
USDGBP,2025-09-24,0.739400
HKDGBP,2025-09-25,0.095564
NZDGBP,2025-09-25,0.432290
SGDGBP,2025-09-25,0.576934
USDGBP,2025-09-25,0.743362
HKDGBP,2025-09-26,0.096342
NZDGBP,2025-09-26,0.432010
SGDGBP,2025-09-26,0.579230
USDGBP,2025-09-26,0.749820
HKDGBP,2025-09-29,0.095850
NZDGBP,2025-09-29,0.430820
SGDGBP,2025-09-29,0.577310
USDGBP,2025-09-29,0.745810
HKDGBP,2025-09-30,0.095624
NZDGBP,2025-09-30,0.430160
SGDGBP,2025-09-30,0.577010
USDGBP,2025-09-30,0.744200
HKDGBP,2025-10-01,0.095578
NZDGBP,2025-10-01,0.430900
SGDGBP,2025-10-01,0.576470
USDGBP,2025-10-01,0.743860
HKDGBP,2025-10-02,0.095335
NZDGBP,2025-10-02,0.431750
SGDGBP,2025-10-02,0.576040
USDGBP,2025-10-02,0.741830
HKDGBP,2025-10-03,0.095545
NZDGBP,2025-10-03,0.432660
SGDGBP,2025-10-03,0.577070
USDGBP,2025-10-03,0.743680
HKDGBP,2025-10-06,0.095661
NZDGBP,2025-10-06,0.433460
SGDGBP,2025-10-06,0.576220
USDGBP,2025-10-06,0.744390
HKDGBP,2025-10-07,0.095279
NZDGBP,2025-10-07,0.433000
SGDGBP,2025-10-07,0.574290
USDGBP,2025-10-07,0.741570
HKDGBP,2025-10-08,0.095727
NZDGBP,2025-10-08,0.431860
SGDGBP,2025-10-08,0.575950
USDGBP,2025-10-08,0.745100
HKDGBP,2025-10-09,0.095890
NZDGBP,2025-10-09,0.431430
SGDGBP,2025-10-09,0.575910
USDGBP,2025-10-09,0.746190
HKDGBP,2025-10-10,0.096576
NZDGBP,2025-10-10,0.432260
SGDGBP,2025-10-10,0.578470
USDGBP,2025-10-10,0.751600
HKDGBP,2025-10-13,0.096352
NZDGBP,2025-10-13,0.429300
SGDGBP,2025-10-13,0.577800
USDGBP,2025-10-13,0.749840
HKDGBP,2025-10-14,0.096409
NZDGBP,2025-10-14,0.428690
SGDGBP,2025-10-14,0.577200
USDGBP,2025-10-14,0.750040
HKDGBP,2025-10-15,0.096560
NZDGBP,2025-10-15,0.428750
SGDGBP,2025-10-15,0.578100
USDGBP,2025-10-15,0.750660
HKDGBP,2025-10-16,0.095948
NZDGBP,2025-10-16,0.426300
SGDGBP,2025-10-16,0.575790
USDGBP,2025-10-16,0.746020
HKDGBP,2025-10-17,0.095701
NZDGBP,2025-10-17,0.425810
SGDGBP,2025-10-17,0.575210
USDGBP,2025-10-17,0.743740
HKDGBP,2025-10-20,0.095885
NZDGBP,2025-10-20,0.426800
SGDGBP,2025-10-20,0.574890
USDGBP,2025-10-20,0.744830
HKDGBP,2025-10-21,0.096026
NZDGBP,2025-10-21,0.428400
SGDGBP,2025-10-21,0.576590
USDGBP,2025-10-21,0.745980
HKDGBP,2025-10-22,0.096272
NZDGBP,2025-10-22,0.429540
SGDGBP,2025-10-22,0.576170
USDGBP,2025-10-22,0.748210
HKDGBP,2025-10-23,0.096373
NZDGBP,2025-10-23,0.429540
SGDGBP,2025-10-23,0.577020
USDGBP,2025-10-23,0.748960
HKDGBP,2025-10-24,0.096544
NZDGBP,2025-10-24,0.431710
SGDGBP,2025-10-24,0.577710
USDGBP,2025-10-24,0.750330
HKDGBP,2025-10-27,0.096606
NZDGBP,2025-10-27,0.432250
SGDGBP,2025-10-27,0.578180
USDGBP,2025-10-27,0.750616
HKDGBP,2025-10-28,0.096491
NZDGBP,2025-10-28,0.432780
SGDGBP,2025-10-28,0.578240
USDGBP,2025-10-28,0.749569
HKDGBP,2025-10-29,0.096936
NZDGBP,2025-10-29,0.435410
SGDGBP,2025-10-29,0.582220
USDGBP,2025-10-29,0.753050
HKDGBP,2025-10-30,0.097523
NZDGBP,2025-10-30,0.436710
SGDGBP,2025-10-30,0.584140
USDGBP,2025-10-30,0.757840
HKDGBP,2025-10-31,0.097808
NZDGBP,2025-10-31,0.436300
SGDGBP,2025-10-31,0.584610
USDGBP,2025-10-31,0.759930
HKDGBP,2025-11-03,0.097968
NZDGBP,2025-11-03,0.435570
SGDGBP,2025-11-03,0.584770
USDGBP,2025-11-03,0.761340
HKDGBP,2025-11-04,0.097951
NZDGBP,2025-11-04,0.434350
SGDGBP,2025-11-04,0.583340
USDGBP,2025-11-04,0.761310
HKDGBP,2025-11-05,0.098776
NZDGBP,2025-11-05,0.433220
SGDGBP,2025-11-05,0.587230
USDGBP,2025-11-05,0.767949
HKDGBP,2025-11-06,0.098537
NZDGBP,2025-11-06,0.434050
SGDGBP,2025-11-06,0.586330
USDGBP,2025-11-06,0.766131
HKDGBP,2025-11-07,0.097862
NZDGBP,2025-11-07,0.428990
SGDGBP,2025-11-07,0.583450
USDGBP,2025-11-07,0.760980
HKDGBP,2025-11-10,0.097834
NZDGBP,2025-11-10,0.428040
SGDGBP,2025-11-10,0.584040
USDGBP,2025-11-10,0.760880
HKDGBP,2025-11-11,0.097647
NZDGBP,2025-11-11,0.428310
SGDGBP,2025-11-11,0.582730
USDGBP,2025-11-11,0.759130
HKDGBP,2025-11-12,0.097821
NZDGBP,2025-11-12,0.429990
SGDGBP,2025-11-12,0.584330
USDGBP,2025-11-12,0.760290
HKDGBP,2025-11-13,0.098019
NZDGBP,2025-11-13,0.431190
SGDGBP,2025-11-13,0.585080
USDGBP,2025-11-13,0.761740
HKDGBP,2025-11-14,0.097843
NZDGBP,2025-11-14,0.429540
SGDGBP,2025-11-14,0.584270
USDGBP,2025-11-14,0.760330
HKDGBP,2025-11-17,0.097766
NZDGBP,2025-11-17,0.431200
SGDGBP,2025-11-17,0.584900
USDGBP,2025-11-17,0.759870
HKDGBP,2025-11-18,0.097768
NZDGBP,2025-11-18,0.429700
SGDGBP,2025-11-18,0.583300
USDGBP,2025-11-18,0.760100
HKDGBP,2025-11-19,0.097707
NZDGBP,2025-11-19,0.430290
SGDGBP,2025-11-19,0.584370
USDGBP,2025-11-19,0.760600
HKDGBP,2025-11-20,0.098322
NZDGBP,2025-11-20,0.429700
SGDGBP,2025-11-20,0.586160
USDGBP,2025-11-20,0.765590
HKDGBP,2025-11-21,0.098184
NZDGBP,2025-11-21,0.427220
SGDGBP,2025-11-21,0.584500
USDGBP,2025-11-21,0.764240
HKDGBP,2025-11-24,0.098105
NZDGBP,2025-11-24,0.428480
SGDGBP,2025-11-24,0.584070
USDGBP,2025-11-24,0.763570
HKDGBP,2025-11-25,0.098043
NZDGBP,2025-11-25,0.428200
SGDGBP,2025-11-25,0.584690
USDGBP,2025-11-25,0.763000
HKDGBP,2025-11-26,0.097732
NZDGBP,2025-11-26,0.427310
SGDGBP,2025-11-26,0.583670
USDGBP,2025-11-26,0.759953
HKDGBP,2025-11-27,0.097065
NZDGBP,2025-11-27,0.430610
SGDGBP,2025-11-27,0.582330
USDGBP,2025-11-27,0.755002
HKDGBP,2025-11-28,0.097086
NZDGBP,2025-11-28,0.432620
SGDGBP,2025-11-28,0.582350
USDGBP,2025-11-28,0.755220
HKDGBP,2025-12-01,0.097016
NZDGBP,2025-12-01,0.433140
SGDGBP,2025-12-01,0.582900
USDGBP,2025-12-01,0.755300
HKDGBP,2025-12-02,0.097200
NZDGBP,2025-12-02,0.433370
SGDGBP,2025-12-02,0.583860
USDGBP,2025-12-02,0.757040
HKDGBP,2025-12-03,0.097175
NZDGBP,2025-12-03,0.434140
SGDGBP,2025-12-03,0.583630
USDGBP,2025-12-03,0.756460
HKDGBP,2025-12-04,0.096245
NZDGBP,2025-12-04,0.432440
SGDGBP,2025-12-04,0.578980
USDGBP,2025-12-04,0.749130
HKDGBP,2025-12-05,0.096456
NZDGBP,2025-12-05,0.432230
SGDGBP,2025-12-05,0.578940
USDGBP,2025-12-05,0.750650
HKDGBP,2025-12-08,0.096409
NZDGBP,2025-12-08,0.433380
SGDGBP,2025-12-08,0.579042
USDGBP,2025-12-08,0.750492
HKDGBP,2025-12-09,0.096442
NZDGBP,2025-12-09,0.433200
SGDGBP,2025-12-09,0.578250
USDGBP,2025-12-09,0.750368
HKDGBP,2025-12-10,0.096583
NZDGBP,2025-12-10,0.434330
SGDGBP,2025-12-10,0.579510
USDGBP,2025-12-10,0.751680
HKDGBP,2025-12-11,0.096005
NZDGBP,2025-12-11,0.434370
SGDGBP,2025-12-11,0.577980
USDGBP,2025-12-11,0.746920
HKDGBP,2025-12-12,0.095953
NZDGBP,2025-12-12,0.433660
SGDGBP,2025-12-12,0.578000
USDGBP,2025-12-12,0.746800
HKDGBP,2025-12-15,0.096093
NZDGBP,2025-12-15,0.433920
SGDGBP,2025-12-15,0.579046
USDGBP,2025-12-15,0.748070
HKDGBP,2025-12-16,0.096028
NZDGBP,2025-12-16,0.432320
SGDGBP,2025-12-16,0.579510
USDGBP,2025-12-16,0.747350
HKDGBP,2025-12-17,0.095741
NZDGBP,2025-12-17,0.430730
SGDGBP,2025-12-17,0.577800
USDGBP,2025-12-17,0.744879
HKDGBP,2025-12-18,0.096102
NZDGBP,2025-12-18,0.431350
SGDGBP,2025-12-18,0.579020
USDGBP,2025-12-18,0.747686
HKDGBP,2025-12-19,0.096013
NZDGBP,2025-12-19,0.431400
SGDGBP,2025-12-19,0.579070
USDGBP,2025-12-19,0.747083
HKDGBP,2025-12-22,0.096057
NZDGBP,2025-12-22,0.430080
SGDGBP,2025-12-22,0.578120
USDGBP,2025-12-22,0.747550
HKDGBP,2025-12-23,0.095419
NZDGBP,2025-12-23,0.430290
SGDGBP,2025-12-23,0.576370
USDGBP,2025-12-23,0.742396
HKDGBP,2025-12-24,0.095140
NZDGBP,2025-12-24,0.432250
SGDGBP,2025-12-24,0.576123
USDGBP,2025-12-24,0.739995
HKDGBP,2025-12-26,0.095195
NZDGBP,2025-12-26,0.431920
SGDGBP,2025-12-26,0.576390
USDGBP,2025-12-26,0.740250
HKDGBP,2025-12-29,0.095333
NZDGBP,2025-12-29,0.431550
SGDGBP,2025-12-29,0.576770
USDGBP,2025-12-29,0.740890
HKDGBP,2025-12-30,0.095210
NZDGBP,2025-12-30,0.429700
SGDGBP,2025-12-30,0.575506
USDGBP,2025-12-30,0.740138
HKDGBP,2025-12-31,0.095427
NZDGBP,2025-12-31,0.429930
SGDGBP,2025-12-31,0.578130
USDGBP,2025-12-31,0.742545
HKDGBP,2026-01-02,0.095318
NZDGBP,2026-01-02,0.427210
SGDGBP,2026-01-02,0.577490
USDGBP,2026-01-02,0.742190
HKDGBP,2026-01-05,0.095515
NZDGBP,2026-01-05,0.428180
SGDGBP,2026-01-05,0.577760
USDGBP,2026-01-05,0.744160
HKDGBP,2026-01-06,0.094900
NZDGBP,2026-01-06,0.427410
SGDGBP,2026-01-06,0.575910
USDGBP,2026-01-06,0.738880
HKDGBP,2026-01-07,0.095115
NZDGBP,2026-01-07,0.428150
SGDGBP,2026-01-07,0.578350
USDGBP,2026-01-07,0.740710
HKDGBP,2026-01-08,0.095416
NZDGBP,2026-01-08,0.428860
SGDGBP,2026-01-08,0.579180
USDGBP,2026-01-08,0.742980
HKDGBP,2026-01-09,0.095509
NZDGBP,2026-01-09,0.427870
SGDGBP,2026-01-09,0.579050
USDGBP,2026-01-09,0.744158
HKDGBP,2026-01-12,0.095779
NZDGBP,2026-01-12,0.427660
SGDGBP,2026-01-12,0.579920
USDGBP,2026-01-12,0.746590
HKDGBP,2026-01-13,0.095247
NZDGBP,2026-01-13,0.428610
SGDGBP,2026-01-13,0.577580
USDGBP,2026-01-13,0.742630
HKDGBP,2026-01-14,0.095469
NZDGBP,2026-01-14,0.427330
SGDGBP,2026-01-14,0.577770
USDGBP,2026-01-14,0.744780
HKDGBP,2026-01-15,0.095404
NZDGBP,2026-01-15,0.427280
SGDGBP,2026-01-15,0.577750
USDGBP,2026-01-15,0.743900
HKDGBP,2026-01-16,0.095838
NZDGBP,2026-01-16,0.429110
SGDGBP,2026-01-16,0.580180
USDGBP,2026-01-16,0.747310
HKDGBP,2026-01-19,0.095664
NZDGBP,2026-01-19,0.429860
SGDGBP,2026-01-19,0.579730
USDGBP,2026-01-19,0.746030
HKDGBP,2026-01-20,0.095580
NZDGBP,2026-01-20,0.431630
SGDGBP,2026-01-20,0.579790
USDGBP,2026-01-20,0.745250
HKDGBP,2026-01-21,0.095390
NZDGBP,2026-01-21,0.433440
SGDGBP,2026-01-21,0.579460
USDGBP,2026-01-21,0.744000
HKDGBP,2026-01-22,0.095567
NZDGBP,2026-01-22,0.434930
SGDGBP,2026-01-22,0.579710
USDGBP,2026-01-22,0.745190
HKDGBP,2026-01-23,0.094989
NZDGBP,2026-01-23,0.438110
SGDGBP,2026-01-23,0.578366
USDGBP,2026-01-23,0.740670
HKDGBP,2026-01-26,0.093891
NZDGBP,2026-01-26,0.436180
SGDGBP,2026-01-26,0.575710
USDGBP,2026-01-26,0.731930
HKDGBP,2026-01-27,0.093763
NZDGBP,2026-01-27,0.436420
SGDGBP,2026-01-27,0.575370
USDGBP,2026-01-27,0.731130
HKDGBP,2026-01-28,0.092726
NZDGBP,2026-01-28,0.435910
SGDGBP,2026-01-28,0.573690
USDGBP,2026-01-28,0.723360
HKDGBP,2026-01-29,0.092701
NZDGBP,2026-01-29,0.438580
SGDGBP,2026-01-29,0.573360
USDGBP,2026-01-29,0.723310
HKDGBP,2026-01-30,0.092782
NZDGBP,2026-01-30,0.439940
SGDGBP,2026-01-30,0.572950
USDGBP,2026-01-30,0.724300
HKDGBP,2026-02-02,0.093596
NZDGBP,2026-02-02,0.439560
SGDGBP,2026-02-02,0.574540
USDGBP,2026-02-02,0.731040
HKDGBP,2026-02-03,0.093633
NZDGBP,2026-02-03,0.439490
SGDGBP,2026-02-03,0.575040
USDGBP,2026-02-03,0.731360
HKDGBP,2026-02-04,0.093429
NZDGBP,2026-02-04,0.440990
SGDGBP,2026-02-04,0.574760
USDGBP,2026-02-04,0.730060
HKDGBP,2026-02-05,0.093810
NZDGBP,2026-02-05,0.439400
SGDGBP,2026-02-05,0.575730
USDGBP,2026-02-05,0.732890
HKDGBP,2026-02-06,0.094643
NZDGBP,2026-02-06,0.439080
SGDGBP,2026-02-06,0.579670
USDGBP,2026-02-06,0.739600
HKDGBP,2026-02-09,0.094045
NZDGBP,2026-02-09,0.443130
SGDGBP,2026-02-09,0.577980
USDGBP,2026-02-09,0.734810
HKDGBP,2026-02-10,0.093508
NZDGBP,2026-02-10,0.442220
SGDGBP,2026-02-10,0.577240
USDGBP,2026-02-10,0.730810
HKDGBP,2026-02-11,0.093811
NZDGBP,2026-02-11,0.442800
SGDGBP,2026-02-11,0.579540
USDGBP,2026-02-11,0.733430
HKDGBP,2026-02-12,0.093901
NZDGBP,2026-02-12,0.443860
SGDGBP,2026-02-12,0.581530
USDGBP,2026-02-12,0.733999
HKDGBP,2026-02-13,0.093938
NZDGBP,2026-02-13,0.442850
SGDGBP,2026-02-13,0.581610
USDGBP,2026-02-13,0.734200
HKDGBP,2026-02-16,0.093737
NZDGBP,2026-02-16,0.441990
SGDGBP,2026-02-16,0.580290
USDGBP,2026-02-16,0.732720
HKDGBP,2026-02-17,0.093887
NZDGBP,2026-02-17,0.442510
SGDGBP,2026-02-17,0.581200
USDGBP,2026-02-17,0.733800
HKDGBP,2026-02-18,0.094326
NZDGBP,2026-02-18,0.445810
SGDGBP,2026-02-18,0.583780
USDGBP,2026-02-18,0.737220
HKDGBP,2026-02-19,0.094821
NZDGBP,2026-02-19,0.442070
SGDGBP,2026-02-19,0.584640
USDGBP,2026-02-19,0.740970
HKDGBP,2026-02-20,0.095062
NZDGBP,2026-02-20,0.443440
SGDGBP,2026-02-20,0.585580
USDGBP,2026-02-20,0.742880
HKDGBP,2026-02-23,0.094561
NZDGBP,2026-02-23,0.443520
SGDGBP,2026-02-23,0.584440
USDGBP,2026-02-23,0.738920
HKDGBP,2026-02-24,0.094752
NZDGBP,2026-02-24,0.441490
SGDGBP,2026-02-24,0.585070
USDGBP,2026-02-24,0.740910
HKDGBP,2026-02-25,0.094701
NZDGBP,2026-02-25,0.441850
SGDGBP,2026-02-25,0.584750
USDGBP,2026-02-25,0.740880
HKDGBP,2026-02-26,0.094323
NZDGBP,2026-02-26,0.442480
SGDGBP,2026-02-26,0.583980
USDGBP,2026-02-26,0.737570
HKDGBP,2026-02-27,0.094743
NZDGBP,2026-02-27,0.443100
SGDGBP,2026-02-27,0.586530
USDGBP,2026-02-27,0.741210
HKDGBP,2026-03-02,0.095336
NZDGBP,2026-03-02,0.444250
SGDGBP,2026-03-02,0.587460
USDGBP,2026-03-02,0.745900
HKDGBP,2026-03-03,0.095335
NZDGBP,2026-03-03,0.443460
SGDGBP,2026-03-03,0.585950
USDGBP,2026-03-03,0.745680
HKDGBP,2026-03-04,0.095940
NZDGBP,2026-03-04,0.440880
SGDGBP,2026-03-04,0.586345
USDGBP,2026-03-04,0.748860
HKDGBP,2026-03-05,0.095678
NZDGBP,2026-03-05,0.443990
SGDGBP,2026-03-05,0.586700
USDGBP,2026-03-05,0.747970
HKDGBP,2026-03-06,0.095738
NZDGBP,2026-03-06,0.441400
SGDGBP,2026-03-06,0.584740
USDGBP,2026-03-06,0.748650
HKDGBP,2026-03-09,0.096173
NZDGBP,2026-03-09,0.439700
SGDGBP,2026-03-09,0.585280
USDGBP,2026-03-09,0.751820
HKDGBP,2026-03-10,0.095242
NZDGBP,2026-03-10,0.441370
SGDGBP,2026-03-10,0.584090
USDGBP,2026-03-10,0.744880
HKDGBP,2026-03-11,0.095244
NZDGBP,2026-03-11,0.441350
SGDGBP,2026-03-11,0.585170
USDGBP,2026-03-11,0.745210
HKDGBP,2026-03-12,0.095491
NZDGBP,2026-03-12,0.440440
SGDGBP,2026-03-12,0.585510
USDGBP,2026-03-12,0.747280
HKDGBP,2026-03-13,0.095685
NZDGBP,2026-03-13,0.438250
SGDGBP,2026-03-13,0.585740
USDGBP,2026-03-13,0.748923
HKDGBP,2026-03-16,0.096432
NZDGBP,2026-03-16,0.437490
SGDGBP,2026-03-16,0.588540
USDGBP,2026-03-16,0.754850
HKDGBP,2026-03-17,0.095918
NZDGBP,2026-03-17,0.439400
SGDGBP,2026-03-17,0.587510
USDGBP,2026-03-17,0.751070
HKDGBP,2026-03-18,0.095516
NZDGBP,2026-03-18,0.438300
SGDGBP,2026-03-18,0.586430
USDGBP,2026-03-18,0.748530
HKDGBP,2026-03-19,0.096199
NZDGBP,2026-03-19,0.436760
SGDGBP,2026-03-19,0.587330
USDGBP,2026-03-19,0.753860
HKDGBP,2026-03-20,0.095081
NZDGBP,2026-03-20,0.436960
SGDGBP,2026-03-20,0.582790
USDGBP,2026-03-20,0.744840
HKDGBP,2026-03-23,0.095751
NZDGBP,2026-03-23,0.437270
SGDGBP,2026-03-23,0.585030
USDGBP,2026-03-23,0.750100
HKDGBP,2026-03-24,0.095077
NZDGBP,2026-03-24,0.435700
SGDGBP,2026-03-24,0.584070
USDGBP,2026-03-24,0.744920
HKDGBP,2026-03-25,0.095216
NZDGBP,2026-03-25,0.434900
SGDGBP,2026-03-25,0.583420
USDGBP,2026-03-25,0.745360
HKDGBP,2026-03-26,0.095704
NZDGBP,2026-03-26,0.434370
SGDGBP,2026-03-26,0.584040
USDGBP,2026-03-26,0.748300
HKDGBP,2026-03-27,0.095816
NZDGBP,2026-03-27,0.431930
SGDGBP,2026-03-27,0.583120
USDGBP,2026-03-27,0.749870
HKDGBP,2026-03-30,0.096439
NZDGBP,2026-03-30,0.432540
SGDGBP,2026-03-30,0.585560
USDGBP,2026-03-30,0.755380
HKDGBP,2026-03-31,0.096880
NZDGBP,2026-03-31,0.433900
SGDGBP,2026-03-31,0.587490
USDGBP,2026-03-31,0.759140
HKDGBP,2026-04-01,0.096324
NZDGBP,2026-04-01,0.434400
SGDGBP,2026-04-01,0.587810
USDGBP,2026-04-01,0.755100
HKDGBP,2026-04-02,0.095912
NZDGBP,2026-04-02,0.431900
SGDGBP,2026-04-02,0.585800
USDGBP,2026-04-02,0.751730
HKDGBP,2026-04-03,0.096437
NZDGBP,2026-04-03,0.431900
SGDGBP,2026-04-03,0.587860
USDGBP,2026-04-03,0.755840
HKDGBP,2026-04-06,0.096752
NZDGBP,2026-04-06,0.431100
SGDGBP,2026-04-06,0.588920
USDGBP,2026-04-06,0.758360
HKDGBP,2026-04-07,0.096412
NZDGBP,2026-04-07,0.431500
SGDGBP,2026-04-07,0.587970
USDGBP,2026-04-07,0.755620
HKDGBP,2026-04-08,0.095244
NZDGBP,2026-04-08,0.433360
SGDGBP,2026-04-08,0.584810
USDGBP,2026-04-08,0.746170
HKDGBP,2026-04-09,0.095324
NZDGBP,2026-04-09,0.434700
SGDGBP,2026-04-09,0.585740
USDGBP,2026-04-09,0.746600
HKDGBP,2026-04-10,0.095048
NZDGBP,2026-04-10,0.435500
SGDGBP,2026-04-10,0.584710
USDGBP,2026-04-10,0.744600
HKDGBP,2026-04-13,0.095307
NZDGBP,2026-04-13,0.433210
SGDGBP,2026-04-13,0.584240
USDGBP,2026-04-13,0.746580
HKDGBP,2026-04-14,0.094488
NZDGBP,2026-04-14,0.434310
SGDGBP,2026-04-14,0.581630
USDGBP,2026-04-14,0.739900
HKDGBP,2026-04-15,0.094031
NZDGBP,2026-04-15,0.434750
SGDGBP,2026-04-15,0.579590
USDGBP,2026-04-15,0.736630
HKDGBP,2026-04-16,0.094055
NZDGBP,2026-04-16,0.435450
SGDGBP,2026-04-16,0.579740
USDGBP,2026-04-16,0.736719
HKDGBP,2026-04-17,0.094499
NZDGBP,2026-04-17,0.435040
SGDGBP,2026-04-17,0.580640
USDGBP,2026-04-17,0.739310
HKDGBP,2026-04-20,0.094700
NZDGBP,2026-04-20,0.434880
SGDGBP,2026-04-20,0.582290
USDGBP,2026-04-20,0.741600
HKDGBP,2026-04-21,0.094377
NZDGBP,2026-04-21,0.436370
SGDGBP,2026-04-21,0.581564
USDGBP,2026-04-21,0.739030
HKDGBP,2026-04-22,0.094524
NZDGBP,2026-04-22,0.436460
SGDGBP,2026-04-22,0.581250
USDGBP,2026-04-22,0.740210
HKDGBP,2026-04-23,0.094572
NZDGBP,2026-04-23,0.437330
SGDGBP,2026-04-23,0.580560
USDGBP,2026-04-23,0.740720
HKDGBP,2026-04-24,0.094806
NZDGBP,2026-04-24,0.434570
SGDGBP,2026-04-24,0.580788
USDGBP,2026-04-24,0.742590
HKDGBP,2026-04-27,0.094436
NZDGBP,2026-04-27,0.434100
SGDGBP,2026-04-27,0.579300
USDGBP,2026-04-27,0.739913
HKDGBP,2026-04-28,0.094251
NZDGBP,2026-04-28,0.436610
SGDGBP,2026-04-28,0.579740
USDGBP,2026-04-28,0.738650
HKDGBP,2026-04-29,0.094361
NZDGBP,2026-04-29,0.435270
SGDGBP,2026-04-29,0.579390
USDGBP,2026-04-29,0.739400
HKDGBP,2026-04-30,0.094599
NZDGBP,2026-04-30,0.432800
SGDGBP,2026-04-30,0.578990
USDGBP,2026-04-30,0.741367
HKDGBP,2026-05-01,0.093850
NZDGBP,2026-05-01,0.434130
SGDGBP,2026-05-01,0.577300
USDGBP,2026-05-01,0.735150
HKDGBP,2026-05-04,0.093971
NZDGBP,2026-05-04,0.434600
SGDGBP,2026-05-04,0.578390
USDGBP,2026-05-04,0.736300
HKDGBP,2026-05-05,0.094341
NZDGBP,2026-05-05,0.433860
SGDGBP,2026-05-05,0.578710
USDGBP,2026-05-05,0.739020
HKDGBP,2026-05-06,0.094052
NZDGBP,2026-05-06,0.434940
SGDGBP,2026-05-06,0.578390
USDGBP,2026-05-06,0.736990
HKDGBP,2026-05-07,0.093909
NZDGBP,2026-05-07,0.437930
SGDGBP,2026-05-07,0.580060
USDGBP,2026-05-07,0.735740
HKDGBP,2026-05-08,0.094157
NZDGBP,2026-05-08,0.437950
SGDGBP,2026-05-08,0.581170
USDGBP,2026-05-08,0.737700
HKDGBP,2026-05-11,0.093955
NZDGBP,2026-05-11,0.437570
SGDGBP,2026-05-11,0.580010
USDGBP,2026-05-11,0.735580
HKDGBP,2026-05-12,0.093889
NZDGBP,2026-05-12,0.438370
SGDGBP,2026-05-12,0.579140
USDGBP,2026-05-12,0.735040
HKDGBP,2026-05-13,0.094369
NZDGBP,2026-05-13,0.439630
SGDGBP,2026-05-13,0.580830
USDGBP,2026-05-13,0.738716
HKDGBP,2026-05-14,0.094421
NZDGBP,2026-05-14,0.438390
SGDGBP,2026-05-14,0.580990
USDGBP,2026-05-14,0.739300
HKDGBP,2026-05-15,0.095338
NZDGBP,2026-05-15,0.440720
SGDGBP,2026-05-15,0.584950
USDGBP,2026-05-15,0.746750
HKDGBP,2026-05-18,0.095944
NZDGBP,2026-05-18,0.438090
SGDGBP,2026-05-18,0.586310
USDGBP,2026-05-18,0.751400
HKDGBP,2026-05-19,0.095074
NZDGBP,2026-05-19,0.437200
SGDGBP,2026-05-19,0.582310
USDGBP,2026-05-19,0.744490
HKDGBP,2026-05-20,0.095299
NZDGBP,2026-05-20,0.435330
SGDGBP,2026-05-20,0.582200
USDGBP,2026-05-20,0.746490
HKDGBP,2026-05-21,0.095046
NZDGBP,2026-05-21,0.436700
SGDGBP,2026-05-21,0.582450
USDGBP,2026-05-21,0.744380
HKDGBP,2026-05-22,0.095026
NZDGBP,2026-05-22,0.437400
SGDGBP,2026-05-22,0.582560
USDGBP,2026-05-22,0.744460
HKDGBP,2026-05-25,0.094667
NZDGBP,2026-05-25,0.435520
SGDGBP,2026-05-25,0.580760
USDGBP,2026-05-25,0.741750
HKDGBP,2026-05-26,0.094571
NZDGBP,2026-05-26,0.434230
SGDGBP,2026-05-26,0.579940
USDGBP,2026-05-26,0.740940
HKDGBP,2026-05-27,0.094841
NZDGBP,2026-05-27,0.434090
SGDGBP,2026-05-27,0.582020
USDGBP,2026-05-27,0.743200
HKDGBP,2026-05-28,0.095140
NZDGBP,2026-05-28,0.438900
SGDGBP,2026-05-28,0.583200
USDGBP,2026-05-28,0.745350
HKDGBP,2026-05-29,0.094944
NZDGBP,2026-05-29,0.442110
SGDGBP,2026-05-29,0.582810
USDGBP,2026-05-29,0.743800
HKDGBP,2026-06-01,0.094866
NZDGBP,2026-06-01,0.444500
SGDGBP,2026-06-01,0.582140
USDGBP,2026-06-01,0.743410
HKDGBP,2026-06-02,0.094792
NZDGBP,2026-06-02,0.440870
SGDGBP,2026-06-02,0.581120
USDGBP,2026-06-02,0.742942
HKDGBP,2026-06-03,0.094840
NZDGBP,2026-06-03,0.439900
SGDGBP,2026-06-03,0.580510
USDGBP,2026-06-03,0.743260
HKDGBP,2026-06-04,0.095038
NZDGBP,2026-06-04,0.437140
SGDGBP,2026-06-04,0.580423
USDGBP,2026-06-04,0.744760
HKDGBP,2026-06-05,0.095092
NZDGBP,2026-06-05,0.437170
SGDGBP,2026-06-05,0.579820
USDGBP,2026-06-05,0.744768
HKDGBP,2026-06-08,0.095715
NZDGBP,2026-06-08,0.434550
SGDGBP,2026-06-08,0.580790
USDGBP,2026-06-08,0.749870
HKDGBP,2026-06-09,0.095700
NZDGBP,2026-06-09,0.435110
SGDGBP,2026-06-09,0.581840
USDGBP,2026-06-09,0.750000
HKDGBP,2026-06-10,0.095415
NZDGBP,2026-06-10,0.434180
SGDGBP,2026-06-10,0.580810
USDGBP,2026-06-10,0.747820
HKDGBP,2026-06-11,0.095504
NZDGBP,2026-06-11,0.433510
SGDGBP,2026-06-11,0.580920
USDGBP,2026-06-11,0.748390
HKDGBP,2026-06-12,0.095130
NZDGBP,2026-06-12,0.434500
SGDGBP,2026-06-12,0.580450
USDGBP,2026-06-12,0.745500
HKDGBP,2026-06-15,0.094895
NZDGBP,2026-06-15,0.435100
SGDGBP,2026-06-15,0.580240
USDGBP,2026-06-15,0.743510
HKDGBP,2026-06-16,0.095136
NZDGBP,2026-06-16,0.434270
SGDGBP,2026-06-16,0.580720
USDGBP,2026-06-16,0.745379
HKDGBP,2026-06-17,0.095089
NZDGBP,2026-06-17,0.434000
SGDGBP,2026-06-17,0.580810
USDGBP,2026-06-17,0.744800
HKDGBP,2026-06-18,0.095951
NZDGBP,2026-06-18,0.434030
SGDGBP,2026-06-18,0.583640
USDGBP,2026-06-18,0.751810
HKDGBP,2026-06-19,0.096649
NZDGBP,2026-06-19,0.435700
SGDGBP,2026-06-19,0.586900
USDGBP,2026-06-19,0.757460
HKDGBP,2026-06-22,0.096610
NZDGBP,2026-06-22,0.434000
SGDGBP,2026-06-22,0.585750
USDGBP,2026-06-22,0.757120
HKDGBP,2026-06-23,0.096288
NZDGBP,2026-06-23,0.431030
SGDGBP,2026-06-23,0.583530
USDGBP,2026-06-23,0.754880
HKDGBP,2026-06-24,0.096617
NZDGBP,2026-06-24,0.429010
SGDGBP,2026-06-24,0.584120
USDGBP,2026-06-24,0.757570
HKDGBP,2026-06-25,0.096895
NZDGBP,2026-06-25,0.428640
SGDGBP,2026-06-25,0.585420
USDGBP,2026-06-25,0.759500
HKDGBP,2026-06-26,0.096714
NZDGBP,2026-06-26,0.427790
SGDGBP,2026-06-26,0.584650
USDGBP,2026-06-26,0.758270
HKDGBP,2026-06-29,0.096624
NZDGBP,2026-06-29,0.427290
SGDGBP,2026-06-29,0.585280
USDGBP,2026-06-29,0.757740
HKDGBP,2026-06-30,0.096219
NZDGBP,2026-06-30,0.426260
SGDGBP,2026-06-30,0.583620
USDGBP,2026-06-30,0.754490
HKDGBP,2026-07-01,0.096221
NZDGBP,2026-07-01,0.428180
SGDGBP,2026-07-01,0.583080
USDGBP,2026-07-01,0.754680
HKDGBP,2026-07-02,0.095997
NZDGBP,2026-07-02,0.427270
SGDGBP,2026-07-02,0.581180
USDGBP,2026-07-02,0.753050
HKDGBP,2026-07-03,0.095583
NZDGBP,2026-07-03,0.426670
SGDGBP,2026-07-03,0.579880
USDGBP,2026-07-03,0.749698
HKDGBP,2026-07-06,0.095481
NZDGBP,2026-07-06,0.426920
SGDGBP,2026-07-06,0.579700
USDGBP,2026-07-06,0.748890
HKDGBP,2026-07-07,0.095192
NZDGBP,2026-07-07,0.425540
SGDGBP,2026-07-07,0.577890
USDGBP,2026-07-07,0.746386
HKDGBP,2026-07-08,0.095540
NZDGBP,2026-07-08,0.425180
SGDGBP,2026-07-08,0.579100
USDGBP,2026-07-08,0.749125
HKDGBP,2026-07-09,0.095237
NZDGBP,2026-07-09,0.426610
SGDGBP,2026-07-09,0.577150
USDGBP,2026-07-09,0.746480
HKDGBP,2026-07-10,0.095133
NZDGBP,2026-07-10,0.429450
SGDGBP,2026-07-10,0.576930
USDGBP,2026-07-10,0.745400
HKDGBP,2026-07-13,0.095283
NZDGBP,2026-07-13,0.429900
SGDGBP,2026-07-13,0.577870
USDGBP,2026-07-13,0.747000
HKDGBP,2026-07-14,0.095586
NZDGBP,2026-07-14,0.431500
SGDGBP,2026-07-14,0.578700
USDGBP,2026-07-14,0.749180
HKDGBP,2026-07-15,0.095234
NZDGBP,2026-07-15,0.433800
SGDGBP,2026-07-15,0.578240
USDGBP,2026-07-15,0.746430
HKDGBP,2026-07-16,0.094222
NZDGBP,2026-07-16,0.431600
SGDGBP,2026-07-16,0.573207
USDGBP,2026-07-16,0.738482
HKDGBP,2026-07-17,0.094640
NZDGBP,2026-07-17,0.433340
SGDGBP,2026-07-17,0.575110
USDGBP,2026-07-17,0.741900
HKDGBP,2026-07-20,0.094863
NZDGBP,2026-07-20,0.434210
SGDGBP,2026-07-20,0.575520
USDGBP,2026-07-20,0.743700
HKDGBP,2026-07-21,0.094951
NZDGBP,2026-07-21,0.435500
SGDGBP,2026-07-21,0.576680
USDGBP,2026-07-21,0.744510
HKDGBP,2026-07-22,0.095315
NZDGBP,2026-07-22,0.435340
SGDGBP,2026-07-22,0.578470
USDGBP,2026-07-22,0.747430
HKDGBP,2026-07-23,0.095360
NZDGBP,2026-07-23,0.434400
SGDGBP,2026-07-23,0.579040
USDGBP,2026-07-23,0.747650
HKDGBP,2026-07-24,0.095795
NZDGBP,2026-07-24,0.433610
SGDGBP,2026-07-24,0.580980
USDGBP,2026-07-24,0.751160
HKDGBP,2026-07-27,0.095508
NZDGBP,2026-07-27,0.434170
SGDGBP,2026-07-27,0.580870
USDGBP,2026-07-27,0.748990
HKDGBP,2026-07-28,0.095949
NZDGBP,2026-07-28,0.434050
SGDGBP,2026-07-28,0.582580
USDGBP,2026-07-28,0.752450
HKDGBP,2026-07-29,0.095981
NZDGBP,2026-07-29,0.435040
SGDGBP,2026-07-29,0.582255
USDGBP,2026-07-29,0.752600
HKDGBP,2026-07-30,0.095389
NZDGBP,2026-07-30,0.433960
SGDGBP,2026-07-30,0.580440
USDGBP,2026-07-30,0.748094
HKDGBP,2026-07-31,0.094718
NZDGBP,2026-07-31,0.436100
SGDGBP,2026-07-31,0.579380
USDGBP,2026-07-31,0.742890
HKDGBP,2026-08-03,0.094514
NZDGBP,2026-08-03,0.437050
SGDGBP,2026-08-03,0.578470
USDGBP,2026-08-03,0.741200
HKDGBP,2026-08-04,0.094967
NZDGBP,2026-08-04,0.436600
SGDGBP,2026-08-04,0.580541
USDGBP,2026-08-04,0.744768
HKDGBP,2026-08-05,0.094794
NZDGBP,2026-08-05,0.436740
SGDGBP,2026-08-05,0.579920
USDGBP,2026-08-05,0.743440
HKDGBP,2026-08-06,0.094649
NZDGBP,2026-08-06,0.436970
SGDGBP,2026-08-06,0.579630
USDGBP,2026-08-06,0.742410
HKDGBP,2026-08-07,0.094740
NZDGBP,2026-08-07,0.436010
SGDGBP,2026-08-07,0.579010
USDGBP,2026-08-07,0.743200
HKDGBP,2026-08-10,0.094478
NZDGBP,2026-08-10,0.436330
SGDGBP,2026-08-10,0.579656
USDGBP,2026-08-10,0.741251
HKDGBP,2026-08-11,0.094337
NZDGBP,2026-08-11,0.435670
SGDGBP,2026-08-11,0.577990
USDGBP,2026-08-11,0.740120
HKDGBP,2026-08-12,0.094332
NZDGBP,2026-08-12,0.435110
SGDGBP,2026-08-12,0.578235
USDGBP,2026-08-12,0.740200
HKDGBP,2026-08-13,0.094417
NZDGBP,2026-08-13,0.434100
SGDGBP,2026-08-13,0.578770
USDGBP,2026-08-13,0.740860
HKDGBP,2026-08-14,0.094461
NZDGBP,2026-08-14,0.433840
SGDGBP,2026-08-14,0.578910
USDGBP,2026-08-14,0.741250
HKDGBP,2026-08-17,0.094072
NZDGBP,2026-08-17,0.434730
SGDGBP,2026-08-17,0.577081
USDGBP,2026-08-17,0.738190
HKDGBP,2026-08-18,0.094078
NZDGBP,2026-08-18,0.435720
SGDGBP,2026-08-18,0.577680
USDGBP,2026-08-18,0.737990
HKDGBP,2026-08-19,0.094178
NZDGBP,2026-08-19,0.433760
SGDGBP,2026-08-19,0.577840
USDGBP,2026-08-19,0.738730
HKDGBP,2026-08-20,0.093781
NZDGBP,2026-08-20,0.436320
SGDGBP,2026-08-20,0.578250
USDGBP,2026-08-20,0.735300
HKDGBP,2026-08-21,0.093444
NZDGBP,2026-08-21,0.436200
SGDGBP,2026-08-21,0.576410
USDGBP,2026-08-21,0.732950
HKDGBP,2026-08-24,0.093422
NZDGBP,2026-08-24,0.437670
SGDGBP,2026-08-24,0.576990
USDGBP,2026-08-24,0.732410
HKDGBP,2026-08-25,0.093567
NZDGBP,2026-08-25,0.437100
SGDGBP,2026-08-25,0.577280
USDGBP,2026-08-25,0.733230
HKDGBP,2026-08-26,0.093486
NZDGBP,2026-08-26,0.437770
SGDGBP,2026-08-26,0.577310
USDGBP,2026-08-26,0.732760
HKDGBP,2026-08-27,0.093820
NZDGBP,2026-08-27,0.437370
SGDGBP,2026-08-27,0.578490
USDGBP,2026-08-27,0.735460
HKDGBP,2026-08-28,0.093819
NZDGBP,2026-08-28,0.437840
SGDGBP,2026-08-28,0.578680
USDGBP,2026-08-28,0.735450
HKDGBP,2026-08-31,0.094198
NZDGBP,2026-08-31,0.437080
SGDGBP,2026-08-31,0.579360
USDGBP,2026-08-31,0.738530
HKDGBP,2026-09-01,0.094154
NZDGBP,2026-09-01,0.436990
SGDGBP,2026-09-01,0.580680
USDGBP,2026-09-01,0.738000
HKDGBP,2026-09-02,0.094363
NZDGBP,2026-09-02,0.436090
SGDGBP,2026-09-02,0.581070
USDGBP,2026-09-02,0.739900
HKDGBP,2026-09-03,0.094573
NZDGBP,2026-09-03,0.433600
SGDGBP,2026-09-03,0.583290
USDGBP,2026-09-03,0.741640
HKDGBP,2026-09-04,0.094278
NZDGBP,2026-09-04,0.434920
SGDGBP,2026-09-04,0.583460
USDGBP,2026-09-04,0.739000
HKDGBP,2026-09-07,0.094348
NZDGBP,2026-09-07,0.435060
SGDGBP,2026-09-07,0.583790
USDGBP,2026-09-07,0.739800
HKDGBP,2026-09-08,0.094157
NZDGBP,2026-09-08,0.434130
SGDGBP,2026-09-08,0.583260
USDGBP,2026-09-08,0.738180
HKDGBP,2026-09-09,0.094166
NZDGBP,2026-09-09,0.432470
SGDGBP,2026-09-09,0.583910
USDGBP,2026-09-09,0.738300
HKDGBP,2026-09-10,0.094109
NZDGBP,2026-09-10,0.431200
SGDGBP,2026-09-10,0.583720
USDGBP,2026-09-10,0.737900
HKDGBP,2026-09-11,0.094399
NZDGBP,2026-09-11,0.429620
SGDGBP,2026-09-11,0.583680
USDGBP,2026-09-11,0.740230
HKDGBP,2026-09-14,0.094272
NZDGBP,2026-09-14,0.429500
SGDGBP,2026-09-14,0.583400
USDGBP,2026-09-14,0.739330
HKDGBP,2026-09-15,0.094435
NZDGBP,2026-09-15,0.427880
SGDGBP,2026-09-15,0.583030
USDGBP,2026-09-15,0.740690
HKDGBP,2026-09-16,0.094620
NZDGBP,2026-09-16,0.426770
SGDGBP,2026-09-16,0.582950
USDGBP,2026-09-16,0.742200
HKDGBP,2026-09-17,0.095255
NZDGBP,2026-09-17,0.427280
SGDGBP,2026-09-17,0.584710
USDGBP,2026-09-17,0.747220
HKDGBP,2026-09-18,0.095417
NZDGBP,2026-09-18,0.428600
SGDGBP,2026-09-18,0.586531
USDGBP,2026-09-18,0.748615
HKDGBP,2026-09-21,0.095190
NZDGBP,2026-09-21,0.426700
SGDGBP,2026-09-21,0.585500
USDGBP,2026-09-21,0.747220
