Fund,Date,Price,Currency
LU0164881194,2023-01-02,233.50,USD
0639.HK,2023-01-03,2.52,HKD
0P00000YAN,2023-01-03,143.37,USD
BCHS.L,2023-01-03,4550.5,GBp
BKCH,2023-01-03,2.4705,USD
CNX1.L,2023-01-03,51286.5,GBp
DPYG.L,2023-01-03,4.5455,GBP
FLOS.L,2023-01-03,473.8,GBp
GB00B1FXTF86,2023-01-03,7.72,GBP
GHYS.L,2023-01-03,84.105,GBP
GRAB,2023-01-03,3.46,USD
IDTG.L,2023-01-03,3.51175,GBP
IE0008368742,2023-01-03,193.54,USD
IE00B0M63516,2023-01-03,21.29,USD
IGLS.L,2023-01-03,125.93,GBP
IGWD.L,2023-01-03,6804.5,GBp
INXG.L,2023-01-03,13.85,GBP
ISPE.L,2023-01-03,4.8015,GBP
IUAG.L,2023-01-03,92.61,USD
IWDG.L,2023-01-03,664.75,GBp
JFM0003373,2023-01-03,143.37,USD
KNSL,2023-01-03,260.29,USD
LU0164881194,2023-01-03,233.73,USD
LU0196696453,2023-01-03,13.64,USD
MU0129U00005,2023-01-03,300.16,USD
QQQ,2023-01-03,264.48,USD
SGLN.L,2023-01-03,2974,GBp
SPOG,2023-01-03,2037.25,GBp
0639.HK,2023-01-04,2.52,HKD
0P00000YAN,2023-01-04,143.7,USD
BCHS.L,2023-01-04,4645,GBp
BKCH,2023-01-04,2.69325,USD
CNX1.L,2023-01-04,51444.5,GBp
DPYG.L,2023-01-04,4.62825,GBP
FLOS.L,2023-01-04,473.45,GBp
GB00B1FXTF86,2023-01-04,7.60,GBP
GHYS.L,2023-01-04,84.59,GBP
GRAB,2023-01-04,3.5,USD
IDTG.L,2023-01-04,3.559,GBP
IE0008368742,2023-01-04,197.56,USD
IE00B0M63516,2023-01-04,21.14,USD
IGLS.L,2023-01-04,126.28,GBP
IGWD.L,2023-01-04,6869.5,GBp
INXG.L,2023-01-04,13.996,GBP
ISPE.L,2023-01-04,4.8745,GBP
IUAG.L,2023-01-04,93.21,USD
IWDG.L,2023-01-04,670.875,GBp
JFM0003373,2023-01-04,143.7,USD
KNSL,2023-01-04,257.68,USD
LU0164881194,2023-01-04,231.24,USD
LU0196696453,2023-01-04,13.36,USD
MU0129U00005,2023-01-04,298.15,USD
QQQ,2023-01-04,265.74,USD
SGLN.L,2023-01-04,3005.5,GBp
SPOG,2023-01-04,1998.75,GBp
0639.HK,2023-01-05,2.54,HKD
0P00000YAN,2023-01-05,143.89,USD
BCHS.L,2023-01-05,4628.5,GBp
BKCH,2023-01-05,2.68725,USD
CNX1.L,2023-01-05,51361,GBp
DPYG.L,2023-01-05,4.544,GBP
FLOS.L,2023-01-05,473.775,GBp
GB00B1FXTF86,2023-01-05,7.67,GBP
GHYS.L,2023-01-05,84.345,GBP
GRAB,2023-01-05,3.48,USD
IDTG.L,2023-01-05,3.56525,GBP
IE0008368742,2023-01-05,201.19,USD
IE00B0M63516,2023-01-05,21.72,USD
IGLS.L,2023-01-05,126.17,GBP
IGWD.L,2023-01-05,6813.5,GBp
INXG.L,2023-01-05,13.788,GBP
ISPE.L,2023-01-05,4.825,GBP
IUAG.L,2023-01-05,93.07,USD
IWDG.L,2023-01-05,665.75,GBp
JFM0003373,2023-01-05,143.89,USD
KNSL,2023-01-05,256.9,USD
LU0164881194,2023-01-05,231.42,USD
LU0196696453,2023-01-05,13.74,USD
MU0129U00005,2023-01-05,298.63,USD
QQQ,2023-01-05,261.58,USD
SGLN.L,2023-01-05,2995,GBp
SPOG,2023-01-05,2016.25,GBp
0639.HK,2023-01-06,2.56,HKD
0P00000YAN,2023-01-06,143.66,USD
BCHS.L,2023-01-06,4657,GBp
BKCH,2023-01-06,2.67625,USD
CNX1.L,2023-01-06,51394,GBp
DPYG.L,2023-01-06,4.58575,GBP
FLOS.L,2023-01-06,474.075,GBp
GB00B1FXTF86,2023-01-06,7.72,GBP
GHYS.L,2023-01-06,85.155,GBP
GRAB,2023-01-06,3.47,USD
IDTG.L,2023-01-06,3.63525,GBP
IE0008368742,2023-01-06,201.06,USD
IE00B0M63516,2023-01-06,22.76,USD
IGLS.L,2023-01-06,126.47,GBP
IGWD.L,2023-01-06,6923,GBp
INXG.L,2023-01-06,13.736,GBP
ISPE.L,2023-01-06,4.9215,GBP
IUAG.L,2023-01-06,93.92,USD
IWDG.L,2023-01-06,675,GBp
JFM0003373,2023-01-06,143.66,USD
KNSL,2023-01-06,271.9,USD
LU0164881194,2023-01-06,229.85,USD
LU0196696453,2023-01-06,14.33,USD
MU0129U00005,2023-01-06,296.06,USD
QQQ,2023-01-06,268.8,USD
SGLN.L,2023-01-06,3008,GBp
SPOG,2023-01-06,2056.75,GBp
0639.HK,2023-01-09,2.67,HKD
0P00000YAN,2023-01-09,146.31,USD
BCHS.L,2023-01-09,4845,GBp
BKCH,2023-01-09,3.04425,USD
CNX1.L,2023-01-09,52538.5,GBp
DPYG.L,2023-01-09,4.6425,GBP
FLOS.L,2023-01-09,474.275,GBp
GB00B1FXTF86,2023-01-09,7.69,GBP
GHYS.L,2023-01-09,85.675,GBP
GRAB,2023-01-09,3.72,USD
IDTG.L,2023-01-09,3.658,GBP
IE0008368742,2023-01-09,205.45,USD
IE00B0M63516,2023-01-09,22.60,USD
IGLS.L,2023-01-09,126.425,GBP
IGWD.L,2023-01-09,7030,GBp
INXG.L,2023-01-09,13.556,GBP
ISPE.L,2023-01-09,5.0075,GBP
IUAG.L,2023-01-09,94.48,USD
IWDG.L,2023-01-09,686.375,GBp
JFM0003373,2023-01-09,146.31,USD
KNSL,2023-01-09,272.89,USD
LU0164881194,2023-01-09,233.83,USD
LU0196696453,2023-01-09,14.24,USD
MU0129U00005,2023-01-09,300.82,USD
QQQ,2023-01-09,270.54,USD
SGLN.L,2023-01-09,2997,GBp
SPOG,2023-01-09,2064.75,GBp
0639.HK,2023-01-10,2.63,HKD
0P00000YAN,2023-01-10,144.97,USD
BCHS.L,2023-01-10,4810.75,GBp
BKCH,2023-01-10,3.04775,USD
CNX1.L,2023-01-10,51878,GBp
DPYG.L,2023-01-10,4.592,GBP
FLOS.L,2023-01-10,474.15,GBp
GB00B1FXTF86,2023-01-10,7.71,GBP
GHYS.L,2023-01-10,85.32,GBP
GRAB,2023-01-10,3.72,USD
IDTG.L,2023-01-10,3.5905,GBP
IE0008368742,2023-01-10,204.77,USD
IE00B0M63516,2023-01-10,23.08,USD
IGLS.L,2023-01-10,126.42,GBP
IGWD.L,2023-01-10,6949,GBp
INXG.L,2023-01-10,13.836,GBP
ISPE.L,2023-01-10,4.9495,GBP
IUAG.L,2023-01-10,93.92,USD
IWDG.L,2023-01-10,678.375,GBp
JFM0003373,2023-01-10,144.97,USD
KNSL,2023-01-10,281.13,USD
LU0164881194,2023-01-10,233.78,USD
LU0196696453,2023-01-10,14.49,USD
MU0129U00005,2023-01-10,300.81,USD
QQQ,2023-01-10,272.83,USD
SGLN.L,2023-01-10,3003,GBp
SPOG,2023-01-10,2026.5,GBp
0639.HK,2023-01-11,2.66,HKD
0P00000YAN,2023-01-11,145,USD
BCHS.L,2023-01-11,4904.25,GBp
BKCH,2023-01-11,3.1645,USD
CNX1.L,2023-01-11,52854.5,GBp
DPYG.L,2023-01-11,4.69525,GBP
FLOS.L,2023-01-11,474,GBp
GB00B1FXTF86,2023-01-11,7.74,GBP
GHYS.L,2023-01-11,85.675,GBP
GRAB,2023-01-11,3.61,USD
IDTG.L,2023-01-11,3.6415,GBP
IE0008368742,2023-01-11,205.44,USD
IE00B0M63516,2023-01-11,23.48,USD
IGLS.L,2023-01-11,126.58,GBP
IGWD.L,2023-01-11,7022.5,GBp
INXG.L,2023-01-11,14.112,GBP
ISPE.L,2023-01-11,5.014,GBP
IUAG.L,2023-01-11,94.35,USD
IWDG.L,2023-01-11,685.75,GBp
JFM0003373,2023-01-11,145,USD
KNSL,2023-01-11,283.97,USD
LU0164881194,2023-01-11,233.97,USD
LU0196696453,2023-01-11,14.71,USD
MU0129U00005,2023-01-11,300.99,USD
QQQ,2023-01-11,277.55,USD
SGLN.L,2023-01-11,3007,GBp
SPOG,2023-01-11,2059.5,GBp
0639.HK,2023-01-12,2.69,HKD
0P00000YAN,2023-01-12,146.08,USD
BCHS.L,2023-01-12,4975.25,GBp
BKCH,2023-01-12,3.2575,USD
CNX1.L,2023-01-12,53073.5,GBp
DPYG.L,2023-01-12,4.75475,GBP
FLOS.L,2023-01-12,473.65,GBp
GB00B1FXTF86,2023-01-12,7.72,GBP
GHYS.L,2023-01-12,85.93,GBP
GRAB,2023-01-12,3.61,USD
IDTG.L,2023-01-12,3.6655,GBP
IE0008368742,2023-01-12,206.37,USD
IE00B0M63516,2023-01-12,24.21,USD
IGLS.L,2023-01-12,126.125,GBP
IGWD.L,2023-01-12,7075.5,GBp
INXG.L,2023-01-12,14.324,GBP
ISPE.L,2023-01-12,5.048,GBP
IUAG.L,2023-01-12,94.82,USD
IWDG.L,2023-01-12,688.5,GBp
JFM0003373,2023-01-12,146.08,USD
KNSL,2023-01-12,289.02,USD
LU0164881194,2023-01-12,234.52,USD
LU0196696453,2023-01-12,15.07,USD
MU0129U00005,2023-01-12,301.49,USD
QQQ,2023-01-12,279.05,USD
SGLN.L,2023-01-12,3030,GBp
SPOG,2023-01-12,2110.25,GBp
0639.HK,2023-01-13,2.7,HKD
0P00000YAN,2023-01-13,147.83,USD
BCHS.L,2023-01-13,5111,GBp
BKCH,2023-01-13,3.682,USD
CNX1.L,2023-01-13,53085,GBp
DPYG.L,2023-01-13,4.75475,GBP
FLOS.L,2023-01-13,474.275,GBp
GB00B1FXTF86,2023-01-13,7.77,GBP
GHYS.L,2023-01-13,86.205,GBP
GRAB,2023-01-13,3.58,USD
IDTG.L,2023-01-13,3.7135,GBP
IE0008368742,2023-01-13,209.60,USD
IE00B0M63516,2023-01-13,23.99,USD
IGLS.L,2023-01-13,126,GBP
IGWD.L,2023-01-13,7084,GBp
INXG.L,2023-01-13,14.188,GBP
ISPE.L,2023-01-13,5.047,GBP
IUAG.L,2023-01-13,95.14,USD
IWDG.L,2023-01-13,689.5,GBp
JFM0003373,2023-01-13,147.83,USD
KNSL,2023-01-13,291,USD
LU0164881194,2023-01-13,235.47,USD
LU0196696453,2023-01-13,15.08,USD
MU0129U00005,2023-01-13,304.21,USD
QQQ,2023-01-13,280.97,USD
SGLN.L,2023-01-13,3053,GBp
SPOG,2023-01-13,2110.75,GBp
0639.HK,2023-01-16,2.73,HKD
BCHS.L,2023-01-16,5174,GBp
BKCH,2023-01-16,3.912,USD
CNX1.L,2023-01-16,53558.5,GBp
DPYG.L,2023-01-16,4.7805,GBP
FLOS.L,2023-01-16,474.15,GBp
GB00B1FXTF86,2023-01-16,7.71,GBP
GHYS.L,2023-01-16,86.28,GBP
IDTG.L,2023-01-16,3.6595,GBP
IE0008368742,2023-01-16,211.24,USD
IE00B0M63516,2023-01-16,23.55,USD
IGLS.L,2023-01-16,125.95,GBP
IGWD.L,2023-01-16,7123,GBp
INXG.L,2023-01-16,14.182,GBP
ISPE.L,2023-01-16,5.0735,GBP
IUAG.L,2023-01-16,94.92,USD
IWDG.L,2023-01-16,693.75,GBp
LU0164881194,2023-01-16,233.49,USD
LU0196696453,2023-01-16,14.83,USD
MU0129U00005,2023-01-16,302.31,USD
SGLN.L,2023-01-16,3059,GBp
SPOG,2023-01-16,2109,GBp
0639.HK,2023-01-17,2.76,HKD
0P00000YAN,2023-01-17,148.65,USD
BCHS.L,2023-01-17,5129.5,GBp
BKCH,2023-01-17,3.8775,USD
CNX1.L,2023-01-17,53359,GBp
DPYG.L,2023-01-17,4.78925,GBP
FLOS.L,2023-01-17,474.475,GBp
GB00B1FXTF86,2023-01-17,7.70,GBP
GHYS.L,2023-01-17,86.31,GBP
GRAB,2023-01-17,3.97,USD
IDTG.L,2023-01-17,3.679,GBP
IE0008368742,2023-01-17,209.61,USD
IE00B0M63516,2023-01-17,24.00,USD
IGLS.L,2023-01-17,125.96,GBP
IGWD.L,2023-01-17,7123,GBp
INXG.L,2023-01-17,14.334,GBP
ISPE.L,2023-01-17,5.0675,GBP
IUAG.L,2023-01-17,94.89,USD
IWDG.L,2023-01-17,692.875,GBp
JFM0003373,2023-01-17,148.65,USD
KNSL,2023-01-17,286.11,USD
LU0164881194,2023-01-17,234.37,USD
LU0196696453,2023-01-17,15.01,USD
MU0129U00005,2023-01-17,304.10,USD
QQQ,2023-01-17,281.54,USD
SGLN.L,2023-01-17,3035,GBp
SPOG,2023-01-17,2113.5,GBp
0639.HK,2023-01-18,2.78,HKD
0P00000YAN,2023-01-18,149.5,USD
BCHS.L,2023-01-18,5085.5,GBp
BKCH,2023-01-18,3.7095,USD
CNX1.L,2023-01-18,52735,GBp
DPYG.L,2023-01-18,4.767,GBP
FLOS.L,2023-01-18,475,GBp
GB00B1FXTF86,2023-01-18,7.68,GBP
GHYS.L,2023-01-18,86.48,GBP
GRAB,2023-01-18,3.71,USD
IDTG.L,2023-01-18,3.72425,GBP
IE0008368742,2023-01-18,210.07,USD
IE00B0M63516,2023-01-18,24.29,USD
IGLS.L,2023-01-18,126.06,GBP
IGWD.L,2023-01-18,7099.5,GBp
INXG.L,2023-01-18,14.226,GBP
ISPE.L,2023-01-18,5.0385,GBP
IUAG.L,2023-01-18,95.56,USD
IWDG.L,2023-01-18,690.75,GBp
JFM0003373,2023-01-18,149.5,USD
KNSL,2023-01-18,279.94,USD
LU0164881194,2023-01-18,236.86,USD
LU0196696453,2023-01-18,15.32,USD
MU0129U00005,2023-01-18,306.89,USD
QQQ,2023-01-18,277.88,USD
SGLN.L,2023-01-18,3007,GBp
SPOG,2023-01-18,2117.75,GBp
0639.HK,2023-01-19,2.78,HKD
0P00000YAN,2023-01-19,148.92,USD
BCHS.L,2023-01-19,4986.25,GBp
BKCH,2023-01-19,3.576,USD
CNX1.L,2023-01-19,51735,GBp
DPYG.L,2023-01-19,4.73175,GBP
FLOS.L,2023-01-19,474.725,GBp
GB00B1FXTF86,2023-01-19,7.66,GBP
GHYS.L,2023-01-19,85.93,GBP
GRAB,2023-01-19,3.59,USD
IDTG.L,2023-01-19,3.74,GBP
IE0008368742,2023-01-19,210.21,USD
IE00B0M63516,2023-01-19,23.51,USD
IGLS.L,2023-01-19,126.2,GBP
IGWD.L,2023-01-19,6979,GBp
INXG.L,2023-01-19,14.316,GBP
ISPE.L,2023-01-19,4.92375,GBP
IUAG.L,2023-01-19,95.62,USD
IWDG.L,2023-01-19,679.75,GBp
JFM0003373,2023-01-19,148.92,USD
KNSL,2023-01-19,276.41,USD
LU0164881194,2023-01-19,235.88,USD
LU0196696453,2023-01-19,14.85,USD
MU0129U00005,2023-01-19,305.19,USD
QQQ,2023-01-19,275.15,USD
SGLN.L,2023-01-19,3024,GBp
SPOG,2023-01-19,2053.5,GBp
0639.HK,2023-01-20,2.86,HKD
0P00000YAN,2023-01-20,149.9,USD
BCHS.L,2023-01-20,5084,GBp
BKCH,2023-01-20,3.78725,USD
CNX1.L,2023-01-20,52590,GBp
DPYG.L,2023-01-20,4.72375,GBP
FLOS.L,2023-01-20,475.15,GBp
GB00B1FXTF86,2023-01-20,7.66,GBP
GHYS.L,2023-01-20,85.915,GBP
GRAB,2023-01-20,3.68,USD
IDTG.L,2023-01-20,3.67575,GBP
IE0008368742,2023-01-20,212.33,USD
IE00B0M63516,2023-01-20,23.77,USD
IGLS.L,2023-01-20,126.12,GBP
IGWD.L,2023-01-20,7055,GBp
INXG.L,2023-01-20,14.182,GBP
ISPE.L,2023-01-20,4.98025,GBP
IUAG.L,2023-01-20,94.995,USD
IWDG.L,2023-01-20,686.875,GBp
JFM0003373,2023-01-20,149.9,USD
KNSL,2023-01-20,264.47,USD
LU0164881194,2023-01-20,234.87,USD
LU0196696453,2023-01-20,14.86,USD
MU0129U00005,2023-01-20,304.24,USD
QQQ,2023-01-20,282.68,USD
SGLN.L,2023-01-20,3029,GBp
SPOG,2023-01-20,2122.25,GBp
BCHS.L,2023-01-23,5242.5,GBp
BKCH,2023-01-23,4.06525,USD
CNX1.L,2023-01-23,54337,GBp
DPYG.L,2023-01-23,4.8145,GBP
FLOS.L,2023-01-23,475.225,GBp
GB00B1FXTF86,2023-01-23,7.65,GBP
GHYS.L,2023-01-23,86.19,GBP
GRAB,2023-01-23,3.74,USD
IDTG.L,2023-01-23,3.6625,GBP
IE00B0M63516,2023-01-23,24.04,USD
IGLS.L,2023-01-23,126.125,GBP
IGWD.L,2023-01-23,7175.5,GBp
INXG.L,2023-01-23,14.191,GBP
ISPE.L,2023-01-23,5.0755,GBP
IUAG.L,2023-01-23,95.02,USD
IWDG.L,2023-01-23,699.25,GBp
KNSL,2023-01-23,267.11,USD
LU0164881194,2023-01-23,234.94,USD
LU0196696453,2023-01-23,14.90,USD
QQQ,2023-01-23,288.96,USD
SGLN.L,2023-01-23,3027,GBp
SPOG,2023-01-23,2142.5,GBp
BCHS.L,2023-01-24,5274,GBp
BKCH,2023-01-24,4.1595,USD
CNX1.L,2023-01-24,54513,GBp
DPYG.L,2023-01-24,4.84,GBP
FLOS.L,2023-01-24,475.45,GBp
GB00B1FXTF86,2023-01-24,7.62,GBP
GHYS.L,2023-01-24,86.4,GBP
GRAB,2023-01-24,3.6,USD
IDTG.L,2023-01-24,3.70325,GBP
IE00B0M63516,2023-01-24,24.04,USD
IGLS.L,2023-01-24,126.34,GBP
IGWD.L,2023-01-24,7174.5,GBp
INXG.L,2023-01-24,14.386,GBP
ISPE.L,2023-01-24,5.0825,GBP
IUAG.L,2023-01-24,95.19,USD
IWDG.L,2023-01-24,698.25,GBp
KNSL,2023-01-24,274.87,USD
LU0164881194,2023-01-24,234.02,USD
LU0196696453,2023-01-24,14.94,USD
QQQ,2023-01-24,288.37,USD
SGLN.L,2023-01-24,3058,GBp
SPOG,2023-01-24,2123.25,GBp
BCHS.L,2023-01-25,5171.5,GBp
BKCH,2023-01-25,3.8705,USD
CNX1.L,2023-01-25,53584,GBp
DPYG.L,2023-01-25,4.81725,GBP
FLOS.L,2023-01-25,475.725,GBp
GB00B1FXTF86,2023-01-25,7.57,GBP
GHYS.L,2023-01-25,86.035,GBP
GRAB,2023-01-25,3.68,USD
IDTG.L,2023-01-25,3.69925,GBP
IE00B0M63516,2023-01-25,24.68,USD
IGLS.L,2023-01-25,126.48,GBP
IGWD.L,2023-01-25,7113.5,GBp
INXG.L,2023-01-25,14.32,GBP
ISPE.L,2023-01-25,5.03,GBP
IUAG.L,2023-01-25,95.135,USD
IWDG.L,2023-01-25,692.5,GBp
KNSL,2023-01-25,270.54,USD
LU0164881194,2023-01-25,230.05,USD
LU0196696453,2023-01-25,15.38,USD
QQQ,2023-01-25,287.73,USD
SGLN.L,2023-01-25,3049,GBp
SPOG,2023-01-25,2094.25,GBp
0639.HK,2023-01-26,2.95,HKD
0P00000YAN,2023-01-26,151.47,USD
BCHS.L,2023-01-26,5225.5,GBp
BKCH,2023-01-26,3.99625,USD
CNX1.L,2023-01-26,54590.5,GBp
DPYG.L,2023-01-26,4.8455,GBP
FLOS.L,2023-01-26,475.5,GBp
GHYS.L,2023-01-26,86.145,GBP
GRAB,2023-01-26,3.63,USD
IDTG.L,2023-01-26,3.69075,GBP
IE0008368742,2023-01-26,217.19,USD
IE00B0M63516,2023-01-26,24.70,USD
IGLS.L,2023-01-26,126.44,GBP
IGWD.L,2023-01-26,7182.5,GBp
INXG.L,2023-01-26,14.295,GBP
ISPE.L,2023-01-26,5.081,GBP
IUAG.L,2023-01-26,95.16,USD
IWDG.L,2023-01-26,698.875,GBp
JFM0003373,2023-01-26,151.47,USD
KNSL,2023-01-26,272.27,USD
LU0196696453,2023-01-26,15.36,USD
QQQ,2023-01-26,293.34,USD
SGLN.L,2023-01-26,3032,GBp
SPOG,2023-01-26,2111,GBp
0639.HK,2023-01-27,2.93,HKD
0P00000YAN,2023-01-27,152.33,USD
BCHS.L,2023-01-27,5273.5,GBp
BKCH,2023-01-27,4.09875,USD
CNX1.L,2023-01-27,55457,GBp
DPYG.L,2023-01-27,4.8795,GBP
FLOS.L,2023-01-27,476.175,GBp
GB00B1FXTF86,2023-01-27,7.52,GBP
GHYS.L,2023-01-27,86.255,GBP
GRAB,2023-01-27,3.71,USD
IDTG.L,2023-01-27,3.69275,GBP
IE0008368742,2023-01-27,218.37,USD
IE00B0M63516,2023-01-27,24.30,USD
IGLS.L,2023-01-27,126.32,GBP
IGWD.L,2023-01-27,7233.5,GBp
INXG.L,2023-01-27,14.31,GBP
ISPE.L,2023-01-27,5.118,GBP
IUAG.L,2023-01-27,95.05,USD
IWDG.L,2023-01-27,705.5,GBp
JFM0003373,2023-01-27,152.33,USD
KNSL,2023-01-27,273.08,USD
LU0164881194,2023-01-27,227.70,USD
LU0196696453,2023-01-27,15.15,USD
MU0129U00005,2023-01-27,298.40,USD
QQQ,2023-01-27,296.26,USD
SGLN.L,2023-01-27,3037,GBp
SPOG,2023-01-27,2140,GBp
0639.HK,2023-01-30,2.83,HKD
0P00000YAN,2023-01-30,151.77,USD
BCHS.L,2023-01-30,5251,GBp
BKCH,2023-01-30,4.148,USD
CNX1.L,2023-01-30,55056,GBp
DPYG.L,2023-01-30,4.90025,GBP
FLOS.L,2023-01-30,476.35,GBp
GB00B1FXTF86,2023-01-30,7.50,GBP
GHYS.L,2023-01-30,85.87,GBP
GRAB,2023-01-30,3.71,USD
IDTG.L,2023-01-30,3.684,GBP
IE0008368742,2023-01-30,213.51,USD
IE00B0M63516,2023-01-30,24.21,USD
IGLS.L,2023-01-30,126.42,GBP
IGWD.L,2023-01-30,7214.5,GBp
INXG.L,2023-01-30,14.392,GBP
ISPE.L,2023-01-30,5.114,GBP
IUAG.L,2023-01-30,94.95,USD
IWDG.L,2023-01-30,702.25,GBp
JFM0003373,2023-01-30,151.77,USD
KNSL,2023-01-30,273.02,USD
LU0164881194,2023-01-30,228.31,USD
LU0196696453,2023-01-30,15.09,USD
MU0129U00005,2023-01-30,299.01,USD
QQQ,2023-01-30,290.27,USD
SGLN.L,2023-01-30,3029,GBp
SPOG,2023-01-30,2105.25,GBp
0639.HK,2023-01-31,2.83,HKD
0P00000YAN,2023-01-31,149.94,USD
BCHS.L,2023-01-31,5206.5,GBp
BKCH,2023-01-31,4.047,USD
CNX1.L,2023-01-31,55425.5,GBp
DPYG.L,2023-01-31,4.88275,GBP
FLOS.L,2023-01-31,476.2,GBp
GB00B1FXTF86,2023-01-31,7.54,GBP
GHYS.L,2023-01-31,86.075,GBP
GRAB,2023-01-31,3.79,USD
IDTG.L,2023-01-31,3.6885,GBP
IE0008368742,2023-01-31,210.35,USD
IE00B0M63516,2023-01-31,24.57,USD
IGLS.L,2023-01-31,126.34,GBP
IGWD.L,2023-01-31,7210.5,GBp
INXG.L,2023-01-31,14.324,GBP
ISPE.L,2023-01-31,5.1115,GBP
IUAG.L,2023-01-31,95.02,USD
IWDG.L,2023-01-31,701.5,GBp
JFM0003373,2023-01-31,149.94,USD
KNSL,2023-01-31,278.44,USD
LU0164881194,2023-01-31,228.65,USD
LU0196696453,2023-01-31,15.36,USD
MU0129U00005,2023-01-31,298.50,USD
QQQ,2023-01-31,294.62,USD
SGLN.L,2023-01-31,3050,GBp
SPOG,2023-01-31,2104.25,GBp
0639.HK,2023-02-01,2.85,HKD
0P00000YAN,2023-02-01,151.49,USD
BCHS.L,2023-02-01,5242,GBp
BKCH,2023-02-01,3.9985,USD
CNX1.L,2023-02-01,55684.5,GBp
DPYG.L,2023-02-01,4.891,GBP
FLOS.L,2023-02-01,476.175,GBp
GB00B1FXTF86,2023-02-01,7.52,GBP
GHYS.L,2023-02-01,86.27,GBP
GRAB,2023-02-01,3.72,USD
IDTG.L,2023-02-01,3.70625,GBP
IE0008368742,2023-02-01,213.27,USD
IE00B0M63516,2023-02-01,24.26,USD
IGLS.L,2023-02-01,126.52,GBP
IGWD.L,2023-02-01,7230,GBp
INXG.L,2023-02-01,14.244,GBP
ISPE.L,2023-02-01,5.145,GBP
IUAG.L,2023-02-01,95.14,USD
IWDG.L,2023-02-01,704,GBp
JFM0003373,2023-02-01,151.49,USD
KNSL,2023-02-01,282.41,USD
LU0164881194,2023-02-01,228.16,USD
LU0196696453,2023-02-01,15.16,USD
MU0129U00005,2023-02-01,298.68,USD
QQQ,2023-02-01,300.92,USD
SGLN.L,2023-02-01,3051,GBp
SPOG,2023-02-01,2050.25,GBp
0639.HK,2023-02-02,2.91,HKD
0P00000YAN,2023-02-02,151.74,USD
BCHS.L,2023-02-02,5707,GBp
BKCH,2023-02-02,4.67325,USD
CNX1.L,2023-02-02,59170,GBp
DPYG.L,2023-02-02,5.0615,GBP
FLOS.L,2023-02-02,476.625,GBp
GB00B1FXTF86,2023-02-02,7.52,GBP
GHYS.L,2023-02-02,87.51,GBP
GRAB,2023-02-02,3.63,USD
IDTG.L,2023-02-02,3.78075,GBP
IE0008368742,2023-02-02,213.05,USD
IE00B0M63516,2023-02-02,24.28,USD
IGLS.L,2023-02-02,127.52,GBP
IGWD.L,2023-02-02,7398.5,GBp
INXG.L,2023-02-02,14.82,GBP
ISPE.L,2023-02-02,5.282,GBP
IUAG.L,2023-02-02,96.25,USD
IWDG.L,2023-02-02,720.5,GBp
JFM0003373,2023-02-02,151.74,USD
KNSL,2023-02-02,283,USD
LU0164881194,2023-02-02,227.38,USD
LU0196696453,2023-02-02,15.39,USD
MU0129U00005,2023-02-02,299.21,USD
QQQ,2023-02-02,311.72,USD
SGLN.L,2023-02-02,3049,GBp
SPOG,2023-02-02,2030.5,GBp
0639.HK,2023-02-03,2.82,HKD
0P00000YAN,2023-02-03,151.98,USD
BCHS.L,2023-02-03,5797,GBp
BKCH,2023-02-03,4.64275,USD
CNX1.L,2023-02-03,60012.5,GBp
DPYG.L,2023-02-03,4.99125,GBP
FLOS.L,2023-02-03,476.775,GBp
GB00B1FXTF86,2023-02-03,7.64,GBP
GHYS.L,2023-02-03,87.45,GBP
GRAB,2023-02-03,3.55,USD
IDTG.L,2023-02-03,3.69175,GBP
IE0008368742,2023-02-03,210.36,USD
IE00B0M63516,2023-02-03,23.54,USD
IGLS.L,2023-02-03,127.34,GBP
IGWD.L,2023-02-03,7408,GBp
INXG.L,2023-02-03,14.554,GBP
ISPE.L,2023-02-03,5.245,GBP
IUAG.L,2023-02-03,95.14,USD
IWDG.L,2023-02-03,722,GBp
JFM0003373,2023-02-03,151.98,USD
KNSL,2023-02-03,290.5,USD
LU0164881194,2023-02-03,231.80,USD
LU0196696453,2023-02-03,14.90,USD
MU0129U00005,2023-02-03,302.29,USD
QQQ,2023-02-03,306.18,USD
SGLN.L,2023-02-03,3006,GBp
SPOG,2023-02-03,2050.25,GBp
0639.HK,2023-02-06,2.76,HKD
0P00000YAN,2023-02-06,149.73,USD
BCHS.L,2023-02-06,5589.5,GBp
BKCH,2023-02-06,4.382,USD
CNX1.L,2023-02-06,59225,GBp
DPYG.L,2023-02-06,4.95675,GBP
FLOS.L,2023-02-06,476.85,GBp
GB00B1FXTF86,2023-02-06,7.72,GBP
GHYS.L,2023-02-06,86.56,GBP
GRAB,2023-02-06,3.46,USD
IDTG.L,2023-02-06,3.684,GBP
IE00B0M63516,2023-02-06,22.92,USD
IGLS.L,2023-02-06,126.72,GBP
IGWD.L,2023-02-06,7325.5,GBp
INXG.L,2023-02-06,14.434,GBP
ISPE.L,2023-02-06,5.184,GBP
IUAG.L,2023-02-06,94.56,USD
IWDG.L,2023-02-06,712.75,GBp
JFM0003373,2023-02-06,149.73,USD
KNSL,2023-02-06,297,USD
LU0164881194,2023-02-06,227.87,USD
LU0196696453,2023-02-06,14.36,USD
MU0129U00005,2023-02-06,298.14,USD
QQQ,2023-02-06,303.59,USD
SGLN.L,2023-02-06,3030,GBp
SPOG,2023-02-06,2019.5,GBp
0639.HK,2023-02-07,2.79,HKD
0P00000YAN,2023-02-07,149.41,USD
BCHS.L,2023-02-07,5541,GBp
BKCH,2023-02-07,4.22775,USD
CNX1.L,2023-02-07,59131,GBp
DPYG.L,2023-02-07,4.902,GBP
FLOS.L,2023-02-07,476.825,GBp
GB00B1FXTF86,2023-02-07,7.74,GBP
GHYS.L,2023-02-07,86.505,GBP
GRAB,2023-02-07,3.5,USD
IDTG.L,2023-02-07,3.6715,GBP
IE0008368742,2023-02-07,205.36,USD
IE00B0M63516,2023-02-07,22.82,USD
IGLS.L,2023-02-07,126.55,GBP
IGWD.L,2023-02-07,7317,GBp
INXG.L,2023-02-07,14.35,GBP
ISPE.L,2023-02-07,5.1495,GBP
IUAG.L,2023-02-07,94.47,USD
IWDG.L,2023-02-07,710.625,GBp
JFM0003373,2023-02-07,149.41,USD
KNSL,2023-02-07,302.87,USD
LU0164881194,2023-02-07,226.84,USD
LU0196696453,2023-02-07,14.35,USD
MU0129U00005,2023-02-07,297.28,USD
QQQ,2023-02-07,309.88,USD
SGLN.L,2023-02-07,3044,GBp
SPOG,2023-02-07,2030.75,GBp
0639.HK,2023-02-08,2.81,HKD
0P00000YAN,2023-02-08,149.8,USD
BCHS.L,2023-02-08,5542.5,GBp
BKCH,2023-02-08,4.24375,USD
CNX1.L,2023-02-08,58732,GBp
DPYG.L,2023-02-08,4.92425,GBP
FLOS.L,2023-02-08,476.925,GBp
GB00B1FXTF86,2023-02-08,7.75,GBP
GHYS.L,2023-02-08,86.49,GBP
GRAB,2023-02-08,3.61,USD
IDTG.L,2023-02-08,3.62575,GBP
IE0008368742,2023-02-08,206.29,USD
IE00B0M63516,2023-02-08,22.93,USD
IGLS.L,2023-02-08,126.56,GBP
IGWD.L,2023-02-08,7318.5,GBp
INXG.L,2023-02-08,14.2,GBP
ISPE.L,2023-02-08,5.1685,GBP
IUAG.L,2023-02-08,94.3,USD
IWDG.L,2023-02-08,712.25,GBp
JFM0003373,2023-02-08,149.8,USD
KNSL,2023-02-08,299,USD
LU0164881194,2023-02-08,230.40,USD
LU0196696453,2023-02-08,14.47,USD
MU0129U00005,2023-02-08,300.12,USD
QQQ,2023-02-08,304.37,USD
SGLN.L,2023-02-08,3027,GBp
SPOG,2023-02-08,2052.25,GBp
0639.HK,2023-02-09,2.78,HKD
0P00000YAN,2023-02-09,149.26,USD
BCHS.L,2023-02-09,5506,GBp
BKCH,2023-02-09,4.048,USD
CNX1.L,2023-02-09,58547,GBp
DPYG.L,2023-02-09,4.9125,GBP
FLOS.L,2023-02-09,477.25,GBp
GB00B1FXTF86,2023-02-09,7.70,GBP
GHYS.L,2023-02-09,86.505,GBP
GRAB,2023-02-09,3.44,USD
IDTG.L,2023-02-09,3.6855,GBP
IE0008368742,2023-02-09,208.84,USD
IE00B0M63516,2023-02-09,22.81,USD
IGLS.L,2023-02-09,126.45,GBP
IGWD.L,2023-02-09,7337,GBp
INXG.L,2023-02-09,14.352,GBP
ISPE.L,2023-02-09,5.1755,GBP
IUAG.L,2023-02-09,94.65,USD
IWDG.L,2023-02-09,714.125,GBp
JFM0003373,2023-02-09,149.26,USD
KNSL,2023-02-09,294.39,USD
LU0164881194,2023-02-09,230.46,USD
LU0196696453,2023-02-09,14.29,USD
MU0129U00005,2023-02-09,300.88,USD
QQQ,2023-02-09,301.68,USD
SGLN.L,2023-02-09,3002.5,GBp
SPOG,2023-02-09,2044.25,GBp
0639.HK,2023-02-10,2.75,HKD
0P00000YAN,2023-02-10,148.4,USD
BCHS.L,2023-02-10,5345,GBp
BKCH,2023-02-10,3.73625,USD
CNX1.L,2023-02-10,57790.5,GBp
DPYG.L,2023-02-10,4.8675,GBP
FLOS.L,2023-02-10,477.475,GBp
GB00B1FXTF86,2023-02-10,7.78,GBP
GHYS.L,2023-02-10,86.09,GBP
GRAB,2023-02-10,3.33,USD
IDTG.L,2023-02-10,3.59425,GBP
IE0008368742,2023-02-10,205.17,USD
IE00B0M63516,2023-02-10,22.76,USD
IGLS.L,2023-02-10,126.18,GBP
IGWD.L,2023-02-10,7261.5,GBp
INXG.L,2023-02-10,14.209,GBP
ISPE.L,2023-02-10,5.12,GBP
IUAG.L,2023-02-10,93.87,USD
IWDG.L,2023-02-10,706.75,GBp
JFM0003373,2023-02-10,148.4,USD
KNSL,2023-02-10,290.29,USD
LU0164881194,2023-02-10,229.77,USD
LU0196696453,2023-02-10,14.13,USD
MU0129U00005,2023-02-10,300.44,USD
QQQ,2023-02-10,299.7,USD
SGLN.L,2023-02-10,3001,GBp
SPOG,2023-02-10,2090.25,GBp
0639.HK,2023-02-13,2.73,HKD
0P00000YAN,2023-02-13,147.42,USD
BCHS.L,2023-02-13,5292,GBp
BKCH,2023-02-13,3.691,USD
CNX1.L,2023-02-13,58409,GBp
DPYG.L,2023-02-13,4.9,GBP
FLOS.L,2023-02-13,477.6,GBp
GB00B1FXTF86,2023-02-13,7.70,GBP
GHYS.L,2023-02-13,85.87,GBP
GRAB,2023-02-13,3.37,USD
IDTG.L,2023-02-13,3.60025,GBP
IE0008368742,2023-02-13,205.64,USD
IE00B0M63516,2023-02-13,23.22,USD
IGLS.L,2023-02-13,126.1,GBP
IGWD.L,2023-02-13,7336,GBp
INXG.L,2023-02-13,14.191,GBP
ISPE.L,2023-02-13,5.17,GBP
IUAG.L,2023-02-13,93.86,USD
IWDG.L,2023-02-13,714.375,GBp
JFM0003373,2023-02-13,147.42,USD
KNSL,2023-02-13,297.83,USD
LU0164881194,2023-02-13,228.64,USD
LU0196696453,2023-02-13,14.54,USD
MU0129U00005,2023-02-13,297.78,USD
QQQ,2023-02-13,304.5,USD
SGLN.L,2023-02-13,2975,GBp
SPOG,2023-02-13,2101.25,GBp
0639.HK,2023-02-14,2.65,HKD
0P00000YAN,2023-02-14,147.61,USD
BCHS.L,2023-02-14,5298,GBp
BKCH,2023-02-14,3.76775,USD
CNX1.L,2023-02-14,57947,GBp
DPYG.L,2023-02-14,4.8895,GBP
FLOS.L,2023-02-14,477.8,GBp
GB00B1FXTF86,2023-02-14,7.63,GBP
GHYS.L,2023-02-14,85.725,GBP
GRAB,2023-02-14,3.48,USD
IDTG.L,2023-02-14,3.5825,GBP
IE0008368742,2023-02-14,206.03,USD
IE00B0M63516,2023-02-14,23.12,USD
IGLS.L,2023-02-14,125.625,GBP
IGWD.L,2023-02-14,7315.5,GBp
INXG.L,2023-02-14,13.988,GBP
ISPE.L,2023-02-14,5.1535,GBP
IUAG.L,2023-02-14,93.47,USD
IWDG.L,2023-02-14,709.75,GBp
JFM0003373,2023-02-14,147.61,USD
KNSL,2023-02-14,290.5,USD
LU0164881194,2023-02-14,228.39,USD
LU0196696453,2023-02-14,14.40,USD
MU0129U00005,2023-02-14,299.25,USD
QQQ,2023-02-14,306.75,USD
SGLN.L,2023-02-14,2961.5,GBp
SPOG,2023-02-14,2093.5,GBp
0639.HK,2023-02-15,2.64,HKD
0P00000YAN,2023-02-15,146.19,USD
BCHS.L,2023-02-15,5471,GBp
BKCH,2023-02-15,4.0985,USD
CNX1.L,2023-02-15,59503.5,GBp
DPYG.L,2023-02-15,4.8675,GBP
FLOS.L,2023-02-15,477.675,GBp
GB00B1FXTF86,2023-02-15,7.70,GBP
GHYS.L,2023-02-15,85.795,GBP
GRAB,2023-02-15,3.68,USD
IDTG.L,2023-02-15,3.57225,GBP
IE0008368742,2023-02-15,202.58,USD
IE00B0M63516,2023-02-15,23.17,USD
IGLS.L,2023-02-15,125.9,GBP
IGWD.L,2023-02-15,7352.5,GBp
INXG.L,2023-02-15,13.998,GBP
ISPE.L,2023-02-15,5.186,GBP
IUAG.L,2023-02-15,93.54,USD
IWDG.L,2023-02-15,716.125,GBp
JFM0003373,2023-02-15,146.19,USD
KNSL,2023-02-15,299.63,USD
LU0164881194,2023-02-15,230.02,USD
LU0196696453,2023-02-15,14.42,USD
MU0129U00005,2023-02-15,300.49,USD
QQQ,2023-02-15,309.1,USD
SGLN.L,2023-02-15,2971.5,GBp
SPOG,2023-02-15,2062.5,GBp
0639.HK,2023-02-16,2.61,HKD
0P00000YAN,2023-02-16,146.62,USD
BCHS.L,2023-02-16,5576,GBp
BKCH,2023-02-16,4.4135,USD
CNX1.L,2023-02-16,59582.5,GBp
DPYG.L,2023-02-16,4.83775,GBP
FLOS.L,2023-02-16,478.3,GBp
GB00B1FXTF86,2023-02-16,7.73,GBP
GHYS.L,2023-02-16,85.795,GBP
GRAB,2023-02-16,3.67,USD
IDTG.L,2023-02-16,3.54125,GBP
IE0008368742,2023-02-16,202.94,USD
IE00B0M63516,2023-02-16,22.95,USD
IGLS.L,2023-02-16,125.935,GBP
IGWD.L,2023-02-16,7356,GBp
INXG.L,2023-02-16,13.986,GBP
ISPE.L,2023-02-16,5.1745,GBP
IUAG.L,2023-02-16,93.29,USD
IWDG.L,2023-02-16,715.625,GBp
JFM0003373,2023-02-16,146.62,USD
KNSL,2023-02-16,292.01,USD
LU0164881194,2023-02-16,231.40,USD
LU0196696453,2023-02-16,14.21,USD
MU0129U00005,2023-02-16,300.73,USD
QQQ,2023-02-16,303.3,USD
SGLN.L,2023-02-16,2978.5,GBp
SPOG,2023-02-16,2060.5,GBp
0639.HK,2023-02-17,2.65,HKD
0P00000YAN,2023-02-17,145.82,USD
BCHS.L,2023-02-17,5357.5,GBp
BKCH,2023-02-17,4.037,USD
CNX1.L,2023-02-17,58018,GBp
DPYG.L,2023-02-17,4.7975,GBP
FLOS.L,2023-02-17,478.4,GBp
GB00B1FXTF86,2023-02-17,7.74,GBP
GHYS.L,2023-02-17,85.5,GBP
GRAB,2023-02-17,3.48,USD
IDTG.L,2023-02-17,3.516,GBP
IE0008368742,2023-02-17,200.92,USD
IE00B0M63516,2023-02-17,23.32,USD
IGLS.L,2023-02-17,125.865,GBP
IGWD.L,2023-02-17,7254,GBp
INXG.L,2023-02-17,13.82,GBP
ISPE.L,2023-02-17,5.102,GBP
IUAG.L,2023-02-17,93.08,USD
IWDG.L,2023-02-17,706,GBp
JFM0003373,2023-02-17,145.82,USD
KNSL,2023-02-17,334.31,USD
LU0164881194,2023-02-17,229.84,USD
LU0196696453,2023-02-17,14.48,USD
MU0129U00005,2023-02-17,298.45,USD
QQQ,2023-02-17,301.16,USD
SGLN.L,2023-02-17,2982,GBp
SPOG,2023-02-17,1958.75,GBp
0639.HK,2023-02-20,2.73,HKD
BCHS.L,2023-02-20,5438.5,GBp
BKCH,2023-02-20,4.22975,USD
CNX1.L,2023-02-20,58258,GBp
DPYG.L,2023-02-20,4.80225,GBP
FLOS.L,2023-02-20,478.125,GBp
GB00B1FXTF86,2023-02-20,7.68,GBP
GHYS.L,2023-02-20,85.695,GBP
IDTG.L,2023-02-20,3.535,GBP
IE0008368742,2023-02-20,204.13,USD
IE00B0M63516,2023-02-20,23.40,USD
IGLS.L,2023-02-20,126.09,GBP
IGWD.L,2023-02-20,7275,GBp
INXG.L,2023-02-20,13.919,GBP
ISPE.L,2023-02-20,5.108,GBP
IUAG.L,2023-02-20,93.15,USD
IWDG.L,2023-02-20,708.25,GBp
LU0164881194,2023-02-20,229.69,USD
MU0129U00005,2023-02-20,297.71,USD
SGLN.L,2023-02-20,2984,GBp
SPOG,2023-02-20,1942,GBp
0639.HK,2023-02-21,2.73,HKD
0P00000YAN,2023-02-21,145.59,USD
BCHS.L,2023-02-21,5269,GBp
BKCH,2023-02-21,3.97525,USD
CNX1.L,2023-02-21,56806.5,GBp
DPYG.L,2023-02-21,4.7505,GBP
FLOS.L,2023-02-21,478.275,GBp
GB00B1FXTF86,2023-02-21,7.67,GBP
GHYS.L,2023-02-21,85.06,GBP
GRAB,2023-02-21,3.4,USD
IDTG.L,2023-02-21,3.4985,GBP
IE0008368742,2023-02-21,201.73,USD
IE00B0M63516,2023-02-21,23.16,USD
IGLS.L,2023-02-21,125.51,GBP
IGWD.L,2023-02-21,7196,GBp
INXG.L,2023-02-21,13.72,GBP
ISPE.L,2023-02-21,5.0425,GBP
IUAG.L,2023-02-21,92.78,USD
IWDG.L,2023-02-21,700.5,GBp
JFM0003373,2023-02-21,145.59,USD
KNSL,2023-02-21,320.13,USD
LU0164881194,2023-02-21,228.61,USD
MU0129U00005,2023-02-21,296.99,USD
QQQ,2023-02-21,294.03,USD
SGLN.L,2023-02-21,2952,GBp
SPOG,2023-02-21,1926.75,GBp
0639.HK,2023-02-22,2.67,HKD
0P00000YAN,2023-02-22,144.58,USD
BCHS.L,2023-02-22,5194.5,GBp
BKCH,2023-02-22,3.83725,USD
CNX1.L,2023-02-22,56756.5,GBp
DPYG.L,2023-02-22,4.7415,GBP
FLOS.L,2023-02-22,478.15,GBp
GB00B1FXTF86,2023-02-22,7.61,GBP
GHYS.L,2023-02-22,85.155,GBP
GRAB,2023-02-22,3.5,USD
IDTG.L,2023-02-22,3.51225,GBP
IE0008368742,2023-02-22,198.69,USD
IE00B0M63516,2023-02-22,22.79,USD
IGLS.L,2023-02-22,125.54,GBP
IGWD.L,2023-02-22,7168,GBp
INXG.L,2023-02-22,13.786,GBP
ISPE.L,2023-02-22,5.0245,GBP
IUAG.L,2023-02-22,92.71,USD
IWDG.L,2023-02-22,697.875,GBp
JFM0003373,2023-02-22,144.58,USD
KNSL,2023-02-22,322.4,USD
LU0164881194,2023-02-22,225.25,USD
LU0196696453,2023-02-22,14.51,USD
MU0129U00005,2023-02-22,293.58,USD
QQQ,2023-02-22,294.25,USD
SGLN.L,2023-02-22,2960,GBp
SPOG,2023-02-22,1914.5,GBp
0639.HK,2023-02-23,2.69,HKD
0P00000YAN,2023-02-23,143.79,USD
BCHS.L,2023-02-23,5231,GBp
BKCH,2023-02-23,3.8725,USD
CNX1.L,2023-02-23,56938,GBp
DPYG.L,2023-02-23,4.7285,GBP
FLOS.L,2023-02-23,478.475,GBp
GB00B1FXTF86,2023-02-23,7.63,GBP
GHYS.L,2023-02-23,85.265,GBP
GRAB,2023-02-23,3.21,USD
IDTG.L,2023-02-23,3.551,GBP
IE0008368742,2023-02-23,198.04,USD
IE00B0M63516,2023-02-23,23.06,USD
IGLS.L,2023-02-23,125.565,GBP
IGWD.L,2023-02-23,7149,GBp
INXG.L,2023-02-23,13.747,GBP
ISPE.L,2023-02-23,5.0025,GBP
IUAG.L,2023-02-23,92.87,USD
IWDG.L,2023-02-23,696.75,GBp
JFM0003373,2023-02-23,143.79,USD
KNSL,2023-02-23,321.44,USD
LU0164881194,2023-02-23,225.08,USD
LU0196696453,2023-02-23,14.40,USD
MU0129U00005,2023-02-23,293.68,USD
QQQ,2023-02-23,296.82,USD
SGLN.L,2023-02-23,2952,GBp
SPOG,2023-02-23,1947.5,GBp
0639.HK,2023-02-24,2.68,HKD
0P00000YAN,2023-02-24,142.87,USD
BCHS.L,2023-02-24,5168.5,GBp
BKCH,2023-02-24,3.7865,USD
CNX1.L,2023-02-24,56798.5,GBp
DPYG.L,2023-02-24,4.704,GBP
FLOS.L,2023-02-24,478.6,GBp
GB00B1FXTF86,2023-02-24,7.63,GBP
GHYS.L,2023-02-24,84.92,GBP
GRAB,2023-02-24,3.1,USD
IDTG.L,2023-02-24,3.50875,GBP
IE0008368742,2023-02-24,195.09,USD
IE00B0M63516,2023-02-24,22.64,USD
IGLS.L,2023-02-24,125.34,GBP
IGWD.L,2023-02-24,7100.5,GBp
INXG.L,2023-02-24,13.639,GBP
ISPE.L,2023-02-24,4.97675,GBP
IUAG.L,2023-02-24,92.43,USD
IWDG.L,2023-02-24,691.25,GBp
JFM0003373,2023-02-24,142.87,USD
KNSL,2023-02-24,316.54,USD
LU0164881194,2023-02-24,224.60,USD
LU0196696453,2023-02-24,13.99,USD
MU0129U00005,2023-02-24,293.67,USD
QQQ,2023-02-24,291.85,USD
SGLN.L,2023-02-24,2956,GBp
SPOG,2023-02-24,1963.75,GBp
0639.HK,2023-02-27,2.62,HKD
0P00000YAN,2023-02-27,141.78,USD
BCHS.L,2023-02-27,5172,GBp
BKCH,2023-02-27,3.7795,USD
CNX1.L,2023-02-27,56992.5,GBp
DPYG.L,2023-02-27,4.73,GBP
FLOS.L,2023-02-27,478.525,GBp
GB00B1FXTF86,2023-02-27,7.59,GBP
GHYS.L,2023-02-27,85.43,GBP
GRAB,2023-02-27,3.17,USD
IDTG.L,2023-02-27,3.49675,GBP
IE0008368742,2023-02-27,193.81,USD
IE00B0M63516,2023-02-27,22.47,USD
IGLS.L,2023-02-27,125.115,GBP
IGWD.L,2023-02-27,7158,GBp
INXG.L,2023-02-27,13.573,GBP
ISPE.L,2023-02-27,5.0175,GBP
IUAG.L,2023-02-27,92.48,USD
IWDG.L,2023-02-27,697.5,GBp
JFM0003373,2023-02-27,141.78,USD
KNSL,2023-02-27,317.04,USD
LU0164881194,2023-02-27,223.57,USD
LU0196696453,2023-02-27,13.96,USD
MU0129U00005,2023-02-27,291.99,USD
QQQ,2023-02-27,293.94,USD
SGLN.L,2023-02-27,2938,GBp
SPOG,2023-02-27,1982,GBp
0639.HK,2023-02-28,2.52,HKD
0P00000YAN,2023-02-28,141.5,USD
BCHS.L,2023-02-28,5191,GBp
BKCH,2023-02-28,3.92475,USD
CNX1.L,2023-02-28,56579,GBp
DPYG.L,2023-02-28,4.7515,GBP
FLOS.L,2023-02-28,479.05,GBp
GB00B1FXTF86,2023-02-28,7.60,GBP
GHYS.L,2023-02-28,85.515,GBP
GRAB,2023-02-28,3.21,USD
IDTG.L,2023-02-28,3.501,GBP
IE0008368742,2023-02-28,192.68,USD
IE00B0M63516,2023-02-28,22.26,USD
IGLS.L,2023-02-28,125.18,GBP
IGWD.L,2023-02-28,7147.5,GBp
INXG.L,2023-02-28,13.62,GBP
ISPE.L,2023-02-28,5.009,GBP
IUAG.L,2023-02-28,92.62,USD
IWDG.L,2023-02-28,696.125,GBp
JFM0003373,2023-02-28,141.5,USD
KNSL,2023-02-28,318.7,USD
LU0164881194,2023-02-28,223.43,USD
LU0196696453,2023-02-28,13.87,USD
MU0129U00005,2023-02-28,292.10,USD
QQQ,2023-02-28,293.56,USD
SGLN.L,2023-02-28,2936,GBp
SPOG,2023-02-28,1960.5,GBp
0639.HK,2023-03-01,2.58,HKD
0P00000YAN,2023-03-01,142.17,USD
BCHS.L,2023-03-01,5197,GBp
BKCH,2023-03-01,3.811,USD
CNX1.L,2023-03-01,56377,GBp
DPYG.L,2023-03-01,4.62875,GBP
FLOS.L,2023-03-01,478.8,GBp
GB00B1FXTF86,2023-03-01,7.70,GBP
GHYS.L,2023-03-01,84.99,GBP
GRAB,2023-03-01,3.1,USD
IDTG.L,2023-03-01,3.4795,GBP
IE0008368742,2023-03-01,199.68,USD
IE00B0M63516,2023-03-01,22.05,USD
IGLS.L,2023-03-01,125.13,GBP
IGWD.L,2023-03-01,7104.5,GBp
INXG.L,2023-03-01,13.448,GBP
ISPE.L,2023-03-01,4.9625,GBP
IUAG.L,2023-03-01,92.13,USD
IWDG.L,2023-03-01,691.625,GBp
JFM0003373,2023-03-01,142.17,USD
KNSL,2023-03-01,317.4,USD
LU0164881194,2023-03-01,225.94,USD
LU0196696453,2023-03-01,13.64,USD
MU0129U00005,2023-03-01,294.78,USD
QQQ,2023-03-01,291.2,USD
SGLN.L,2023-03-01,2978,GBp
SPOG,2023-03-01,1990.75,GBp
0639.HK,2023-03-02,2.62,HKD
0P00000YAN,2023-03-02,141.85,USD
BCHS.L,2023-03-02,5101.5,GBp
BKCH,2023-03-02,3.68575,USD
CNX1.L,2023-03-02,56459,GBp
DPYG.L,2023-03-02,4.65075,GBP
FLOS.L,2023-03-02,479.4,GBp
GB00B1FXTF86,2023-03-02,7.67,GBP
GHYS.L,2023-03-02,84.875,GBP
GRAB,2023-03-02,3.2,USD
IDTG.L,2023-03-02,3.439,GBP
IE0008368742,2023-03-02,198.77,USD
IE00B0M63516,2023-03-02,22.23,USD
IGLS.L,2023-03-02,125.2,GBP
IGWD.L,2023-03-02,7105,GBp
INXG.L,2023-03-02,13.448,GBP
ISPE.L,2023-03-02,4.958,GBP
IUAG.L,2023-03-02,91.76,USD
IWDG.L,2023-03-02,691.75,GBp
JFM0003373,2023-03-02,141.85,USD
KNSL,2023-03-02,316.75,USD
LU0164881194,2023-03-02,224.51,USD
LU0196696453,2023-03-02,13.70,USD
MU0129U00005,2023-03-02,292.74,USD
QQQ,2023-03-02,293.61,USD
SGLN.L,2023-03-02,2994.5,GBp
SPOG,2023-03-02,2029,GBp
0639.HK,2023-03-03,2.68,HKD
0P00000YAN,2023-03-03,141.64,USD
BCHS.L,2023-03-03,5151,GBp
BKCH,2023-03-03,3.74375,USD
CNX1.L,2023-03-03,57754,GBp
DPYG.L,2023-03-03,4.7255,GBP
FLOS.L,2023-03-03,479.75,GBp
GB00B1FXTF86,2023-03-03,7.73,GBP
GHYS.L,2023-03-03,85.4,GBP
GRAB,2023-03-03,3.28,USD
IDTG.L,2023-03-03,3.5085,GBP
IE0008368742,2023-03-03,200.21,USD
IE00B0M63516,2023-03-03,22.20,USD
IGLS.L,2023-03-03,125.215,GBP
IGWD.L,2023-03-03,7224,GBp
INXG.L,2023-03-03,13.488,GBP
ISPE.L,2023-03-03,5.0465,GBP
IUAG.L,2023-03-03,92.35,USD
IWDG.L,2023-03-03,703.25,GBp
JFM0003373,2023-03-03,141.64,USD
KNSL,2023-03-03,316.82,USD
LU0164881194,2023-03-03,228.47,USD
LU0196696453,2023-03-03,13.62,USD
MU0129U00005,2023-03-03,297.06,USD
QQQ,2023-03-03,299.68,USD
SGLN.L,2023-03-03,3000,GBp
SPOG,2023-03-03,2058.75,GBp
0639.HK,2023-03-06,2.69,HKD
0P00000YAN,2023-03-06,141.82,USD
BCHS.L,2023-03-06,5224.5,GBp
BKCH,2023-03-06,3.91175,USD
CNX1.L,2023-03-06,58700,GBp
DPYG.L,2023-03-06,4.76075,GBP
FLOS.L,2023-03-06,479.775,GBp
GB00B1FXTF86,2023-03-06,7.77,GBP
GHYS.L,2023-03-06,85.76,GBP
GRAB,2023-03-06,3.14,USD
IDTG.L,2023-03-06,3.52975,GBP
IE0008368742,2023-03-06,199.02,USD
IE00B0M63516,2023-03-06,22.42,USD
IGLS.L,2023-03-06,125.11,GBP
IGWD.L,2023-03-06,7291.5,GBp
INXG.L,2023-03-06,13.524,GBP
ISPE.L,2023-03-06,5.0845,GBP
IUAG.L,2023-03-06,92.71,USD
IWDG.L,2023-03-06,709.875,GBp
JFM0003373,2023-03-06,141.82,USD
KNSL,2023-03-06,320.1,USD
LU0164881194,2023-03-06,229.75,USD
LU0196696453,2023-03-06,13.80,USD
MU0129U00005,2023-03-06,299.15,USD
QQQ,2023-03-06,300.02,USD
SGLN.L,2023-03-06,2997,GBp
SPOG,2023-03-06,2032,GBp
0639.HK,2023-03-07,2.64,HKD
0P00000YAN,2023-03-07,143.31,USD
BCHS.L,2023-03-07,5151.5,GBp
BKCH,2023-03-07,3.7085,USD
CNX1.L,2023-03-07,58445.5,GBp
DPYG.L,2023-03-07,4.681,GBP
FLOS.L,2023-03-07,479.85,GBp
GHYS.L,2023-03-07,85.455,GBP
GRAB,2023-03-07,3.11,USD
IDTG.L,2023-03-07,3.537,GBP
IE0008368742,2023-03-07,197.42,USD
IE00B0M63516,2023-03-07,22.10,USD
IGLS.L,2023-03-07,125,GBP
IGWD.L,2023-03-07,7199.5,GBp
INXG.L,2023-03-07,13.548,GBP
ISPE.L,2023-03-07,4.99875,GBP
IUAG.L,2023-03-07,92.42,USD
IWDG.L,2023-03-07,701,GBp
JFM0003373,2023-03-07,143.31,USD
KNSL,2023-03-07,312.46,USD
LU0196696453,2023-03-07,13.55,USD
QQQ,2023-03-07,296.34,USD
SGLN.L,2023-03-07,2986,GBp
SPOG,2023-03-07,2038.75,GBp
0639.HK,2023-03-08,2.6,HKD
0P00000YAN,2023-03-08,142.26,USD
BCHS.L,2023-03-08,5148.5,GBp
BKCH,2023-03-08,3.65025,USD
CNX1.L,2023-03-08,58403,GBp
DPYG.L,2023-03-08,4.6905,GBP
FLOS.L,2023-03-08,480.225,GBp
GB00B1FXTF86,2023-03-08,7.85,GBP
GHYS.L,2023-03-08,85.445,GBP
GRAB,2023-03-08,3.16,USD
IDTG.L,2023-03-08,3.5545,GBP
IE0008368742,2023-03-08,193.18,USD
IE00B0M63516,2023-03-08,22.81,USD
IGLS.L,2023-03-08,125.14,GBP
IGWD.L,2023-03-08,7187.5,GBp
INXG.L,2023-03-08,13.687,GBP
ISPE.L,2023-03-08,4.981,GBP
IUAG.L,2023-03-08,92.29,USD
IWDG.L,2023-03-08,699.75,GBp
JFM0003373,2023-03-08,142.26,USD
KNSL,2023-03-08,313.29,USD
LU0164881194,2023-03-08,228.94,USD
LU0196696453,2023-03-08,14.17,USD
MU0129U00005,2023-03-08,299.06,USD
QQQ,2023-03-08,297.82,USD
SGLN.L,2023-03-08,2994,GBp
SPOG,2023-03-08,2018.5,GBp
0639.HK,2023-03-09,2.58,HKD
0P00000YAN,2023-03-09,142.03,USD
BCHS.L,2023-03-09,5089,GBp
BKCH,2023-03-09,3.5725,USD
CNX1.L,2023-03-09,58512,GBp
DPYG.L,2023-03-09,4.64875,GBP
FLOS.L,2023-03-09,480.5,GBp
GB00B1FXTF86,2023-03-09,7.74,GBP
GHYS.L,2023-03-09,85.5,GBP
GRAB,2023-03-09,2.99,USD
IDTG.L,2023-03-09,3.5215,GBP
IE0008368742,2023-03-09,191.39,USD
IE00B0M63516,2023-03-09,22.61,USD
IGLS.L,2023-03-09,125.14,GBP
IGWD.L,2023-03-09,7190,GBp
INXG.L,2023-03-09,13.694,GBP
ISPE.L,2023-03-09,4.967,GBP
IUAG.L,2023-03-09,92.28,USD
IWDG.L,2023-03-09,700,GBp
JFM0003373,2023-03-09,142.03,USD
KNSL,2023-03-09,307.69,USD
LU0164881194,2023-03-09,227.23,USD
LU0196696453,2023-03-09,14.02,USD
MU0129U00005,2023-03-09,296.54,USD
QQQ,2023-03-09,292.66,USD
SGLN.L,2023-03-09,2987.5,GBp
SPOG,2023-03-09,2012,GBp
0639.HK,2023-03-10,2.51,HKD
0P00000YAN,2023-03-10,140.5,USD
BCHS.L,2023-03-10,4875.75,GBp
BKCH,2023-03-10,3.352,USD
CNX1.L,2023-03-10,56689.5,GBp
DPYG.L,2023-03-10,4.539,GBP
FLOS.L,2023-03-10,478.85,GBp
GB00B1FXTF86,2023-03-10,7.63,GBP
GHYS.L,2023-03-10,85.16,GBP
GRAB,2023-03-10,2.85,USD
IDTG.L,2023-03-10,3.6335,GBP
IE0008368742,2023-03-10,187.72,USD
IE00B0M63516,2023-03-10,22.27,USD
IGLS.L,2023-03-10,125.62,GBP
IGWD.L,2023-03-10,7059.5,GBp
INXG.L,2023-03-10,13.919,GBP
ISPE.L,2023-03-10,4.86625,GBP
IUAG.L,2023-03-10,93.32,USD
IWDG.L,2023-03-10,687.625,GBp
JFM0003373,2023-03-10,140.5,USD
KNSL,2023-03-10,294.19,USD
LU0164881194,2023-03-10,224.72,USD
LU0196696453,2023-03-10,13.73,USD
MU0129U00005,2023-03-10,293.70,USD
QQQ,2023-03-10,288.55,USD
SGLN.L,2023-03-10,2997.5,GBp
SPOG,2023-03-10,1956.5,GBp
0639.HK,2023-03-13,2.59,HKD
0P00000YAN,2023-03-13,140.49,USD
BCHS.L,2023-03-13,4781.25,GBp
BKCH,2023-03-13,3.51325,USD
CNX1.L,2023-03-13,56061,GBp
DPYG.L,2023-03-13,4.48075,GBP
FLOS.L,2023-03-13,476.075,GBp
GB00B1FXTF86,2023-03-13,7.51,GBP
GHYS.L,2023-03-13,84.795,GBP
GRAB,2023-03-13,2.86,USD
IDTG.L,2023-03-13,3.7105,GBP
IE0008368742,2023-03-13,190.35,USD
IE00B0M63516,2023-03-13,21.75,USD
IGLS.L,2023-03-13,126.31,GBP
IGWD.L,2023-03-13,6948,GBp
INXG.L,2023-03-13,14.236,GBP
ISPE.L,2023-03-13,4.7285,GBP
IUAG.L,2023-03-13,94.72,USD
IWDG.L,2023-03-13,677.125,GBp
JFM0003373,2023-03-13,140.49,USD
KNSL,2023-03-13,288.03,USD
LU0164881194,2023-03-13,221.34,USD
LU0196696453,2023-03-13,13.43,USD
MU0129U00005,2023-03-13,289.62,USD
QQQ,2023-03-13,290.69,USD
SGLN.L,2023-03-13,3053,GBp
SPOG,2023-03-13,1855.5,GBp
0639.HK,2023-03-14,2.52,HKD
0P00000YAN,2023-03-14,138.37,USD
BCHS.L,2023-03-14,4867.25,GBp
BKCH,2023-03-14,3.81275,USD
CNX1.L,2023-03-14,56939.5,GBp
DPYG.L,2023-03-14,4.54925,GBP
FLOS.L,2023-03-14,476.1,GBp
GB00B1FXTF86,2023-03-14,7.37,GBP
GHYS.L,2023-03-14,85.02,GBP
GRAB,2023-03-14,2.91,USD
IDTG.L,2023-03-14,3.633,GBP
IE0008368742,2023-03-14,187.22,USD
IE00B0M63516,2023-03-14,21.75,USD
IGLS.L,2023-03-14,125.88,GBP
IGWD.L,2023-03-14,7023.5,GBp
INXG.L,2023-03-14,14.068,GBP
ISPE.L,2023-03-14,4.796,GBP
IUAG.L,2023-03-14,93.79,USD
IWDG.L,2023-03-14,683.875,GBp
JFM0003373,2023-03-14,138.37,USD
KNSL,2023-03-14,295.26,USD
LU0164881194,2023-03-14,220.30,USD
LU0196696453,2023-03-14,13.37,USD
MU0129U00005,2023-03-14,287.13,USD
QQQ,2023-03-14,297.37,USD
SGLN.L,2023-03-14,3052,GBp
SPOG,2023-03-14,1879.75,GBp
0639.HK,2023-03-15,2.55,HKD
0P00000YAN,2023-03-15,139.76,USD
BCHS.L,2023-03-15,4766.25,GBp
BKCH,2023-03-15,3.63,USD
CNX1.L,2023-03-15,57098.5,GBp
DPYG.L,2023-03-15,4.4645,GBP
FLOS.L,2023-03-15,470.275,GBp
GB00B1FXTF86,2023-03-15,7.44,GBP
GHYS.L,2023-03-15,84.45,GBP
GRAB,2023-03-15,2.85,USD
IDTG.L,2023-03-15,3.734,GBP
IE0008368742,2023-03-15,189.25,USD
IE00B0M63516,2023-03-15,20.94,USD
IGLS.L,2023-03-15,126.61,GBP
IGWD.L,2023-03-15,6862,GBp
INXG.L,2023-03-15,14.346,GBP
ISPE.L,2023-03-15,4.65725,GBP
IUAG.L,2023-03-15,95.04,USD
IWDG.L,2023-03-15,668.625,GBp
JFM0003373,2023-03-15,139.76,USD
KNSL,2023-03-15,288.12,USD
LU0164881194,2023-03-15,218.58,USD
LU0196696453,2023-03-15,12.99,USD
MU0129U00005,2023-03-15,285.75,USD
QQQ,2023-03-15,298.93,USD
SGLN.L,2023-03-15,3130,GBp
SPOG,2023-03-15,1727.25,GBp
0639.HK,2023-03-16,2.48,HKD
0P00000YAN,2023-03-16,139.63,USD
BCHS.L,2023-03-16,4872.75,GBp
BKCH,2023-03-16,3.7485,USD
CNX1.L,2023-03-16,58628,GBp
DPYG.L,2023-03-16,4.47075,GBP
FLOS.L,2023-03-16,470.625,GBp
GB00B1FXTF86,2023-03-16,7.44,GBP
GHYS.L,2023-03-16,84.355,GBP
GRAB,2023-03-16,2.84,USD
IDTG.L,2023-03-16,3.674,GBP
IE0008368742,2023-03-16,187.38,USD
IE00B0M63516,2023-03-16,21.30,USD
IGLS.L,2023-03-16,126.435,GBP
IGWD.L,2023-03-16,7009,GBp
INXG.L,2023-03-16,14.112,GBP
ISPE.L,2023-03-16,4.73975,GBP
IUAG.L,2023-03-16,94.53,USD
IWDG.L,2023-03-16,683,GBp
JFM0003373,2023-03-16,139.63,USD
KNSL,2023-03-16,298.91,USD
LU0164881194,2023-03-16,219.68,USD
LU0196696453,2023-03-16,13.33,USD
MU0129U00005,2023-03-16,285.68,USD
QQQ,2023-03-16,306.81,USD
SGLN.L,2023-03-16,3086,GBp
SPOG,2023-03-16,1727.5,GBp
0639.HK,2023-03-17,2.52,HKD
0P00000YAN,2023-03-17,141.43,USD
BCHS.L,2023-03-17,4912,GBp
BKCH,2023-03-17,3.99925,USD
CNX1.L,2023-03-17,58398,GBp
DPYG.L,2023-03-17,4.407,GBP
FLOS.L,2023-03-17,473.3,GBp
GB00B1FXTF86,2023-03-17,7.40,GBP
GHYS.L,2023-03-17,84.42,GBP
GRAB,2023-03-17,2.86,USD
IDTG.L,2023-03-17,3.7125,GBP
IE00B0M63516,2023-03-17,21.16,USD
IGLS.L,2023-03-17,126.81,GBP
IGWD.L,2023-03-17,6969,GBp
INXG.L,2023-03-17,14.299,GBP
ISPE.L,2023-03-17,4.6995,GBP
IUAG.L,2023-03-17,95.15,USD
IWDG.L,2023-03-17,679,GBp
JFM0003373,2023-03-17,141.43,USD
KNSL,2023-03-17,281.91,USD
LU0164881194,2023-03-17,221.87,USD
LU0196696453,2023-03-17,13.14,USD
MU0129U00005,2023-03-17,288.08,USD
QQQ,2023-03-17,305.36,USD
SGLN.L,2023-03-17,3133,GBp
SPOG,2023-03-17,1741.25,GBp
0639.HK,2023-03-20,2.48,HKD
0P00000YAN,2023-03-20,140.38,USD
BCHS.L,2023-03-20,4912,GBp
BKCH,2023-03-20,4.0505,USD
CNX1.L,2023-03-20,57764,GBp
DPYG.L,2023-03-20,4.417,GBP
FLOS.L,2023-03-20,473.425,GBp
GB00B1FXTF86,2023-03-20,7.31,GBP
GHYS.L,2023-03-20,84.5,GBP
GRAB,2023-03-20,2.79,USD
IDTG.L,2023-03-20,3.6965,GBP
IE0008368742,2023-03-20,186.15,USD
IE00B0M63516,2023-03-20,21.00,USD
IGLS.L,2023-03-20,126.885,GBP
IGWD.L,2023-03-20,6996.5,GBp
INXG.L,2023-03-20,14.16,GBP
ISPE.L,2023-03-20,4.73125,GBP
IUAG.L,2023-03-20,94.66,USD
IWDG.L,2023-03-20,681.375,GBp
JFM0003373,2023-03-20,140.38,USD
KNSL,2023-03-20,290.41,USD
LU0164881194,2023-03-20,220.40,USD
LU0196696453,2023-03-20,13.02,USD
MU0129U00005,2023-03-20,286.76,USD
QQQ,2023-03-20,305.97,USD
SGLN.L,2023-03-20,3138,GBp
SPOG,2023-03-20,1745.75,GBp
0639.HK,2023-03-21,2.56,HKD
0P00000YAN,2023-03-21,142.24,USD
BCHS.L,2023-03-21,5031,GBp
BKCH,2023-03-21,4.27375,USD
CNX1.L,2023-03-21,58865.5,GBp
DPYG.L,2023-03-21,4.42725,GBP
FLOS.L,2023-03-21,476.475,GBp
GB00B1FXTF86,2023-03-21,7.30,GBP
GHYS.L,2023-03-21,84.95,GBP
GRAB,2023-03-21,2.87,USD
IDTG.L,2023-03-21,3.644,GBP
IE0008368742,2023-03-21,190.06,USD
IE00B0M63516,2023-03-21,21.14,USD
IGLS.L,2023-03-21,126.75,GBP
IGWD.L,2023-03-21,7084.5,GBp
INXG.L,2023-03-21,14.154,GBP
ISPE.L,2023-03-21,4.79425,GBP
IUAG.L,2023-03-21,94.36,USD
IWDG.L,2023-03-21,690.375,GBp
JFM0003373,2023-03-21,142.24,USD
KNSL,2023-03-21,295.95,USD
LU0164881194,2023-03-21,221.54,USD
LU0196696453,2023-03-21,13.09,USD
MU0129U00005,2023-03-21,287.51,USD
QQQ,2023-03-21,310.34,USD
SGLN.L,2023-03-21,3103,GBp
SPOG,2023-03-21,1807.75,GBp
0639.HK,2023-03-22,2.47,HKD
0P00000YAN,2023-03-22,143.11,USD
BCHS.L,2023-03-22,5094.5,GBp
BKCH,2023-03-22,4.349,USD
CNX1.L,2023-03-22,59240,GBp
DPYG.L,2023-03-22,4.36475,GBP
FLOS.L,2023-03-22,475.8,GBp
GB00B1FXTF86,2023-03-22,7.32,GBP
GHYS.L,2023-03-22,85.085,GBP
GRAB,2023-03-22,2.78,USD
IDTG.L,2023-03-22,3.659,GBP
IE0008368742,2023-03-22,190.90,USD
IE00B0M63516,2023-03-22,20.99,USD
IGLS.L,2023-03-22,126,GBP
IGWD.L,2023-03-22,7108.5,GBp
INXG.L,2023-03-22,13.965,GBP
ISPE.L,2023-03-22,4.78725,GBP
IUAG.L,2023-03-22,94.47,USD
IWDG.L,2023-03-22,692.875,GBp
JFM0003373,2023-03-22,143.11,USD
KNSL,2023-03-22,287.29,USD
LU0164881194,2023-03-22,222.50,USD
LU0196696453,2023-03-22,13.04,USD
MU0129U00005,2023-03-22,288.29,USD
QQQ,2023-03-22,306.12,USD
SGLN.L,2023-03-22,3103,GBp
SPOG,2023-03-22,1811.5,GBp
0639.HK,2023-03-23,2.48,HKD
0P00000YAN,2023-03-23,144.57,USD
BCHS.L,2023-03-23,5014.5,GBp
BKCH,2023-03-23,4.10825,USD
CNX1.L,2023-03-23,59232,GBp
DPYG.L,2023-03-23,4.32925,GBP
FLOS.L,2023-03-23,476.05,GBp
GB00B1FXTF86,2023-03-23,7.32,GBP
GHYS.L,2023-03-23,85.4,GBP
GRAB,2023-03-23,2.75,USD
IDTG.L,2023-03-23,3.6555,GBP
IE0008368742,2023-03-23,193.47,USD
IE00B0M63516,2023-03-23,20.70,USD
IGLS.L,2023-03-23,126.73,GBP
IGWD.L,2023-03-23,7096,GBp
INXG.L,2023-03-23,14.138,GBP
ISPE.L,2023-03-23,4.7475,GBP
IUAG.L,2023-03-23,95.36,USD
IWDG.L,2023-03-23,691.5,GBp
JFM0003373,2023-03-23,144.57,USD
KNSL,2023-03-23,285.32,USD
LU0164881194,2023-03-23,222.55,USD
LU0196696453,2023-03-23,12.82,USD
MU0129U00005,2023-03-23,288.54,USD
QQQ,2023-03-23,309.75,USD
SGLN.L,2023-03-23,3150,GBp
SPOG,2023-03-23,1779.75,GBp
0639.HK,2023-03-24,2.45,HKD
0P00000YAN,2023-03-24,145,USD
BCHS.L,2023-03-24,4932.75,GBp
BKCH,2023-03-24,3.9085,USD
CNX1.L,2023-03-24,58807.5,GBp
DPYG.L,2023-03-24,4.28375,GBP
FLOS.L,2023-03-24,475.375,GBp
GB00B1FXTF86,2023-03-24,7.30,GBP
GHYS.L,2023-03-24,84.72,GBP
GRAB,2023-03-24,2.68,USD
IDTG.L,2023-03-24,3.69675,GBP
IE0008368742,2023-03-24,192.86,USD
IE00B0M63516,2023-03-24,20.61,USD
IGLS.L,2023-03-24,126.96,GBP
IGWD.L,2023-03-24,6996,GBp
INXG.L,2023-03-24,14.278,GBP
ISPE.L,2023-03-24,4.68575,GBP
IUAG.L,2023-03-24,95.62,USD
IWDG.L,2023-03-24,682.375,GBp
JFM0003373,2023-03-24,145,USD
KNSL,2023-03-24,288.2,USD
LU0164881194,2023-03-24,219.72,USD
LU0196696453,2023-03-24,12.80,USD
MU0129U00005,2023-03-24,286.07,USD
QQQ,2023-03-24,310.89,USD
SGLN.L,2023-03-24,3163,GBp
SPOG,2023-03-24,1759.5,GBp
0639.HK,2023-03-27,2.37,HKD
0P00000YAN,2023-03-27,144.7,USD
BCHS.L,2023-03-27,4860,GBp
BKCH,2023-03-27,3.76375,USD
CNX1.L,2023-03-27,58927,GBp
DPYG.L,2023-03-27,4.3495,GBP
FLOS.L,2023-03-27,476.35,GBp
GB00B1FXTF86,2023-03-27,7.26,GBP
GHYS.L,2023-03-27,84.76,GBP
GRAB,2023-03-27,2.77,USD
IDTG.L,2023-03-27,3.66,GBP
IE0008368742,2023-03-27,190.82,USD
IE00B0M63516,2023-03-27,20.75,USD
IGLS.L,2023-03-27,126.59,GBP
IGWD.L,2023-03-27,7072.5,GBp
INXG.L,2023-03-27,14.256,GBP
ISPE.L,2023-03-27,4.75,GBP
IUAG.L,2023-03-27,94.84,USD
IWDG.L,2023-03-27,689.5,GBp
JFM0003373,2023-03-27,144.7,USD
KNSL,2023-03-27,293.5,USD
LU0164881194,2023-03-27,220.58,USD
LU0196696453,2023-03-27,12.92,USD
MU0129U00005,2023-03-27,286.84,USD
QQQ,2023-03-27,308.76,USD
SGLN.L,2023-03-27,3101,GBp
SPOG,2023-03-27,1772.25,GBp
0639.HK,2023-03-28,2.38,HKD
0P00000YAN,2023-03-28,145.87,USD
BCHS.L,2023-03-28,4821.75,GBp
BKCH,2023-03-28,3.752,USD
CNX1.L,2023-03-28,57874,GBp
DPYG.L,2023-03-28,4.33175,GBP
FLOS.L,2023-03-28,475.725,GBp
GB00B1FXTF86,2023-03-28,7.24,GBP
GHYS.L,2023-03-28,84.6,GBP
GRAB,2023-03-28,2.85,USD
IDTG.L,2023-03-28,3.627,GBP
IE0008368742,2023-03-28,191.85,USD
IE00B0M63516,2023-03-28,21.43,USD
IGLS.L,2023-03-28,126.55,GBP
IGWD.L,2023-03-28,7067,GBp
INXG.L,2023-03-28,14.286,GBP
ISPE.L,2023-03-28,4.764,GBP
IUAG.L,2023-03-28,94.61,USD
IWDG.L,2023-03-28,689.25,GBp
JFM0003373,2023-03-28,145.87,USD
KNSL,2023-03-28,296.96,USD
LU0164881194,2023-03-28,220.14,USD
LU0196696453,2023-03-28,13.27,USD
MU0129U00005,2023-03-28,287.04,USD
QQQ,2023-03-28,307.12,USD
SGLN.L,2023-03-28,3106,GBp
SPOG,2023-03-28,1823.75,GBp
0639.HK,2023-03-29,2.39,HKD
0P00000YAN,2023-03-29,147.34,USD
BCHS.L,2023-03-29,4933.5,GBp
BKCH,2023-03-29,3.98225,USD
CNX1.L,2023-03-29,58908.5,GBp
DPYG.L,2023-03-29,4.38875,GBP
FLOS.L,2023-03-29,476.75,GBp
GB00B1FXTF86,2023-03-29,7.29,GBP
GHYS.L,2023-03-29,85.055,GBP
GRAB,2023-03-29,3.02,USD
IDTG.L,2023-03-29,3.61525,GBP
IE0008368742,2023-03-29,192.95,USD
IE00B0M63516,2023-03-29,21.63,USD
IGLS.L,2023-03-29,126.395,GBP
IGWD.L,2023-03-29,7134.5,GBp
INXG.L,2023-03-29,14.461,GBP
ISPE.L,2023-03-29,4.81,GBP
IUAG.L,2023-03-29,94.64,USD
IWDG.L,2023-03-29,695.875,GBp
JFM0003373,2023-03-29,147.34,USD
KNSL,2023-03-29,300.76,USD
LU0164881194,2023-03-29,221.73,USD
LU0196696453,2023-03-29,13.39,USD
MU0129U00005,2023-03-29,289.45,USD
QQQ,2023-03-29,312.72,USD
SGLN.L,2023-03-29,3109,GBp
SPOG,2023-03-29,1844.75,GBp
0639.HK,2023-03-30,2.53,HKD
0P00000YAN,2023-03-30,147.01,USD
BCHS.L,2023-03-30,4960.5,GBp
BKCH,2023-03-30,4.10775,USD
CNX1.L,2023-03-30,59512.5,GBp
DPYG.L,2023-03-30,4.4705,GBP
FLOS.L,2023-03-30,477.3,GBp
GHYS.L,2023-03-30,85.515,GBP
GRAB,2023-03-30,2.85,USD
IDTG.L,2023-03-30,3.63375,GBP
IE0008368742,2023-03-30,194.08,USD
IE00B0M63516,2023-03-30,22.09,USD
IGLS.L,2023-03-30,126.22,GBP
IGWD.L,2023-03-30,7210,GBp
INXG.L,2023-03-30,14.5,GBP
ISPE.L,2023-03-30,4.8705,GBP
IUAG.L,2023-03-30,94.66,USD
IWDG.L,2023-03-30,703.125,GBp
JFM0003373,2023-03-30,147.01,USD
KNSL,2023-03-30,296.28,USD
LU0196696453,2023-03-30,13.70,USD
QQQ,2023-03-30,315.68,USD
SGLN.L,2023-03-30,3107,GBp
SPOG,2023-03-30,1843.25,GBp
0639.HK,2023-03-31,2.49,HKD
0P00000YAN,2023-03-31,146.92,USD
BCHS.L,2023-03-31,5018.75,GBp
BKCH,2023-03-31,4.23675,USD
CNX1.L,2023-03-31,59999.5,GBp
DPYG.L,2023-03-31,4.50075,GBP
FLOS.L,2023-03-31,477.525,GBp
GB00B1FXTF86,2023-03-31,7.36,GBP
GHYS.L,2023-03-31,86.145,GBP
GRAB,2023-03-31,3.01,USD
IDTG.L,2023-03-31,3.66525,GBP
IE0008368742,2023-03-31,194.51,USD
IE00B0M63516,2023-03-31,22.11,USD
IGLS.L,2023-03-31,126.25,GBP
IGWD.L,2023-03-31,7267.5,GBp
INXG.L,2023-03-31,14.472,GBP
ISPE.L,2023-03-31,4.90675,GBP
IUAG.L,2023-03-31,94.84,USD
IWDG.L,2023-03-31,709,GBp
JFM0003373,2023-03-31,146.92,USD
KNSL,2023-03-31,300.15,USD
LU0164881194,2023-03-31,225.35,USD
LU0196696453,2023-03-31,13.82,USD
MU0129U00005,2023-03-31,294.32,USD
QQQ,2023-03-31,320.93,USD
SGLN.L,2023-03-31,3114,GBp
SPOG,2023-03-31,1865,GBp
0639.HK,2023-04-03,2.5,HKD
0P00000YAN,2023-04-03,147.51,USD
BCHS.L,2023-04-03,4983.5,GBp
BKCH,2023-04-03,4.12625,USD
CNX1.L,2023-04-03,59942.5,GBp
DPYG.L,2023-04-03,4.53875,GBP
FLOS.L,2023-04-03,477.625,GBp
GB00B1FXTF86,2023-04-03,7.34,GBP
GHYS.L,2023-04-03,86.32,GBP
GRAB,2023-04-03,3.09,USD
IDTG.L,2023-04-03,3.71825,GBP
IE0008368742,2023-04-03,193.95,USD
IE00B0M63516,2023-04-03,21.86,USD
IGLS.L,2023-04-03,126.54,GBP
IGWD.L,2023-04-03,7289.5,GBp
INXG.L,2023-04-03,14.724,GBP
ISPE.L,2023-04-03,4.91825,GBP
IUAG.L,2023-04-03,95.47,USD
IWDG.L,2023-04-03,711.125,GBp
JFM0003373,2023-04-03,147.51,USD
KNSL,2023-04-03,301.61,USD
LU0164881194,2023-04-03,225.52,USD
LU0196696453,2023-04-03,13.53,USD
MU0129U00005,2023-04-03,294.43,USD
QQQ,2023-04-03,320.15,USD
SGLN.L,2023-04-03,3127,GBp
SPOG,2023-04-03,1944.75,GBp
0639.HK,2023-04-04,2.46,HKD
0P00000YAN,2023-04-04,148.18,USD
BCHS.L,2023-04-04,4944.25,GBp
BKCH,2023-04-04,4.10775,USD
CNX1.L,2023-04-04,59657,GBp
DPYG.L,2023-04-04,4.5025,GBP
FLOS.L,2023-04-04,477.75,GBp
GHYS.L,2023-04-04,86.04,GBP
GRAB,2023-04-04,3.15,USD
IDTG.L,2023-04-04,3.73825,GBP
IE0008368742,2023-04-04,192.98,USD
IE00B0M63516,2023-04-04,21.94,USD
IGLS.L,2023-04-04,126.56,GBP
IGWD.L,2023-04-04,7287.5,GBp
INXG.L,2023-04-04,14.678,GBP
ISPE.L,2023-04-04,4.8835,GBP
IUAG.L,2023-04-04,95.83,USD
IWDG.L,2023-04-04,711,GBp
JFM0003373,2023-04-04,148.18,USD
KNSL,2023-04-04,296.58,USD
LU0164881194,2023-04-04,225.27,USD
LU0196696453,2023-04-04,13.66,USD
QQQ,2023-04-04,319.07,USD
SGLN.L,2023-04-04,3146,GBp
SPOG,2023-04-04,1924.25,GBp
BCHS.L,2023-04-05,4886.5,GBp
BKCH,2023-04-05,3.99575,USD
CNX1.L,2023-04-05,58923.5,GBp
DPYG.L,2023-04-05,4.4935,GBP
FLOS.L,2023-04-05,477.45,GBp
GB00B1FXTF86,2023-04-05,7.36,GBP
GHYS.L,2023-04-05,85.765,GBP
GRAB,2023-04-05,3.12,USD
IDTG.L,2023-04-05,3.75975,GBP
IE00B0M63516,2023-04-05,21.73,USD
IGLS.L,2023-04-05,126.685,GBP
IGWD.L,2023-04-05,7253,GBp
INXG.L,2023-04-05,14.556,GBP
ISPE.L,2023-04-05,4.8615,GBP
IUAG.L,2023-04-05,96.28,USD
IWDG.L,2023-04-05,706.125,GBp
KNSL,2023-04-05,300.37,USD
LU0164881194,2023-04-05,227.89,USD
LU0196696453,2023-04-05,13.44,USD
QQQ,2023-04-05,315.92,USD
SGLN.L,2023-04-05,3153,GBp
SPOG,2023-04-05,1909.75,GBp
0639.HK,2023-04-06,2.46,HKD
0P00000YAN,2023-04-06,147.68,USD
BCHS.L,2023-04-06,4891.25,GBp
BKCH,2023-04-06,4.03,USD
CNX1.L,2023-04-06,59251,GBp
DPYG.L,2023-04-06,4.4965,GBP
FLOS.L,2023-04-06,477.75,GBp
GB00B1FXTF86,2023-04-06,7.37,GBP
GHYS.L,2023-04-06,85.83,GBP
GRAB,2023-04-06,3.03,USD
IDTG.L,2023-04-06,3.77825,GBP
IE0008368742,2023-04-06,192.07,USD
IE00B0M63516,2023-04-06,21.66,USD
IGLS.L,2023-04-06,126.69,GBP
IGWD.L,2023-04-06,7258.5,GBp
INXG.L,2023-04-06,14.452,GBP
ISPE.L,2023-04-06,4.8605,GBP
IUAG.L,2023-04-06,96.23,USD
IWDG.L,2023-04-06,708.25,GBp
JFM0003373,2023-04-06,147.68,USD
KNSL,2023-04-06,305.96,USD
LU0164881194,2023-04-06,228.54,USD
LU0196696453,2023-04-06,13.48,USD
MU0129U00005,2023-04-06,297.31,USD
QQQ,2023-04-06,318.05,USD
SGLN.L,2023-04-06,3148,GBp
SPOG,2023-04-06,1925.25,GBp
GRAB,2023-04-10,3.06,USD
KNSL,2023-04-10,309.87,USD
QQQ,2023-04-10,317.87,USD
0639.HK,2023-04-11,2.47,HKD
0P00000YAN,2023-04-11,147.78,USD
BCHS.L,2023-04-11,5054,GBp
BKCH,2023-04-11,4.63325,USD
CNX1.L,2023-04-11,59288,GBp
DPYG.L,2023-04-11,4.5355,GBP
FLOS.L,2023-04-11,478.7,GBp
GB00B1FXTF86,2023-04-11,7.42,GBP
GHYS.L,2023-04-11,85.945,GBP
GRAB,2023-04-11,2.98,USD
IDTG.L,2023-04-11,3.71275,GBP
IE0008368742,2023-04-11,194.81,USD
IE00B0M63516,2023-04-11,22.98,USD
IGLS.L,2023-04-11,126.28,GBP
IGWD.L,2023-04-11,7310.5,GBp
INXG.L,2023-04-11,14.318,GBP
ISPE.L,2023-04-11,4.95475,GBP
IUAG.L,2023-04-11,95.38,USD
IWDG.L,2023-04-11,713.375,GBp
JFM0003373,2023-04-11,147.78,USD
KNSL,2023-04-11,313.53,USD
LU0164881194,2023-04-11,228.93,USD
LU0196696453,2023-04-11,14.26,USD
MU0129U00005,2023-04-11,297.80,USD
QQQ,2023-04-11,315.83,USD
SGLN.L,2023-04-11,3141,GBp
SPOG,2023-04-11,1964.25,GBp
0639.HK,2023-04-12,2.49,HKD
0P00000YAN,2023-04-12,147.77,USD
BCHS.L,2023-04-12,5003.5,GBp
BKCH,2023-04-12,4.584,USD
CNX1.L,2023-04-12,58895.5,GBp
DPYG.L,2023-04-12,4.5675,GBP
FLOS.L,2023-04-12,479.2,GBp
GB00B1FXTF86,2023-04-12,7.52,GBP
GHYS.L,2023-04-12,86.095,GBP
GRAB,2023-04-12,2.99,USD
IDTG.L,2023-04-12,3.71825,GBP
IE0008368742,2023-04-12,193.60,USD
IE00B0M63516,2023-04-12,23.52,USD
IGLS.L,2023-04-12,126.19,GBP
IGWD.L,2023-04-12,7313.5,GBp
INXG.L,2023-04-12,14.186,GBP
ISPE.L,2023-04-12,4.93375,GBP
IUAG.L,2023-04-12,95.74,USD
IWDG.L,2023-04-12,713.375,GBp
JFM0003373,2023-04-12,147.77,USD
KNSL,2023-04-12,317.64,USD
LU0164881194,2023-04-12,229.92,USD
LU0196696453,2023-04-12,14.62,USD
MU0129U00005,2023-04-12,299.61,USD
QQQ,2023-04-12,313.04,USD
SGLN.L,2023-04-12,3138,GBp
SPOG,2023-04-12,1978.25,GBp
0639.HK,2023-04-13,2.48,HKD
0P00000YAN,2023-04-13,148.69,USD
BCHS.L,2023-04-13,5113.5,GBp
BKCH,2023-04-13,5.0115,USD
CNX1.L,2023-04-13,59069,GBp
DPYG.L,2023-04-13,4.492,GBP
FLOS.L,2023-04-13,479.575,GBp
GB00B1FXTF86,2023-04-13,7.47,GBP
GHYS.L,2023-04-13,84.165,GBP
GRAB,2023-04-13,3.02,USD
IDTG.L,2023-04-13,3.69975,GBP
IE0008368742,2023-04-13,193.95,USD
IE00B0M63516,2023-04-13,23.69,USD
IGLS.L,2023-04-13,126.3,GBP
IGWD.L,2023-04-13,7335,GBp
INXG.L,2023-04-13,14.11,GBP
ISPE.L,2023-04-13,4.9215,GBP
IUAG.L,2023-04-13,95.81,USD
IWDG.L,2023-04-13,712.625,GBp
JFM0003373,2023-04-13,148.69,USD
KNSL,2023-04-13,317.38,USD
LU0164881194,2023-04-13,229.98,USD
LU0196696453,2023-04-13,14.67,USD
MU0129U00005,2023-04-13,300.70,USD
QQQ,2023-04-13,319.17,USD
SGLN.L,2023-04-13,3174,GBp
SPOG,2023-04-13,1983.75,GBp
0639.HK,2023-04-14,2.62,HKD
0P00000YAN,2023-04-14,149.03,USD
BCHS.L,2023-04-14,5118.5,GBp
BKCH,2023-04-14,4.9425,USD
CNX1.L,2023-04-14,59605,GBp
DPYG.L,2023-04-14,4.4915,GBP
FLOS.L,2023-04-14,479.725,GBp
GHYS.L,2023-04-14,83.8,GBP
GRAB,2023-04-14,2.94,USD
IDTG.L,2023-04-14,3.65225,GBP
IE0008368742,2023-04-14,195.40,USD
IE00B0M63516,2023-04-14,23.29,USD
IGLS.L,2023-04-14,126.08,GBP
IGWD.L,2023-04-14,7355.5,GBp
INXG.L,2023-04-14,14.044,GBP
ISPE.L,2023-04-14,4.925,GBP
IUAG.L,2023-04-14,95.17,USD
IWDG.L,2023-04-14,714.625,GBp
JFM0003373,2023-04-14,149.03,USD
KNSL,2023-04-14,311.38,USD
LU0196696453,2023-04-14,14.42,USD
QQQ,2023-04-14,318.57,USD
SGLN.L,2023-04-14,3133,GBp
SPOG,2023-04-14,1996,GBp
0639.HK,2023-04-17,2.65,HKD
0P00000YAN,2023-04-17,148.39,USD
BCHS.L,2023-04-17,5083,GBp
BKCH,2023-04-17,4.83525,USD
CNX1.L,2023-04-17,59836.5,GBp
DPYG.L,2023-04-17,4.53325,GBP
FLOS.L,2023-04-17,479.6,GBp
GB00B1FXTF86,2023-04-17,7.49,GBP
GHYS.L,2023-04-17,83.51,GBP
GRAB,2023-04-17,2.97,USD
IDTG.L,2023-04-17,3.612,GBP
IE0008368742,2023-04-17,196.02,USD
IE00B0M63516,2023-04-17,23.32,USD
IGLS.L,2023-04-17,125.95,GBP
IGWD.L,2023-04-17,7363.5,GBp
INXG.L,2023-04-17,13.988,GBP
ISPE.L,2023-04-17,4.9415,GBP
IUAG.L,2023-04-17,94.67,USD
IWDG.L,2023-04-17,714.75,GBp
JFM0003373,2023-04-17,148.39,USD
KNSL,2023-04-17,317.54,USD
LU0164881194,2023-04-17,228.48,USD
LU0196696453,2023-04-17,14.44,USD
MU0129U00005,2023-04-17,297.45,USD
QQQ,2023-04-17,318.84,USD
SGLN.L,2023-04-17,3136,GBp
SPOG,2023-04-17,2000.5,GBp
0639.HK,2023-04-18,2.68,HKD
0P00000YAN,2023-04-18,148.04,USD
BCHS.L,2023-04-18,5158.5,GBp
BKCH,2023-04-18,5.0605,USD
CNX1.L,2023-04-18,59849.5,GBp
DPYG.L,2023-04-18,4.54375,GBP
FLOS.L,2023-04-18,479.6,GBp
GB00B1FXTF86,2023-04-18,7.45,GBP
GHYS.L,2023-04-18,83.92,GBP
GRAB,2023-04-18,2.99,USD
IDTG.L,2023-04-18,3.62375,GBP
IE0008368742,2023-04-18,195.21,USD
IE00B0M63516,2023-04-18,23.39,USD
IGLS.L,2023-04-18,125.86,GBP
IGWD.L,2023-04-18,7391,GBp
INXG.L,2023-04-18,13.772,GBP
ISPE.L,2023-04-18,4.9535,GBP
IUAG.L,2023-04-18,94.74,USD
IWDG.L,2023-04-18,718,GBp
JFM0003373,2023-04-18,148.04,USD
KNSL,2023-04-18,320.79,USD
LU0164881194,2023-04-18,228.35,USD
LU0196696453,2023-04-18,14.38,USD
MU0129U00005,2023-04-18,296.33,USD
QQQ,2023-04-18,318.86,USD
SGLN.L,2023-04-18,3151,GBp
SPOG,2023-04-18,1960,GBp
0639.HK,2023-04-19,2.66,HKD
0P00000YAN,2023-04-19,147.58,USD
BCHS.L,2023-04-19,5057,GBp
BKCH,2023-04-19,4.7865,USD
CNX1.L,2023-04-19,59597.5,GBp
DPYG.L,2023-04-19,4.54075,GBP
FLOS.L,2023-04-19,479.8,GBp
GB00B1FXTF86,2023-04-19,7.44,GBP
GHYS.L,2023-04-19,83.735,GBP
GRAB,2023-04-19,3.05,USD
IDTG.L,2023-04-19,3.59875,GBP
IE0008368742,2023-04-19,192.71,USD
IE00B0M63516,2023-04-19,22.60,USD
IGLS.L,2023-04-19,125.485,GBP
IGWD.L,2023-04-19,7385,GBp
INXG.L,2023-04-19,13.684,GBP
ISPE.L,2023-04-19,4.94625,GBP
IUAG.L,2023-04-19,94.46,USD
IWDG.L,2023-04-19,717.375,GBp
JFM0003373,2023-04-19,147.58,USD
KNSL,2023-04-19,316.56,USD
LU0164881194,2023-04-19,227.12,USD
LU0196696453,2023-04-19,13.97,USD
MU0129U00005,2023-04-19,294.89,USD
QQQ,2023-04-19,318.71,USD
SGLN.L,2023-04-19,3121,GBp
SPOG,2023-04-19,1947.75,GBp
0639.HK,2023-04-20,2.66,HKD
0P00000YAN,2023-04-20,147.26,USD
BCHS.L,2023-04-20,5014.25,GBp
BKCH,2023-04-20,4.58325,USD
CNX1.L,2023-04-20,59473.5,GBp
DPYG.L,2023-04-20,4.5365,GBP
FLOS.L,2023-04-20,479.8,GBp
GB00B1FXTF86,2023-04-20,7.43,GBP
GHYS.L,2023-04-20,83.655,GBP
GRAB,2023-04-20,3.01,USD
IDTG.L,2023-04-20,3.652,GBP
IE0008368742,2023-04-20,192.03,USD
IE00B0M63516,2023-04-20,22.56,USD
IGLS.L,2023-04-20,125.79,GBP
IGWD.L,2023-04-20,7368,GBp
INXG.L,2023-04-20,13.837,GBP
ISPE.L,2023-04-20,4.942,GBP
IUAG.L,2023-04-20,95,USD
IWDG.L,2023-04-20,715.75,GBp
JFM0003373,2023-04-20,147.26,USD
KNSL,2023-04-20,327.32,USD
LU0164881194,2023-04-20,227.42,USD
LU0196696453,2023-04-20,13.91,USD
MU0129U00005,2023-04-20,294.93,USD
QQQ,2023-04-20,316.28,USD
SGLN.L,2023-04-20,3135,GBp
SPOG,2023-04-20,1917,GBp
0639.HK,2023-04-21,2.65,HKD
0P00000YAN,2023-04-21,147.18,USD
BCHS.L,2023-04-21,4939.5,GBp
BKCH,2023-04-21,4.44875,USD
CNX1.L,2023-04-21,59446,GBp
DPYG.L,2023-04-21,4.53425,GBP
FLOS.L,2023-04-21,479.95,GBp
GB00B1FXTF86,2023-04-21,7.43,GBP
GHYS.L,2023-04-21,83.45,GBP
GRAB,2023-04-21,2.93,USD
IDTG.L,2023-04-21,3.62825,GBP
IE0008368742,2023-04-21,189.27,USD
IE00B0M63516,2023-04-21,22.21,USD
IGLS.L,2023-04-21,125.745,GBP
IGWD.L,2023-04-21,7362.5,GBp
INXG.L,2023-04-21,13.894,GBP
ISPE.L,2023-04-21,4.9285,GBP
IUAG.L,2023-04-21,94.99,USD
IWDG.L,2023-04-21,715.25,GBp
JFM0003373,2023-04-21,147.18,USD
KNSL,2023-04-21,330.8,USD
MU0129U00005,2023-04-21,295.24,USD
QQQ,2023-04-21,316.61,USD
SGLN.L,2023-04-21,3102,GBp
SPOG,2023-04-21,1925,GBp
0639.HK,2023-04-24,2.65,HKD
0P00000YAN,2023-04-24,147.45,USD
BCHS.L,2023-04-24,4840.5,GBp
BKCH,2023-04-24,4.2075,USD
CNX1.L,2023-04-24,58914.5,GBp
DPYG.L,2023-04-24,4.51825,GBP
FLOS.L,2023-04-24,480.175,GBp
GB00B1FXTF86,2023-04-24,7.42,GBP
GHYS.L,2023-04-24,83.68,GBP
GRAB,2023-04-24,2.92,USD
IDTG.L,2023-04-24,3.66275,GBP
IE0008368742,2023-04-24,187.76,USD
IE00B0M63516,2023-04-24,22.43,USD
IGLS.L,2023-04-24,125.68,GBP
IGWD.L,2023-04-24,7362,GBp
INXG.L,2023-04-24,13.95,GBP
ISPE.L,2023-04-24,4.93225,GBP
IUAG.L,2023-04-24,95.36,USD
IWDG.L,2023-04-24,715.25,GBp
JFM0003373,2023-04-24,147.45,USD
KNSL,2023-04-24,331.48,USD
LU0164881194,2023-04-24,228.46,USD
LU0196696453,2023-04-24,13.86,USD
MU0129U00005,2023-04-24,297.97,USD
QQQ,2023-04-24,315.95,USD
SGLN.L,2023-04-24,3100,GBp
SPOG,2023-04-24,1930.75,GBp
0639.HK,2023-04-25,2.66,HKD
0P00000YAN,2023-04-25,146.6,USD
BCHS.L,2023-04-25,4814.5,GBp
BKCH,2023-04-25,4.19125,USD
CNX1.L,2023-04-25,58929,GBp
DPYG.L,2023-04-25,4.5135,GBP
FLOS.L,2023-04-25,480.375,GBp
GB00B1FXTF86,2023-04-25,7.40,GBP
GHYS.L,2023-04-25,83.77,GBP
GRAB,2023-04-25,2.77,USD
IDTG.L,2023-04-25,3.709,GBP
IE0008368742,2023-04-25,184.16,USD
IE00B0M63516,2023-04-25,22.14,USD
IGLS.L,2023-04-25,125.96,GBP
IGWD.L,2023-04-25,7332.5,GBp
INXG.L,2023-04-25,13.926,GBP
ISPE.L,2023-04-25,4.90325,GBP
IUAG.L,2023-04-25,95.68,USD
IWDG.L,2023-04-25,712.375,GBp
JFM0003373,2023-04-25,146.6,USD
KNSL,2023-04-25,333.15,USD
LU0164881194,2023-04-25,228.33,USD
LU0196696453,2023-04-25,13.70,USD
MU0129U00005,2023-04-25,297.63,USD
QQQ,2023-04-25,309.99,USD
SGLN.L,2023-04-25,3124,GBp
SPOG,2023-04-25,1901.5,GBp
0639.HK,2023-04-26,2.66,HKD
0P00000YAN,2023-04-26,146.88,USD
BCHS.L,2023-04-26,4867.25,GBp
BKCH,2023-04-26,4.5585,USD
CNX1.L,2023-04-26,58725,GBp
DPYG.L,2023-04-26,4.52,GBP
FLOS.L,2023-04-26,479.175,GBp
GB00B1FXTF86,2023-04-26,7.42,GBP
GHYS.L,2023-04-26,83.535,GBP
GRAB,2023-04-26,2.76,USD
IDTG.L,2023-04-26,3.7025,GBP
IE0008368742,2023-04-26,185.21,USD
IE00B0M63516,2023-04-26,22.22,USD
IGLS.L,2023-04-26,125.955,GBP
IGWD.L,2023-04-26,7290,GBp
INXG.L,2023-04-26,13.794,GBP
ISPE.L,2023-04-26,4.8485,GBP
IUAG.L,2023-04-26,95.7,USD
IWDG.L,2023-04-26,708.125,GBp
JFM0003373,2023-04-26,146.88,USD
KNSL,2023-04-26,329.68,USD
LU0164881194,2023-04-26,229.70,USD
LU0196696453,2023-04-26,13.73,USD
MU0129U00005,2023-04-26,298.81,USD
QQQ,2023-04-26,311.87,USD
SGLN.L,2023-04-26,3113,GBp
SPOG,2023-04-26,1896.25,GBp
0639.HK,2023-04-27,2.65,HKD
0P00000YAN,2023-04-27,147.36,USD
BCHS.L,2023-04-27,4851.25,GBp
BKCH,2023-04-27,4.3995,USD
CNX1.L,2023-04-27,59392.5,GBp
DPYG.L,2023-04-27,4.5245,GBP
FLOS.L,2023-04-27,479.725,GBp
GB00B1FXTF86,2023-04-27,7.44,GBP
GHYS.L,2023-04-27,83.655,GBP
GRAB,2023-04-27,2.79,USD
IDTG.L,2023-04-27,3.64,GBP
IE0008368742,2023-04-27,186.45,USD
IE00B0M63516,2023-04-27,22.34,USD
IGLS.L,2023-04-27,125.775,GBP
IGWD.L,2023-04-27,7314,GBp
INXG.L,2023-04-27,13.719,GBP
ISPE.L,2023-04-27,4.8445,GBP
IUAG.L,2023-04-27,95.29,USD
IWDG.L,2023-04-27,711,GBp
JFM0003373,2023-04-27,147.36,USD
KNSL,2023-04-27,336.74,USD
LU0164881194,2023-04-27,230.65,USD
LU0196696453,2023-04-27,13.83,USD
MU0129U00005,2023-04-27,299.60,USD
QQQ,2023-04-27,320.35,USD
SGLN.L,2023-04-27,3094,GBp
SPOG,2023-04-27,1873.75,GBp
0639.HK,2023-04-28,2.66,HKD
0P00000YAN,2023-04-28,147.62,USD
BCHS.L,2023-04-28,4849,GBp
BKCH,2023-04-28,4.4445,USD
CNX1.L,2023-04-28,59400.5,GBp
DPYG.L,2023-04-28,4.613,GBP
FLOS.L,2023-04-28,481.3,GBp
GB00B1FXTF86,2023-04-28,7.49,GBP
GHYS.L,2023-04-28,84.05,GBP
GRAB,2023-04-28,2.91,USD
IDTG.L,2023-04-28,3.69425,GBP
IE0008368742,2023-04-28,187.55,USD
IE00B0M63516,2023-04-28,22.56,USD
IGLS.L,2023-04-28,125.92,GBP
IGWD.L,2023-04-28,7383.5,GBp
INXG.L,2023-04-28,13.856,GBP
ISPE.L,2023-04-28,4.9285,GBP
IUAG.L,2023-04-28,95.68,USD
IWDG.L,2023-04-28,717.25,GBp
JFM0003373,2023-04-28,147.62,USD
KNSL,2023-04-28,326.71,USD
LU0164881194,2023-04-28,232.81,USD
LU0196696453,2023-04-28,13.93,USD
MU0129U00005,2023-04-28,301.34,USD
QQQ,2023-04-28,322.56,USD
SGLN.L,2023-04-28,3083,GBp
SPOG,2023-04-28,1911.75,GBp
GRAB,2023-05-01,2.94,USD
KNSL,2023-05-01,327.42,USD
QQQ,2023-05-01,322.19,USD
0639.HK,2023-05-02,2.68,HKD
0P00000YAN,2023-05-02,147.74,USD
BCHS.L,2023-05-02,4809.75,GBp
BKCH,2023-05-02,4.34075,USD
CNX1.L,2023-05-02,59585,GBp
DPYG.L,2023-05-02,4.499,GBP
FLOS.L,2023-05-02,480.55,GBp
GB00B1FXTF86,2023-05-02,7.53,GBP
GHYS.L,2023-05-02,83.65,GBP
GRAB,2023-05-02,2.94,USD
IDTG.L,2023-05-02,3.669,GBP
IE0008368742,2023-05-02,187.07,USD
IE00B0M63516,2023-05-02,21.90,USD
IGLS.L,2023-05-02,126.02,GBP
IGWD.L,2023-05-02,7290.5,GBp
INXG.L,2023-05-02,13.86,GBP
ISPE.L,2023-05-02,4.832,GBP
IUAG.L,2023-05-02,95.44,USD
IWDG.L,2023-05-02,708.5,GBp
JFM0003373,2023-05-02,147.74,USD
KNSL,2023-05-02,328.55,USD
LU0164881194,2023-05-02,233.18,USD
LU0196696453,2023-05-02,13.67,USD
MU0129U00005,2023-05-02,302.02,USD
QQQ,2023-05-02,319.38,USD
SGLN.L,2023-05-02,3144,GBp
SPOG,2023-05-02,1819.5,GBp
0639.HK,2023-05-03,2.66,HKD
0P00000YAN,2023-05-03,147.33,USD
BCHS.L,2023-05-03,4794,GBp
BKCH,2023-05-03,4.3295,USD
CNX1.L,2023-05-03,59391,GBp
DPYG.L,2023-05-03,4.536,GBP
FLOS.L,2023-05-03,480.725,GBp
GB00B1FXTF86,2023-05-03,7.52,GBP
GHYS.L,2023-05-03,83.815,GBP
GRAB,2023-05-03,2.87,USD
IDTG.L,2023-05-03,3.7115,GBP
IE0008368742,2023-05-03,185.57,USD
IE00B0M63516,2023-05-03,22.12,USD
IGLS.L,2023-05-03,125.96,GBP
IGWD.L,2023-05-03,7326,GBp
INXG.L,2023-05-03,13.753,GBP
ISPE.L,2023-05-03,4.8715,GBP
IUAG.L,2023-05-03,95.88,USD
IWDG.L,2023-05-03,711.875,GBp
JFM0003373,2023-05-03,147.33,USD
KNSL,2023-05-03,329.79,USD
LU0164881194,2023-05-03,233.15,USD
LU0196696453,2023-05-03,13.71,USD
MU0129U00005,2023-05-03,301.38,USD
QQQ,2023-05-03,317.29,USD
SGLN.L,2023-05-03,3144,GBp
SPOG,2023-05-03,1793,GBp
0639.HK,2023-05-04,2.65,HKD
0P00000YAN,2023-05-04,147.99,USD
BCHS.L,2023-05-04,4792,GBp
BKCH,2023-05-04,4.44025,USD
CNX1.L,2023-05-04,58811,GBp
DPYG.L,2023-05-04,4.52225,GBP
FLOS.L,2023-05-04,481.05,GBp
GB00B1FXTF86,2023-05-04,7.51,GBP
GHYS.L,2023-05-04,83.33,GBP
GRAB,2023-05-04,2.98,USD
IDTG.L,2023-05-04,3.69525,GBP
IE0008368742,2023-05-04,187.58,USD
IE00B0M63516,2023-05-04,21.94,USD
IGLS.L,2023-05-04,126.2,GBP
IGWD.L,2023-05-04,7250,GBp
INXG.L,2023-05-04,13.746,GBP
ISPE.L,2023-05-04,4.79475,GBP
IUAG.L,2023-05-04,96.22,USD
IWDG.L,2023-05-04,704.375,GBp
JFM0003373,2023-05-04,147.99,USD
KNSL,2023-05-04,321.46,USD
LU0164881194,2023-05-04,234.88,USD
LU0196696453,2023-05-04,13.69,USD
MU0129U00005,2023-05-04,303.06,USD
QQQ,2023-05-04,316.17,USD
SGLN.L,2023-05-04,3174,GBp
SPOG,2023-05-04,1787.75,GBp
0639.HK,2023-05-05,2.65,HKD
0P00000YAN,2023-05-05,148.4,USD
BCHS.L,2023-05-05,4834.75,GBp
BKCH,2023-05-05,4.51125,USD
CNX1.L,2023-05-05,59399,GBp
DPYG.L,2023-05-05,4.59725,GBP
FLOS.L,2023-05-05,481.75,GBp
GB00B1FXTF86,2023-05-05,7.44,GBP
GHYS.L,2023-05-05,83.79,GBP
GRAB,2023-05-05,3.02,USD
IDTG.L,2023-05-05,3.637,GBP
IE0008368742,2023-05-05,187.96,USD
IE00B0M63516,2023-05-05,22.64,USD
IGLS.L,2023-05-05,125.975,GBP
IGWD.L,2023-05-05,7349,GBp
INXG.L,2023-05-05,13.582,GBP
ISPE.L,2023-05-05,4.85525,GBP
IUAG.L,2023-05-05,95.42,USD
IWDG.L,2023-05-05,713.875,GBp
JFM0003373,2023-05-05,148.4,USD
KNSL,2023-05-05,328.43,USD
LU0164881194,2023-05-05,233.36,USD
LU0196696453,2023-05-05,14.04,USD
MU0129U00005,2023-05-05,300.79,USD
QQQ,2023-05-05,322.89,USD
SGLN.L,2023-05-05,3101,GBp
SPOG,2023-05-05,1826.75,GBp
0639.HK,2023-05-08,2.75,HKD
0P00000YAN,2023-05-08,149.57,USD
GRAB,2023-05-08,3.34,USD
IE0008368742,2023-05-08,188.04,USD
JFM0003373,2023-05-08,149.57,USD
KNSL,2023-05-08,333.73,USD
LU0164881194,2023-05-08,235.61,USD
MU0129U00005,2023-05-08,303.40,USD
QQQ,2023-05-08,323.69,USD
0639.HK,2023-05-09,2.74,HKD
0P00000YAN,2023-05-09,149.48,USD
BCHS.L,2023-05-09,4829,GBp
BKCH,2023-05-09,4.45775,USD
CNX1.L,2023-05-09,59517.5,GBp
DPYG.L,2023-05-09,4.55125,GBP
FLOS.L,2023-05-09,481.9,GBp
GB00B1FXTF86,2023-05-09,7.56,GBP
GHYS.L,2023-05-09,83.575,GBP
GRAB,2023-05-09,3.19,USD
IDTG.L,2023-05-09,3.60425,GBP
IE0008368742,2023-05-09,184.51,USD
IE00B0M63516,2023-05-09,23.34,USD
IGLS.L,2023-05-09,125.795,GBP
IGWD.L,2023-05-09,7354,GBp
INXG.L,2023-05-09,13.53,GBP
ISPE.L,2023-05-09,4.843,GBP
IUAG.L,2023-05-09,95.07,USD
IWDG.L,2023-05-09,714.375,GBp
JFM0003373,2023-05-09,149.48,USD
KNSL,2023-05-09,331.9,USD
MU0129U00005,2023-05-09,302.97,USD
QQQ,2023-05-09,321.64,USD
SGLN.L,2023-05-09,3127,GBp
SPOG,2023-05-09,1825,GBp
0639.HK,2023-05-10,2.75,HKD
0P00000YAN,2023-05-10,149.69,USD
BCHS.L,2023-05-10,4941.5,GBp
BKCH,2023-05-10,4.722,USD
CNX1.L,2023-05-10,59917.5,GBp
DPYG.L,2023-05-10,4.582,GBP
FLOS.L,2023-05-10,482.15,GBp
GB00B1FXTF86,2023-05-10,7.56,GBP
GHYS.L,2023-05-10,83.65,GBP
GRAB,2023-05-10,3.19,USD
IDTG.L,2023-05-10,3.61575,GBP
IE0008368742,2023-05-10,183.80,USD
IE00B0M63516,2023-05-10,23.44,USD
IGLS.L,2023-05-10,125.86,GBP
IGWD.L,2023-05-10,7354.5,GBp
INXG.L,2023-05-10,13.666,GBP
ISPE.L,2023-05-10,4.8425,GBP
IUAG.L,2023-05-10,95.46,USD
IWDG.L,2023-05-10,714.5,GBp
JFM0003373,2023-05-10,149.69,USD
KNSL,2023-05-10,332.37,USD
LU0164881194,2023-05-10,235.61,USD
LU0196696453,2023-05-10,14.65,USD
MU0129U00005,2023-05-10,303.38,USD
QQQ,2023-05-10,325.14,USD
SGLN.L,2023-05-10,3124,GBp
SPOG,2023-05-10,1816.25,GBp
0639.HK,2023-05-11,2.75,HKD
0P00000YAN,2023-05-11,149.13,USD
BCHS.L,2023-05-11,4847,GBp
BKCH,2023-05-11,4.39625,USD
CNX1.L,2023-05-11,60740,GBp
DPYG.L,2023-05-11,4.53675,GBP
FLOS.L,2023-05-11,482.225,GBp
GB00B1FXTF86,2023-05-11,7.60,GBP
GHYS.L,2023-05-11,83.785,GBP
GRAB,2023-05-11,3.21,USD
IDTG.L,2023-05-11,3.647,GBP
IE0008368742,2023-05-11,182.59,USD
IE00B0M63516,2023-05-11,23.43,USD
IGLS.L,2023-05-11,126.2,GBP
IGWD.L,2023-05-11,7349.5,GBp
INXG.L,2023-05-11,13.832,GBP
ISPE.L,2023-05-11,4.8055,GBP
IUAG.L,2023-05-11,95.87,USD
IWDG.L,2023-05-11,713.875,GBp
JFM0003373,2023-05-11,149.13,USD
KNSL,2023-05-11,331.68,USD
LU0164881194,2023-05-11,235.63,USD
LU0196696453,2023-05-11,14.66,USD
MU0129U00005,2023-05-11,303.09,USD
QQQ,2023-05-11,326.2,USD
SGLN.L,2023-05-11,3140.5,GBp
SPOG,2023-05-11,1805,GBp
0639.HK,2023-05-12,2.65,HKD
0P00000YAN,2023-05-12,147.3,USD
BCHS.L,2023-05-12,4812,GBp
BKCH,2023-05-12,4.2075,USD
CNX1.L,2023-05-12,60711,GBp
DPYG.L,2023-05-12,4.51925,GBP
FLOS.L,2023-05-12,482.4,GBp
GB00B1FXTF86,2023-05-12,7.65,GBP
GHYS.L,2023-05-12,83.7,GBP
GRAB,2023-05-12,3.17,USD
IDTG.L,2023-05-12,3.65225,GBP
IE0008368742,2023-05-12,181.31,USD
IE00B0M63516,2023-05-12,23.83,USD
IGLS.L,2023-05-12,126.07,GBP
IGWD.L,2023-05-12,7353,GBp
INXG.L,2023-05-12,13.66,GBP
ISPE.L,2023-05-12,4.80825,GBP
IUAG.L,2023-05-12,95.55,USD
IWDG.L,2023-05-12,714.75,GBp
JFM0003373,2023-05-12,147.3,USD
KNSL,2023-05-12,329.69,USD
LU0164881194,2023-05-12,235.45,USD
LU0196696453,2023-05-12,14.95,USD
MU0129U00005,2023-05-12,303.35,USD
QQQ,2023-05-12,325.03,USD
SGLN.L,2023-05-12,3143,GBp
SPOG,2023-05-12,1815.25,GBp
0639.HK,2023-05-15,2.73,HKD
0P00000YAN,2023-05-15,146.68,USD
BCHS.L,2023-05-15,4832.75,GBp
BKCH,2023-05-15,4.37125,USD
CNX1.L,2023-05-15,60728,GBp
DPYG.L,2023-05-15,4.55525,GBP
FLOS.L,2023-05-15,482.575,GBp
GB00B1FXTF86,2023-05-15,7.66,GBP
GHYS.L,2023-05-15,83.675,GBP
GRAB,2023-05-15,3.28,USD
IDTG.L,2023-05-15,3.597,GBP
IE0008368742,2023-05-15,183.96,USD
IE00B0M63516,2023-05-15,24.06,USD
IGLS.L,2023-05-15,125.955,GBP
IGWD.L,2023-05-15,7378.5,GBp
INXG.L,2023-05-15,13.49,GBP
ISPE.L,2023-05-15,4.8305,GBP
IUAG.L,2023-05-15,95.06,USD
IWDG.L,2023-05-15,717,GBp
JFM0003373,2023-05-15,146.68,USD
KNSL,2023-05-15,333.38,USD
LU0164881194,2023-05-15,236.80,USD
LU0196696453,2023-05-15,15.02,USD
MU0129U00005,2023-05-15,304.34,USD
QQQ,2023-05-15,326.79,USD
SGLN.L,2023-05-15,3136,GBp
SPOG,2023-05-15,1829.5,GBp
0639.HK,2023-05-16,2.68,HKD
0P00000YAN,2023-05-16,145.04,USD
BCHS.L,2023-05-16,4851,GBp
BKCH,2023-05-16,4.49575,USD
CNX1.L,2023-05-16,61289,GBp
DPYG.L,2023-05-16,4.5065,GBP
FLOS.L,2023-05-16,482.35,GBp
GB00B1FXTF86,2023-05-16,7.65,GBP
GHYS.L,2023-05-16,83.525,GBP
GRAB,2023-05-16,3.16,USD
IDTG.L,2023-05-16,3.557,GBP
IE0008368742,2023-05-16,184.18,USD
IE00B0M63516,2023-05-16,24.21,USD
IGLS.L,2023-05-16,125.97,GBP
IGWD.L,2023-05-16,7366,GBp
INXG.L,2023-05-16,13.418,GBP
ISPE.L,2023-05-16,4.8015,GBP
IUAG.L,2023-05-16,94.71,USD
IWDG.L,2023-05-16,716,GBp
JFM0003373,2023-05-16,145.04,USD
KNSL,2023-05-16,329.78,USD
LU0164881194,2023-05-16,235.96,USD
LU0196696453,2023-05-16,15.11,USD
MU0129U00005,2023-05-16,303.31,USD
QQQ,2023-05-16,327.16,USD
SGLN.L,2023-05-16,3120.5,GBp
SPOG,2023-05-16,1804.5,GBp
0639.HK,2023-05-17,2.65,HKD
0P00000YAN,2023-05-17,143.36,USD
BCHS.L,2023-05-17,4888.75,GBp
BKCH,2023-05-17,4.64325,USD
CNX1.L,2023-05-17,61409.5,GBp
DPYG.L,2023-05-17,4.47375,GBP
FLOS.L,2023-05-17,482.625,GBp
GB00B1FXTF86,2023-05-17,7.66,GBP
GHYS.L,2023-05-17,83.46,GBP
GRAB,2023-05-17,3.22,USD
IDTG.L,2023-05-17,3.579,GBP
IE0008368742,2023-05-17,180.86,USD
IE00B0M63516,2023-05-17,24.08,USD
IGLS.L,2023-05-17,125.885,GBP
IGWD.L,2023-05-17,7368.5,GBp
INXG.L,2023-05-17,13.411,GBP
ISPE.L,2023-05-17,4.8075,GBP
IUAG.L,2023-05-17,94.7,USD
IWDG.L,2023-05-17,715.875,GBp
JFM0003373,2023-05-17,143.36,USD
KNSL,2023-05-17,322.59,USD
LU0164881194,2023-05-17,233.59,USD
LU0196696453,2023-05-17,14.95,USD
MU0129U00005,2023-05-17,301.26,USD
QQQ,2023-05-17,331.12,USD
SGLN.L,2023-05-17,3092,GBp
SPOG,2023-05-17,1806.75,GBp
0639.HK,2023-05-18,2.67,HKD
0P00000YAN,2023-05-18,143.14,USD
BCHS.L,2023-05-18,4974,GBp
BKCH,2023-05-18,4.80475,USD
CNX1.L,2023-05-18,63048.5,GBp
DPYG.L,2023-05-18,4.4815,GBP
FLOS.L,2023-05-18,482.75,GBp
GB00B1FXTF86,2023-05-18,7.64,GBP
GHYS.L,2023-05-18,83.73,GBP
GRAB,2023-05-18,2.745,USD
IDTG.L,2023-05-18,3.545,GBP
IE0008368742,2023-05-18,180.68,USD
IE00B0M63516,2023-05-18,23.94,USD
IGLS.L,2023-05-18,125.65,GBP
IGWD.L,2023-05-18,7448.5,GBp
INXG.L,2023-05-18,13.236,GBP
ISPE.L,2023-05-18,4.85275,GBP
IUAG.L,2023-05-18,94.5,USD
IWDG.L,2023-05-18,723.75,GBp
JFM0003373,2023-05-18,143.14,USD
KNSL,2023-05-18,323.81,USD
MU0129U00005,2023-05-18,299.46,USD
QQQ,2023-05-18,337.27,USD
SGLN.L,2023-05-18,3066.5,GBp
SPOG,2023-05-18,1832.5,GBp
0639.HK,2023-05-19,2.7,HKD
0P00000YAN,2023-05-19,143.65,USD
BCHS.L,2023-05-19,4931.5,GBp
BKCH,2023-05-19,4.69775,USD
CNX1.L,2023-05-19,62962,GBp
DPYG.L,2023-05-19,4.428,GBP
FLOS.L,2023-05-19,471.625,GBp
GB00B1FXTF86,2023-05-19,7.64,GBP
GHYS.L,2023-05-19,83.885,GBP
GRAB,2023-05-19,2.755,USD
IDTG.L,2023-05-19,3.53875,GBP
IE0008368742,2023-05-19,180.42,USD
IE00B0M63516,2023-05-19,24.15,USD
IGLS.L,2023-05-19,125.605,GBP
IGWD.L,2023-05-19,7470.5,GBp
INXG.L,2023-05-19,13.102,GBP
ISPE.L,2023-05-19,4.86425,GBP
IUAG.L,2023-05-19,92.98,USD
IWDG.L,2023-05-19,726,GBp
JFM0003373,2023-05-19,143.65,USD
KNSL,2023-05-19,321.17,USD
LU0164881194,2023-05-19,233.00,USD
LU0196696453,2023-05-19,15.09,USD
MU0129U00005,2023-05-19,300.39,USD
QQQ,2023-05-19,336.51,USD
SGLN.L,2023-05-19,3086,GBp
SPOG,2023-05-19,1866,GBp
0639.HK,2023-05-22,2.74,HKD
0P00000YAN,2023-05-22,143.49,USD
BCHS.L,2023-05-22,4981.5,GBp
BKCH,2023-05-22,4.684,USD
CNX1.L,2023-05-22,63432.5,GBp
DPYG.L,2023-05-22,4.444,GBP
FLOS.L,2023-05-22,471.65,GBp
GB00B1FXTF86,2023-05-22,7.72,GBP
GHYS.L,2023-05-22,83.855,GBP
GRAB,2023-05-22,3.06,USD
IDTG.L,2023-05-22,3.51175,GBP
IE0008368742,2023-05-22,181.64,USD
IE00B0M63516,2023-05-22,24.23,USD
IGLS.L,2023-05-22,125.43,GBP
IGWD.L,2023-05-22,7487,GBp
INXG.L,2023-05-22,13.051,GBP
ISPE.L,2023-05-22,4.8735,GBP
IUAG.L,2023-05-22,92.72,USD
IWDG.L,2023-05-22,727.75,GBp
JFM0003373,2023-05-22,143.49,USD
KNSL,2023-05-22,324.19,USD
LU0164881194,2023-05-22,233.81,USD
LU0196696453,2023-05-22,15.23,USD
MU0129U00005,2023-05-22,302.06,USD
QQQ,2023-05-22,337.64,USD
SGLN.L,2023-05-22,3091,GBp
SPOG,2023-05-22,1888,GBp
0639.HK,2023-05-23,2.72,HKD
0P00000YAN,2023-05-23,143.35,USD
BCHS.L,2023-05-23,5012.25,GBp
BKCH,2023-05-23,4.97925,USD
CNX1.L,2023-05-23,63236.5,GBp
DPYG.L,2023-05-23,4.46475,GBP
FLOS.L,2023-05-23,471.675,GBp
GB00B1FXTF86,2023-05-23,7.74,GBP
GHYS.L,2023-05-23,83.715,GBP
GRAB,2023-05-23,3.01,USD
IDTG.L,2023-05-23,3.50175,GBP
IE0008368742,2023-05-23,179.34,USD
IE00B0M63516,2023-05-23,24.35,USD
IGLS.L,2023-05-23,125.2,GBP
IGWD.L,2023-05-23,7453.5,GBp
INXG.L,2023-05-23,12.892,GBP
ISPE.L,2023-05-23,4.868,GBP
IUAG.L,2023-05-23,92.58,USD
IWDG.L,2023-05-23,724.625,GBp
JFM0003373,2023-05-23,143.35,USD
KNSL,2023-05-23,312.67,USD
LU0164881194,2023-05-23,233.68,USD
LU0196696453,2023-05-23,15.30,USD
MU0129U00005,2023-05-23,302.35,USD
QQQ,2023-05-23,333.36,USD
SGLN.L,2023-05-23,3081.5,GBp
SPOG,2023-05-23,1911.75,GBp
0639.HK,2023-05-24,2.7,HKD
0P00000YAN,2023-05-24,143.19,USD
BCHS.L,2023-05-24,4872.75,GBp
BKCH,2023-05-24,4.61575,USD
CNX1.L,2023-05-24,62348,GBp
DPYG.L,2023-05-24,4.37875,GBP
FLOS.L,2023-05-24,471.9,GBp
GB00B1FXTF86,2023-05-24,7.80,GBP
GHYS.L,2023-05-24,83.315,GBP
GRAB,2023-05-24,3.05,USD
IDTG.L,2023-05-24,3.521,GBP
IE0008368742,2023-05-24,176.45,USD
IE00B0M63516,2023-05-24,24.02,USD
IGLS.L,2023-05-24,124.715,GBP
IGWD.L,2023-05-24,7338.5,GBp
INXG.L,2023-05-24,13.002,GBP
ISPE.L,2023-05-24,4.772,GBP
IUAG.L,2023-05-24,92.82,USD
IWDG.L,2023-05-24,713.25,GBp
JFM0003373,2023-05-24,143.19,USD
KNSL,2023-05-24,303.43,USD
LU0164881194,2023-05-24,233.33,USD
LU0196696453,2023-05-24,15.03,USD
MU0129U00005,2023-05-24,301.60,USD
QQQ,2023-05-24,331.65,USD
SGLN.L,2023-05-24,3100.5,GBp
SPOG,2023-05-24,1905.25,GBp
0639.HK,2023-05-25,2.71,HKD
0P00000YAN,2023-05-25,141.94,USD
BCHS.L,2023-05-25,4911,GBp
BKCH,2023-05-25,4.60825,USD
CNX1.L,2023-05-25,64160,GBp
DPYG.L,2023-05-25,4.319,GBP
FLOS.L,2023-05-25,472.6,GBp
GB00B1FXTF86,2023-05-25,7.82,GBP
GHYS.L,2023-05-25,83.4,GBP
GRAB,2023-05-25,3,USD
IDTG.L,2023-05-25,3.4945,GBP
IE0008368742,2023-05-25,173.71,USD
IE00B0M63516,2023-05-25,23.96,USD
IGLS.L,2023-05-25,124.28,GBP
IGWD.L,2023-05-25,7359,GBp
INXG.L,2023-05-25,12.779,GBP
ISPE.L,2023-05-25,4.73975,GBP
IUAG.L,2023-05-25,92.22,USD
IWDG.L,2023-05-25,715.375,GBp
JFM0003373,2023-05-25,141.94,USD
KNSL,2023-05-25,302.1,USD
LU0164881194,2023-05-25,233.57,USD
LU0196696453,2023-05-25,15.05,USD
MU0129U00005,2023-05-25,301.87,USD
QQQ,2023-05-25,339.72,USD
SGLN.L,2023-05-25,3073,GBp
SPOG,2023-05-25,1853.75,GBp
BCHS.L,2023-05-26,4986,GBp
BKCH,2023-05-26,4.711,USD
CNX1.L,2023-05-26,65517,GBp
DPYG.L,2023-05-26,4.34575,GBP
FLOS.L,2023-05-26,472.325,GBp
GB00B1FXTF86,2023-05-26,7.90,GBP
GHYS.L,2023-05-26,83.7,GBP
GRAB,2023-05-26,3.04,USD
IDTG.L,2023-05-26,3.4875,GBP
IE00B0M63516,2023-05-26,23.87,USD
IGLS.L,2023-05-26,124.335,GBP
IGWD.L,2023-05-26,7448.5,GBp
INXG.L,2023-05-26,12.756,GBP
ISPE.L,2023-05-26,4.78025,GBP
IUAG.L,2023-05-26,92.17,USD
IWDG.L,2023-05-26,724,GBp
KNSL,2023-05-26,307.21,USD
LU0164881194,2023-05-26,236.93,USD
LU0196696453,2023-05-26,15.22,USD
QQQ,2023-05-26,348.4,USD
SGLN.L,2023-05-26,3068,GBp
SPOG,2023-05-26,1845.5,GBp
0639.HK,2023-05-29,2.52,HKD
IE0008368742,2023-05-29,172.20,USD
MU0129U00005,2023-05-29,306.73,USD
0639.HK,2023-05-30,2.48,HKD
0P00000YAN,2023-05-30,141.39,USD
BCHS.L,2023-05-30,5004.75,GBp
BKCH,2023-05-30,4.90175,USD
CNX1.L,2023-05-30,66064.5,GBp
DPYG.L,2023-05-30,4.38075,GBP
FLOS.L,2023-05-30,472.75,GBp
GB00B1FXTF86,2023-05-30,7.86,GBP
GHYS.L,2023-05-30,83.87,GBP
GRAB,2023-05-30,2.92,USD
IDTG.L,2023-05-30,3.54975,GBP
IE0008368742,2023-05-30,171.88,USD
IE00B0M63516,2023-05-30,23.42,USD
IGLS.L,2023-05-30,124.57,GBP
IGWD.L,2023-05-30,7445.5,GBp
INXG.L,2023-05-30,12.889,GBP
ISPE.L,2023-05-30,4.7855,GBP
IUAG.L,2023-05-30,92.78,USD
IWDG.L,2023-05-30,724,GBp
JFM0003373,2023-05-30,141.39,USD
KNSL,2023-05-30,312.78,USD
LU0164881194,2023-05-30,237.63,USD
LU0196696453,2023-05-30,14.77,USD
MU0129U00005,2023-05-30,306.71,USD
QQQ,2023-05-30,349.98,USD
SGLN.L,2023-05-30,3076,GBp
SPOG,2023-05-30,1809,GBp
0639.HK,2023-05-31,2.4,HKD
0P00000YAN,2023-05-31,140.76,USD
BCHS.L,2023-05-31,4929.5,GBp
BKCH,2023-05-31,4.763,USD
CNX1.L,2023-05-31,65314.5,GBp
DPYG.L,2023-05-31,4.36975,GBP
FLOS.L,2023-05-31,472.65,GBp
GB00B1FXTF86,2023-05-31,7.94,GBP
GHYS.L,2023-05-31,83.61,GBP
GRAB,2023-05-31,2.98,USD
IDTG.L,2023-05-31,3.568,GBP
IE0008368742,2023-05-31,168.97,USD
IE00B0M63516,2023-05-31,23.11,USD
IGLS.L,2023-05-31,124.86,GBP
IGWD.L,2023-05-31,7366,GBp
INXG.L,2023-05-31,13.023,GBP
ISPE.L,2023-05-31,4.72825,GBP
IUAG.L,2023-05-31,93.19,USD
IWDG.L,2023-05-31,716,GBp
JFM0003373,2023-05-31,140.76,USD
KNSL,2023-05-31,302.98,USD
LU0164881194,2023-05-31,236.74,USD
LU0196696453,2023-05-31,14.50,USD
MU0129U00005,2023-05-31,305.76,USD
QQQ,2023-05-31,347.99,USD
SGLN.L,2023-05-31,3101,GBp
SPOG,2023-05-31,1782.75,GBp
0639.HK,2023-06-01,2.38,HKD
0P00000YAN,2023-06-01,140.67,USD
BCHS.L,2023-06-01,4951.75,GBp
BKCH,2023-06-01,5.00225,USD
CNX1.L,2023-06-01,65152,GBp
DPYG.L,2023-06-01,4.38725,GBP
FLOS.L,2023-06-01,473.05,GBp
GB00B1FXTF86,2023-06-01,7.92,GBP
GHYS.L,2023-06-01,84.07,GBP
GRAB,2023-06-01,2.98,USD
IDTG.L,2023-06-01,3.58825,GBP
IE0008368742,2023-06-01,168.38,USD
IE00B0M63516,2023-06-01,23.73,USD
IGLS.L,2023-06-01,125.02,GBP
IGWD.L,2023-06-01,7438.5,GBp
INXG.L,2023-06-01,13.056,GBP
ISPE.L,2023-06-01,4.777,GBP
IUAG.L,2023-06-01,93.55,USD
IWDG.L,2023-06-01,723,GBp
JFM0003373,2023-06-01,140.67,USD
KNSL,2023-06-01,312.48,USD
LU0164881194,2023-06-01,237.60,USD
LU0196696453,2023-06-01,14.83,USD
MU0129U00005,2023-06-01,306.64,USD
QQQ,2023-06-01,352.01,USD
SGLN.L,2023-06-01,3078,GBp
SPOG,2023-06-01,1800.5,GBp
0639.HK,2023-06-02,2.43,HKD
BCHS.L,2023-06-02,5047,GBp
BKCH,2023-06-02,4.965,USD
CNX1.L,2023-06-02,66342,GBp
DPYG.L,2023-06-02,4.4885,GBP
FLOS.L,2023-06-02,473.5,GBp
GB00B1FXTF86,2023-06-02,7.91,GBP
GHYS.L,2023-06-02,84.32,GBP
GRAB,2023-06-02,3.02,USD
IDTG.L,2023-06-02,3.57375,GBP
IE0008368742,2023-06-02,174.82,USD
IE00B0M63516,2023-06-02,24.60,USD
IGLS.L,2023-06-02,124.88,GBP
IGWD.L,2023-06-02,7573,GBp
INXG.L,2023-06-02,13.085,GBP
ISPE.L,2023-06-02,4.88025,GBP
IUAG.L,2023-06-02,93.14,USD
IWDG.L,2023-06-02,735.75,GBp
KNSL,2023-06-02,337.65,USD
LU0164881194,2023-06-02,239.52,USD
LU0196696453,2023-06-02,15.53,USD
MU0129U00005,2023-06-02,307.89,USD
QQQ,2023-06-02,354.65,USD
SGLN.L,2023-06-02,3065,GBp
SPOG,2023-06-02,1846.5,GBp
0639.HK,2023-06-05,2.38,HKD
0P00000YAN,2023-06-05,142.11,USD
BCHS.L,2023-06-05,5003,GBp
BKCH,2023-06-05,4.794,USD
CNX1.L,2023-06-05,67015,GBp
DPYG.L,2023-06-05,4.4855,GBP
FLOS.L,2023-06-05,473.4,GBp
GB00B1FXTF86,2023-06-05,7.96,GBP
GHYS.L,2023-06-05,84.365,GBP
GRAB,2023-06-05,3.11,USD
IDTG.L,2023-06-05,3.56125,GBP
IE00B0M63516,2023-06-05,24.75,USD
IGLS.L,2023-06-05,124.715,GBP
IGWD.L,2023-06-05,7579.5,GBp
INXG.L,2023-06-05,13.13,GBP
ISPE.L,2023-06-05,4.88175,GBP
IUAG.L,2023-06-05,93.15,USD
IWDG.L,2023-06-05,737.25,GBp
JFM0003373,2023-06-05,142.11,USD
KNSL,2023-06-05,344.14,USD
LU0164881194,2023-06-05,239.31,USD
LU0196696453,2023-06-05,15.60,USD
MU0129U00005,2023-06-05,306.94,USD
QQQ,2023-06-05,354.9,USD
SGLN.L,2023-06-05,3068,GBp
SPOG,2023-06-05,1861.75,GBp
0639.HK,2023-06-06,2.39,HKD
0P00000YAN,2023-06-06,141.88,USD
BCHS.L,2023-06-06,5009.25,GBp
BKCH,2023-06-06,4.636,USD
CNX1.L,2023-06-06,66566.5,GBp
DPYG.L,2023-06-06,4.507,GBP
FLOS.L,2023-06-06,474.05,GBp
GB00B1FXTF86,2023-06-06,7.97,GBP
GHYS.L,2023-06-06,84.305,GBP
GRAB,2023-06-06,3.23,USD
IDTG.L,2023-06-06,3.56025,GBP
IE0008368742,2023-06-06,174.44,USD
IE00B0M63516,2023-06-06,25.13,USD
IGLS.L,2023-06-06,124.68,GBP
IGWD.L,2023-06-06,7574,GBp
INXG.L,2023-06-06,13.284,GBP
ISPE.L,2023-06-06,4.903,GBP
IUAG.L,2023-06-06,93,USD
IWDG.L,2023-06-06,736.25,GBp
JFM0003373,2023-06-06,141.88,USD
KNSL,2023-06-06,354.13,USD
LU0164881194,2023-06-06,239.86,USD
LU0196696453,2023-06-06,15.88,USD
MU0129U00005,2023-06-06,307.28,USD
QQQ,2023-06-06,354.84,USD
SGLN.L,2023-06-06,3078,GBp
SPOG,2023-06-06,1864,GBp
0639.HK,2023-06-07,2.43,HKD
0P00000YAN,2023-06-07,141.87,USD
BCHS.L,2023-06-07,4982.25,GBp
BKCH,2023-06-07,4.708,USD
CNX1.L,2023-06-07,66006.5,GBp
DPYG.L,2023-06-07,4.53725,GBP
FLOS.L,2023-06-07,473.95,GBp
GB00B1FXTF86,2023-06-07,8.01,GBP
GHYS.L,2023-06-07,84.26,GBP
GRAB,2023-06-07,3.24,USD
IDTG.L,2023-06-07,3.53975,GBP
IE0008368742,2023-06-07,175.62,USD
IE00B0M63516,2023-06-07,25.49,USD
IGLS.L,2023-06-07,124.48,GBP
IGWD.L,2023-06-07,7570,GBp
INXG.L,2023-06-07,13.323,GBP
ISPE.L,2023-06-07,4.937,GBP
IUAG.L,2023-06-07,92.77,USD
IWDG.L,2023-06-07,736.5,GBp
JFM0003373,2023-06-07,141.87,USD
KNSL,2023-06-07,355.82,USD
LU0164881194,2023-06-07,241.76,USD
LU0196696453,2023-06-07,16.03,USD
MU0129U00005,2023-06-07,309.82,USD
QQQ,2023-06-07,348.82,USD
SGLN.L,2023-06-07,3056,GBp
SPOG,2023-06-07,1906.75,GBp
0639.HK,2023-06-08,2.52,HKD
0P00000YAN,2023-06-08,142.82,USD
BCHS.L,2023-06-08,4940.75,GBp
BKCH,2023-06-08,4.6975,USD
CNX1.L,2023-06-08,65569,GBp
DPYG.L,2023-06-08,4.51925,GBP
FLOS.L,2023-06-08,473.95,GBp
GB00B1FXTF86,2023-06-08,7.92,GBP
GHYS.L,2023-06-08,84.455,GBP
GRAB,2023-06-08,3.4,USD
IDTG.L,2023-06-08,3.54525,GBP
IE0008368742,2023-06-08,176.10,USD
IE00B0M63516,2023-06-08,25.43,USD
IGLS.L,2023-06-08,124.58,GBP
IGWD.L,2023-06-08,7568.5,GBp
INXG.L,2023-06-08,13.276,GBP
ISPE.L,2023-06-08,4.9255,GBP
IUAG.L,2023-06-08,93.03,USD
IWDG.L,2023-06-08,735.625,GBp
JFM0003373,2023-06-08,142.82,USD
KNSL,2023-06-08,356.94,USD
LU0164881194,2023-06-08,240.13,USD
MU0129U00005,2023-06-08,307.91,USD
QQQ,2023-06-08,353.15,USD
SGLN.L,2023-06-08,3050,GBp
SPOG,2023-06-08,1887.75,GBp
0639.HK,2023-06-09,2.15,HKD
0P00000YAN,2023-06-09,143.03,USD
BCHS.L,2023-06-09,4944,GBp
BKCH,2023-06-09,4.61025,USD
CNX1.L,2023-06-09,65695.5,GBp
DPYG.L,2023-06-09,4.51725,GBP
FLOS.L,2023-06-09,474.175,GBp
GB00B1FXTF86,2023-06-09,7.87,GBP
GHYS.L,2023-06-09,84.56,GBP
GRAB,2023-06-09,3.44,USD
IDTG.L,2023-06-09,3.55675,GBP
IE0008368742,2023-06-09,176.72,USD
IE00B0M63516,2023-06-09,25.95,USD
IGLS.L,2023-06-09,124.61,GBP
IGWD.L,2023-06-09,7583,GBp
INXG.L,2023-06-09,13.243,GBP
ISPE.L,2023-06-09,4.9445,GBP
IUAG.L,2023-06-09,92.88,USD
IWDG.L,2023-06-09,737.5,GBp
JFM0003373,2023-06-09,143.03,USD
KNSL,2023-06-09,356.24,USD
LU0164881194,2023-06-09,239.72,USD
LU0196696453,2023-06-09,16.42,USD
MU0129U00005,2023-06-09,306.78,USD
QQQ,2023-06-09,354.5,USD
SGLN.L,2023-06-09,3036,GBp
SPOG,2023-06-09,1880.5,GBp
0639.HK,2023-06-12,2.13,HKD
0P00000YAN,2023-06-12,143.25,USD
BCHS.L,2023-06-12,4972.5,GBp
BKCH,2023-06-12,4.566,USD
CNX1.L,2023-06-12,66479.5,GBp
DPYG.L,2023-06-12,4.50025,GBP
FLOS.L,2023-06-12,474.225,GBp
GB00B1FXTF86,2023-06-12,7.88,GBP
GHYS.L,2023-06-12,84.61,GBP
GRAB,2023-06-12,3.44,USD
IDTG.L,2023-06-12,3.54275,GBP
IE0008368742,2023-06-12,177.75,USD
IE00B0M63516,2023-06-12,26.08,USD
IGLS.L,2023-06-12,124.32,GBP
IGWD.L,2023-06-12,7610,GBp
INXG.L,2023-06-12,13.079,GBP
ISPE.L,2023-06-12,4.94675,GBP
IUAG.L,2023-06-12,92.86,USD
IWDG.L,2023-06-12,740,GBp
JFM0003373,2023-06-12,143.25,USD
KNSL,2023-06-12,348.77,USD
LU0164881194,2023-06-12,240.30,USD
LU0196696453,2023-06-12,16.38,USD
MU0129U00005,2023-06-12,308.25,USD
QQQ,2023-06-12,360.49,USD
SGLN.L,2023-06-12,3048,GBp
SPOG,2023-06-12,1850.5,GBp
0639.HK,2023-06-13,2.15,HKD
0P00000YAN,2023-06-13,143.77,USD
BCHS.L,2023-06-13,5010,GBp
BKCH,2023-06-13,4.63625,USD
CNX1.L,2023-06-13,67157.5,GBp
DPYG.L,2023-06-13,4.515,GBP
FLOS.L,2023-06-13,474.1,GBp
GB00B1FXTF86,2023-06-13,7.94,GBP
GHYS.L,2023-06-13,84.75,GBP
GRAB,2023-06-13,3.45,USD
IDTG.L,2023-06-13,3.53375,GBP
IE0008368742,2023-06-13,178.84,USD
IE00B0M63516,2023-06-13,26.15,USD
IGLS.L,2023-06-13,123.7,GBP
IGWD.L,2023-06-13,7709,GBp
INXG.L,2023-06-13,13.038,GBP
ISPE.L,2023-06-13,5.009,GBP
IUAG.L,2023-06-13,92.87,USD
IWDG.L,2023-06-13,749.375,GBp
JFM0003373,2023-06-13,143.77,USD
KNSL,2023-06-13,352.64,USD
LU0164881194,2023-06-13,242.46,USD
LU0196696453,2023-06-13,16.47,USD
MU0129U00005,2023-06-13,310.63,USD
QQQ,2023-06-13,363.26,USD
SGLN.L,2023-06-13,3004,GBp
SPOG,2023-06-13,1876.25,GBp
0639.HK,2023-06-14,2.08,HKD
0P00000YAN,2023-06-14,143.53,USD
BCHS.L,2023-06-14,5012,GBp
BKCH,2023-06-14,4.8115,USD
CNX1.L,2023-06-14,67193,GBp
DPYG.L,2023-06-14,4.5355,GBP
FLOS.L,2023-06-14,474.15,GBp
GB00B1FXTF86,2023-06-14,7.94,GBP
GHYS.L,2023-06-14,84.59,GBP
GRAB,2023-06-14,3.4,USD
IDTG.L,2023-06-14,3.55625,GBP
IE0008368742,2023-06-14,179.00,USD
IE00B0M63516,2023-06-14,26.55,USD
IGLS.L,2023-06-14,123.97,GBP
IGWD.L,2023-06-14,7735,GBp
INXG.L,2023-06-14,13.228,GBP
ISPE.L,2023-06-14,5.039,GBP
IUAG.L,2023-06-14,92.85,USD
IWDG.L,2023-06-14,751.25,GBp
JFM0003373,2023-06-14,143.53,USD
KNSL,2023-06-14,344.08,USD
LU0164881194,2023-06-14,243.54,USD
LU0196696453,2023-06-14,16.57,USD
MU0129U00005,2023-06-14,311.75,USD
QQQ,2023-06-14,365.9,USD
SGLN.L,2023-06-14,3002,GBp
SPOG,2023-06-14,1839.5,GBp
0639.HK,2023-06-15,2.07,HKD
0P00000YAN,2023-06-15,143.25,USD
BCHS.L,2023-06-15,4974.5,GBp
BKCH,2023-06-15,4.64025,USD
CNX1.L,2023-06-15,67312,GBp
DPYG.L,2023-06-15,4.5285,GBP
FLOS.L,2023-06-15,474.425,GBp
GB00B1FXTF86,2023-06-15,7.94,GBP
GHYS.L,2023-06-15,84.715,GBP
GRAB,2023-06-15,3.44,USD
IDTG.L,2023-06-15,3.523,GBP
IE0008368742,2023-06-15,183.84,USD
IE00B0M63516,2023-06-15,26.39,USD
IGLS.L,2023-06-15,123.85,GBP
IGWD.L,2023-06-15,7755.5,GBp
INXG.L,2023-06-15,13.298,GBP
ISPE.L,2023-06-15,5.033,GBP
IUAG.L,2023-06-15,93.21,USD
IWDG.L,2023-06-15,754,GBp
JFM0003373,2023-06-15,143.25,USD
KNSL,2023-06-15,350.09,USD
LU0164881194,2023-06-15,242.80,USD
LU0196696453,2023-06-15,16.80,USD
MU0129U00005,2023-06-15,310.07,USD
QQQ,2023-06-15,370.26,USD
SGLN.L,2023-06-15,2986,GBp
SPOG,2023-06-15,1853,GBp
0639.HK,2023-06-16,2.03,HKD
0P00000YAN,2023-06-16,143.94,USD
BCHS.L,2023-06-16,4958.5,GBp
BKCH,2023-06-16,4.67475,USD
CNX1.L,2023-06-16,67231.5,GBp
DPYG.L,2023-06-16,4.55075,GBP
FLOS.L,2023-06-16,474.65,GBp
GB00B1FXTF86,2023-06-16,7.95,GBP
GHYS.L,2023-06-16,84.915,GBP
GRAB,2023-06-16,3.42,USD
IDTG.L,2023-06-16,3.52025,GBP
IE0008368742,2023-06-16,185.56,USD
IE00B0M63516,2023-06-16,26.16,USD
IGLS.L,2023-06-16,123.8,GBP
IGWD.L,2023-06-16,7784.5,GBp
INXG.L,2023-06-16,13.262,GBP
ISPE.L,2023-06-16,5.063,GBP
IUAG.L,2023-06-16,93.16,USD
IWDG.L,2023-06-16,756.75,GBp
JFM0003373,2023-06-16,143.94,USD
KNSL,2023-06-16,355.55,USD
LU0164881194,2023-06-16,245.35,USD
LU0196696453,2023-06-16,16.72,USD
MU0129U00005,2023-06-16,313.03,USD
QQQ,2023-06-16,367.93,USD
SGLN.L,2023-06-16,2978,GBp
SPOG,2023-06-16,1838.25,GBp
0639.HK,2023-06-19,2.02,HKD
BCHS.L,2023-06-19,4956.5,GBp
BKCH,2023-06-19,4.91575,USD
CNX1.L,2023-06-19,66869.5,GBp
DPYG.L,2023-06-19,4.52475,GBP
FLOS.L,2023-06-19,474.725,GBp
GB00B1FXTF86,2023-06-19,7.90,GBP
GHYS.L,2023-06-19,84.52,GBP
IDTG.L,2023-06-19,3.48425,GBP
IE0008368742,2023-06-19,183.71,USD
IE00B0M63516,2023-06-19,26.62,USD
IGLS.L,2023-06-19,123.51,GBP
IGWD.L,2023-06-19,7737.5,GBp
INXG.L,2023-06-19,13.132,GBP
ISPE.L,2023-06-19,5.056,GBP
IUAG.L,2023-06-19,92.89,USD
IWDG.L,2023-06-19,752.5,GBp
LU0164881194,2023-06-19,244.91,USD
LU0196696453,2023-06-19,16.96,USD
MU0129U00005,2023-06-19,312.38,USD
SGLN.L,2023-06-19,2970,GBp
SPOG,2023-06-19,1843,GBp
0639.HK,2023-06-20,1.9,HKD
0P00000YAN,2023-06-20,142.39,USD
BCHS.L,2023-06-20,4946.25,GBp
BKCH,2023-06-20,4.962,USD
CNX1.L,2023-06-20,66927,GBp
DPYG.L,2023-06-20,4.48275,GBP
FLOS.L,2023-06-20,474.7,GBp
GB00B1FXTF86,2023-06-20,7.96,GBP
GHYS.L,2023-06-20,84.77,GBP
GRAB,2023-06-20,3.38,USD
IDTG.L,2023-06-20,3.5465,GBP
IE0008368742,2023-06-20,181.68,USD
IE00B0M63516,2023-06-20,26.34,USD
IGLS.L,2023-06-20,123.9,GBP
IGWD.L,2023-06-20,7695.5,GBp
INXG.L,2023-06-20,13.356,GBP
ISPE.L,2023-06-20,4.9965,GBP
IUAG.L,2023-06-20,93.25,USD
IWDG.L,2023-06-20,748.125,GBp
JFM0003373,2023-06-20,142.39,USD
KNSL,2023-06-20,355.5,USD
LU0164881194,2023-06-20,244.66,USD
LU0196696453,2023-06-20,16.76,USD
MU0129U00005,2023-06-20,313.73,USD
QQQ,2023-06-20,366.9,USD
SGLN.L,2023-06-20,2955,GBp
SPOG,2023-06-20,1806,GBp
0639.HK,2023-06-21,1.95,HKD
0P00000YAN,2023-06-21,142.59,USD
BCHS.L,2023-06-21,5024,GBp
BKCH,2023-06-21,5.558,USD
CNX1.L,2023-06-21,66404.5,GBp
DPYG.L,2023-06-21,4.4675,GBP
FLOS.L,2023-06-21,474.825,GBp
GB00B1FXTF86,2023-06-21,8.06,GBP
GHYS.L,2023-06-21,84.34,GBP
GRAB,2023-06-21,3.39,USD
IDTG.L,2023-06-21,3.514,GBP
IE0008368742,2023-06-21,178.20,USD
IE00B0M63516,2023-06-21,26.87,USD
IGLS.L,2023-06-21,123.665,GBP
IGWD.L,2023-06-21,7687.5,GBp
INXG.L,2023-06-21,13.303,GBP
ISPE.L,2023-06-21,5.019,GBP
IUAG.L,2023-06-21,92.89,USD
IWDG.L,2023-06-21,747.375,GBp
JFM0003373,2023-06-21,142.59,USD
KNSL,2023-06-21,362.6,USD
LU0164881194,2023-06-21,244.96,USD
LU0196696453,2023-06-21,17.05,USD
MU0129U00005,2023-06-21,315.05,USD
QQQ,2023-06-21,361.9,USD
SGLN.L,2023-06-21,2953,GBp
SPOG,2023-06-21,1843.25,GBp
BCHS.L,2023-06-22,4963.25,GBp
BKCH,2023-06-22,5.251,USD
CNX1.L,2023-06-22,66675.5,GBp
DPYG.L,2023-06-22,4.4005,GBP
FLOS.L,2023-06-22,474.75,GBp
GB00B1FXTF86,2023-06-22,7.93,GBP
GHYS.L,2023-06-22,84.225,GBP
GRAB,2023-06-22,3.33,USD
IDTG.L,2023-06-22,3.5155,GBP
IE00B0M63516,2023-06-22,26.33,USD
IGLS.L,2023-06-22,123.7,GBP
IGWD.L,2023-06-22,7671.5,GBp
INXG.L,2023-06-22,13.316,GBP
ISPE.L,2023-06-22,4.983,GBP
IUAG.L,2023-06-22,92.89,USD
IWDG.L,2023-06-22,745.625,GBp
KNSL,2023-06-22,362.28,USD
LU0164881194,2023-06-22,243.80,USD
LU0196696453,2023-06-22,16.77,USD
QQQ,2023-06-22,366.17,USD
SGLN.L,2023-06-22,2924,GBp
SPOG,2023-06-22,1798.75,GBp
0639.HK,2023-06-23,1.84,HKD
0P00000YAN,2023-06-23,140.15,USD
BCHS.L,2023-06-23,4959.25,GBp
BKCH,2023-06-23,5.6815,USD
CNX1.L,2023-06-23,66435,GBp
DPYG.L,2023-06-23,4.354,GBP
FLOS.L,2023-06-23,474.975,GBp
GB00B1FXTF86,2023-06-23,7.96,GBP
GHYS.L,2023-06-23,84.01,GBP
GRAB,2023-06-23,3.2,USD
IDTG.L,2023-06-23,3.53725,GBP
IE0008368742,2023-06-23,175.61,USD
IE00B0M63516,2023-06-23,26.70,USD
IGLS.L,2023-06-23,123.62,GBP
IGWD.L,2023-06-23,7627.5,GBp
INXG.L,2023-06-23,13.384,GBP
ISPE.L,2023-06-23,4.9495,GBP
IUAG.L,2023-06-23,93.07,USD
IWDG.L,2023-06-23,741.625,GBp
JFM0003373,2023-06-23,140.15,USD
KNSL,2023-06-23,358.31,USD
MU0129U00005,2023-06-23,310.42,USD
QQQ,2023-06-23,362.54,USD
SGLN.L,2023-06-23,2944,GBp
SPOG,2023-06-23,1780,GBp
0639.HK,2023-06-26,1.95,HKD
0P00000YAN,2023-06-26,140.12,USD
BCHS.L,2023-06-26,4949,GBp
BKCH,2023-06-26,5.5,USD
CNX1.L,2023-06-26,66376,GBp
DPYG.L,2023-06-26,4.37925,GBP
FLOS.L,2023-06-26,474.975,GBp
GB00B1FXTF86,2023-06-26,8.02,GBP
GHYS.L,2023-06-26,84.13,GBP
GRAB,2023-06-26,3.2,USD
IDTG.L,2023-06-26,3.554,GBP
IE0008368742,2023-06-26,174.92,USD
IE00B0M63516,2023-06-26,26.21,USD
IGLS.L,2023-06-26,123.67,GBP
IGWD.L,2023-06-26,7622.5,GBp
INXG.L,2023-06-26,13.505,GBP
ISPE.L,2023-06-26,4.9615,GBP
IUAG.L,2023-06-26,93.39,USD
IWDG.L,2023-06-26,741.25,GBp
JFM0003373,2023-06-26,140.12,USD
KNSL,2023-06-26,360.58,USD
LU0164881194,2023-06-26,242.74,USD
LU0196696453,2023-06-26,16.72,USD
MU0129U00005,2023-06-26,311.74,USD
QQQ,2023-06-26,357.68,USD
SGLN.L,2023-06-26,2951,GBp
SPOG,2023-06-26,1809,GBp
0639.HK,2023-06-27,1.95,HKD
0P00000YAN,2023-06-27,140.06,USD
BCHS.L,2023-06-27,4947.25,GBp
BKCH,2023-06-27,5.5405,USD
CNX1.L,2023-06-27,66099.5,GBp
DPYG.L,2023-06-27,4.4525,GBP
FLOS.L,2023-06-27,475.175,GBp
GB00B1FXTF86,2023-06-27,8.03,GBP
GHYS.L,2023-06-27,84.155,GBP
GRAB,2023-06-27,3.27,USD
IDTG.L,2023-06-27,3.52375,GBP
IE0008368742,2023-06-27,177.75,USD
IE00B0M63516,2023-06-27,25.92,USD
IGLS.L,2023-06-27,123.38,GBP
IGWD.L,2023-06-27,7646,GBp
INXG.L,2023-06-27,13.382,GBP
ISPE.L,2023-06-27,5.009,GBP
IUAG.L,2023-06-27,93.09,USD
IWDG.L,2023-06-27,744,GBp
JFM0003373,2023-06-27,140.06,USD
KNSL,2023-06-27,366.47,USD
LU0164881194,2023-06-27,244.36,USD
LU0196696453,2023-06-27,16.45,USD
MU0129U00005,2023-06-27,314.57,USD
QQQ,2023-06-27,363.83,USD
SGLN.L,2023-06-27,2924,GBp
SPOG,2023-06-27,1806,GBp
0639.HK,2023-06-28,1.96,HKD
0P00000YAN,2023-06-28,139.49,USD
BCHS.L,2023-06-28,5058.5,GBp
BKCH,2023-06-28,5.718,USD
CNX1.L,2023-06-28,67377,GBp
DPYG.L,2023-06-28,4.46975,GBP
FLOS.L,2023-06-28,475.275,GBp
GHYS.L,2023-06-28,84.35,GBP
GRAB,2023-06-28,3.25,USD
IDTG.L,2023-06-28,3.53775,GBP
IE0008368742,2023-06-28,177.68,USD
IE00B0M63516,2023-06-28,25.80,USD
IGLS.L,2023-06-28,123.68,GBP
IGWD.L,2023-06-28,7696.5,GBp
INXG.L,2023-06-28,13.46,GBP
ISPE.L,2023-06-28,5.0195,GBP
IUAG.L,2023-06-28,93.1,USD
IWDG.L,2023-06-28,748.5,GBp
JFM0003373,2023-06-28,139.49,USD
KNSL,2023-06-28,364.14,USD
LU0164881194,2023-06-28,246.20,USD
LU0196696453,2023-06-28,16.30,USD
MU0129U00005,2023-06-28,315.65,USD
QQQ,2023-06-28,364.54,USD
SGLN.L,2023-06-28,2943,GBp
SPOG,2023-06-28,1825.5,GBp
0639.HK,2023-06-29,1.96,HKD
BCHS.L,2023-06-29,5059.5,GBp
BKCH,2023-06-29,5.872,USD
CNX1.L,2023-06-29,67502.5,GBp
DPYG.L,2023-06-29,4.4595,GBP
FLOS.L,2023-06-29,475.65,GBp
GB00B1FXTF86,2023-06-29,8.16,GBP
GHYS.L,2023-06-29,84.33,GBP
GRAB,2023-06-29,3.39,USD
IDTG.L,2023-06-29,3.4935,GBP
IE0008368742,2023-06-29,175.64,USD
IE00B0M63516,2023-06-29,25.79,USD
IGLS.L,2023-06-29,123.575,GBP
IGWD.L,2023-06-29,7716,GBp
INXG.L,2023-06-29,13.391,GBP
ISPE.L,2023-06-29,5.0425,GBP
IUAG.L,2023-06-29,92.67,USD
IWDG.L,2023-06-29,750.5,GBp
KNSL,2023-06-29,371.97,USD
LU0196696453,2023-06-29,16.32,USD
QQQ,2023-06-29,363.81,USD
SGLN.L,2023-06-29,2950,GBp
SPOG,2023-06-29,1841,GBp
0639.HK,2023-06-30,1.97,HKD
0P00000YAN,2023-06-30,140.5,USD
BCHS.L,2023-06-30,5060.5,GBp
BKCH,2023-06-30,5.8095,USD
CNX1.L,2023-06-30,67873.5,GBp
DPYG.L,2023-06-30,4.48175,GBP
FLOS.L,2023-06-30,475.85,GBp
GB00B1FXTF86,2023-06-30,8.20,GBP
GHYS.L,2023-06-30,84.685,GBP
GRAB,2023-06-30,3.43,USD
IDTG.L,2023-06-30,3.518,GBP
IE0008368742,2023-06-30,175.80,USD
IE00B0M63516,2023-06-30,26.10,USD
IGLS.L,2023-06-30,123.485,GBP
IGWD.L,2023-06-30,7793,GBp
INXG.L,2023-06-30,13.451,GBP
ISPE.L,2023-06-30,5.091,GBP
IUAG.L,2023-06-30,92.86,USD
IWDG.L,2023-06-30,758.25,GBp
JFM0003373,2023-06-30,140.5,USD
KNSL,2023-06-30,374.2,USD
LU0164881194,2023-06-30,248.58,USD
LU0196696453,2023-06-30,16.74,USD
MU0129U00005,2023-06-30,319.23,USD
QQQ,2023-06-30,369.42,USD
SGLN.L,2023-06-30,2938,GBp
SPOG,2023-06-30,1858.75,GBp
0639.HK,2023-07-03,2.05,HKD
0P00000YAN,2023-07-03,141.18,USD
BCHS.L,2023-07-03,5231.5,GBp
BKCH,2023-07-03,6.442,USD
CNX1.L,2023-07-03,67975,GBp
DPYG.L,2023-07-03,4.571,GBP
FLOS.L,2023-07-03,475.925,GBp
GB00B1FXTF86,2023-07-03,8.20,GBP
GHYS.L,2023-07-03,84.63,GBP
GRAB,2023-07-03,3.43,USD
IDTG.L,2023-07-03,3.5175,GBP
IE0008368742,2023-07-03,178.47,USD
IE00B0M63516,2023-07-03,26.57,USD
IGLS.L,2023-07-03,123.325,GBP
IGWD.L,2023-07-03,7807.5,GBp
INXG.L,2023-07-03,13.333,GBP
ISPE.L,2023-07-03,5.125,GBP
IUAG.L,2023-07-03,93.19,USD
IWDG.L,2023-07-03,759.625,GBp
JFM0003373,2023-07-03,141.18,USD
KNSL,2023-07-03,369.67,USD
LU0164881194,2023-07-03,249.72,USD
LU0196696453,2023-07-03,16.93,USD
MU0129U00005,2023-07-03,320.46,USD
QQQ,2023-07-03,370.29,USD
SGLN.L,2023-07-03,2960,GBp
SPOG,2023-07-03,1877.75,GBp
0639.HK,2023-07-04,2.06,HKD
BCHS.L,2023-07-04,5243,GBp
BKCH,2023-07-04,6.55,USD
CNX1.L,2023-07-04,67905,GBp
DPYG.L,2023-07-04,4.6025,GBP
FLOS.L,2023-07-04,475.875,GBp
GB00B1FXTF86,2023-07-04,8.16,GBP
GHYS.L,2023-07-04,84.7,GBP
IDTG.L,2023-07-04,3.51425,GBP
IE0008368742,2023-07-04,179.96,USD
IE00B0M63516,2023-07-04,26.31,USD
IGLS.L,2023-07-04,123.415,GBP
IGWD.L,2023-07-04,7805,GBp
INXG.L,2023-07-04,13.348,GBP
ISPE.L,2023-07-04,5.1185,GBP
IUAG.L,2023-07-04,92.6,USD
IWDG.L,2023-07-04,759.375,GBp
LU0164881194,2023-07-04,249.35,USD
LU0196696453,2023-07-04,16.69,USD
MU0129U00005,2023-07-04,320.05,USD
SGLN.L,2023-07-04,2949,GBp
SPOG,2023-07-04,1877.5,GBp
0639.HK,2023-07-05,2.1,HKD
0P00000YAN,2023-07-05,141.2,USD
BCHS.L,2023-07-05,5208,GBp
BKCH,2023-07-05,6.435,USD
CNX1.L,2023-07-05,68006.5,GBp
DPYG.L,2023-07-05,4.59325,GBP
FLOS.L,2023-07-05,475.775,GBp
GB00B1FXTF86,2023-07-05,8.17,GBP
GHYS.L,2023-07-05,84.405,GBP
GRAB,2023-07-05,3.43,USD
IDTG.L,2023-07-05,3.4865,GBP
IE0008368742,2023-07-05,178.07,USD
IE00B0M63516,2023-07-05,26.06,USD
IGLS.L,2023-07-05,123.225,GBP
IGWD.L,2023-07-05,7788,GBp
INXG.L,2023-07-05,13.276,GBP
ISPE.L,2023-07-05,5.117,GBP
IUAG.L,2023-07-05,92.4,USD
IWDG.L,2023-07-05,757.625,GBp
JFM0003373,2023-07-05,141.2,USD
KNSL,2023-07-05,368.46,USD
LU0164881194,2023-07-05,249.07,USD
LU0196696453,2023-07-05,16.67,USD
MU0129U00005,2023-07-05,321.05,USD
QQQ,2023-07-05,370.28,USD
SGLN.L,2023-07-05,2945,GBp
SPOG,2023-07-05,1867.5,GBp
0639.HK,2023-07-06,2.04,HKD
0P00000YAN,2023-07-06,139.66,USD
BCHS.L,2023-07-06,5140,GBp
BKCH,2023-07-06,6.336,USD
CNX1.L,2023-07-06,67178.5,GBp
DPYG.L,2023-07-06,4.49375,GBP
FLOS.L,2023-07-06,475.525,GBp
GB00B1FXTF86,2023-07-06,8.17,GBP
GHYS.L,2023-07-06,83.67,GBP
GRAB,2023-07-06,3.32,USD
IDTG.L,2023-07-06,3.4205,GBP
IE0008368742,2023-07-06,174.45,USD
IE00B0M63516,2023-07-06,25.30,USD
IGLS.L,2023-07-06,122.93,GBP
IGWD.L,2023-07-06,7655.5,GBp
INXG.L,2023-07-06,12.962,GBP
ISPE.L,2023-07-06,5.0215,GBP
IUAG.L,2023-07-06,91.6,USD
IWDG.L,2023-07-06,745.75,GBp
JFM0003373,2023-07-06,139.66,USD
KNSL,2023-07-06,368.88,USD
LU0164881194,2023-07-06,249.64,USD
LU0196696453,2023-07-06,16.18,USD
MU0129U00005,2023-07-06,321.09,USD
QQQ,2023-07-06,367.46,USD
SGLN.L,2023-07-06,2926,GBp
SPOG,2023-07-06,1803,GBp
0639.HK,2023-07-07,2.04,HKD
0P00000YAN,2023-07-07,138.79,USD
BCHS.L,2023-07-07,5245.5,GBp
BKCH,2023-07-07,6.8645,USD
CNX1.L,2023-07-07,66930.5,GBp
DPYG.L,2023-07-07,4.51,GBP
FLOS.L,2023-07-07,475.725,GBp
GB00B1FXTF86,2023-07-07,8.09,GBP
GHYS.L,2023-07-07,84.05,GBP
GRAB,2023-07-07,3.32,USD
IDTG.L,2023-07-07,3.41275,GBP
IE0008368742,2023-07-07,171.80,USD
IE00B0M63516,2023-07-07,25.91,USD
IGLS.L,2023-07-07,123.235,GBP
IGWD.L,2023-07-07,7695,GBp
INXG.L,2023-07-07,12.931,GBP
ISPE.L,2023-07-07,5.081,GBP
IUAG.L,2023-07-07,91.81,USD
IWDG.L,2023-07-07,748.75,GBp
JFM0003373,2023-07-07,138.79,USD
KNSL,2023-07-07,367.66,USD
LU0164881194,2023-07-07,246.82,USD
LU0196696453,2023-07-07,16.51,USD
MU0129U00005,2023-07-07,316.57,USD
QQQ,2023-07-07,366.24,USD
SGLN.L,2023-07-07,2930,GBp
SPOG,2023-07-07,1835.5,GBp
0639.HK,2023-07-10,2.04,HKD
0P00000YAN,2023-07-10,139.65,USD
BCHS.L,2023-07-10,5234,GBp
BKCH,2023-07-10,6.7855,USD
CNX1.L,2023-07-10,66554.5,GBp
DPYG.L,2023-07-10,4.49425,GBP
EWQX.L,2023-07-10,512.25,GBp
FLOS.L,2023-07-10,476.125,GBp
GB00B1FXTF86,2023-07-10,8.07,GBP
GHYS.L,2023-07-10,84.125,GBP
GRAB,2023-07-10,3.45,USD
IDTG.L,2023-07-10,3.417,GBP
IE0008368742,2023-07-10,172.61,USD
IE00B0M63516,2023-07-10,25.69,USD
IGLS.L,2023-07-10,123.285,GBP
IGWD.L,2023-07-10,7688,GBp
INXG.L,2023-07-10,12.964,GBP
ISPE.L,2023-07-10,5.105,GBP
IUAG.L,2023-07-10,91.89,USD
IWDG.L,2023-07-10,747.375,GBp
JFM0003373,2023-07-10,139.65,USD
KNSL,2023-07-10,367.02,USD
LU0164881194,2023-07-10,246.67,USD
LU0196696453,2023-07-10,16.44,USD
MU0129U00005,2023-07-10,316.10,USD
QQQ,2023-07-10,366.36,USD
SGLN.L,2023-07-10,2920,GBp
SPOG,2023-07-10,1854.75,GBp
0639.HK,2023-07-11,2.04,HKD
0P00000YAN,2023-07-11,140.8,USD
BCHS.L,2023-07-11,5328.5,GBp
BKCH,2023-07-11,7.2095,USD
CNX1.L,2023-07-11,66353,GBp
DPYG.L,2023-07-11,4.55725,GBP
EWQX.L,2023-07-11,516.439,GBp
FLOS.L,2023-07-11,476.275,GBp
GB00B1FXTF86,2023-07-11,8.11,GBP
GHYS.L,2023-07-11,84.43,GBP
GRAB,2023-07-11,3.56,USD
IDTG.L,2023-07-11,3.4175,GBP
IE0008368742,2023-07-11,174.80,USD
IE00B0M63516,2023-07-11,25.40,USD
IGLS.L,2023-07-11,123.23,GBP
IGWD.L,2023-07-11,7713,GBp
INXG.L,2023-07-11,12.9,GBP
ISPE.L,2023-07-11,5.144,GBP
IUAG.L,2023-07-11,92.14,USD
IWDG.L,2023-07-11,749.75,GBp
JFM0003373,2023-07-11,140.8,USD
KNSL,2023-07-11,371.74,USD
LU0164881194,2023-07-11,248.97,USD
LU0196696453,2023-07-11,16.06,USD
MU0129U00005,2023-07-11,318.95,USD
QQQ,2023-07-11,368.17,USD
SGLN.L,2023-07-11,2919,GBp
SPOG,2023-07-11,1890,GBp
0639.HK,2023-07-12,2.13,HKD
0P00000YAN,2023-07-12,142.41,USD
BCHS.L,2023-07-12,5431,GBp
BKCH,2023-07-12,7.396,USD
CNX1.L,2023-07-12,66985.5,GBp
DPYG.L,2023-07-12,4.63,GBP
EWQX.L,2023-07-12,519.287,GBp
FLOS.L,2023-07-12,476.3,GBp
GB00B1FXTF86,2023-07-12,8.14,GBP
GHYS.L,2023-07-12,85.135,GBP
GRAB,2023-07-12,3.67,USD
IDTG.L,2023-07-12,3.459,GBP
IE0008368742,2023-07-12,175.87,USD
IE00B0M63516,2023-07-12,26.16,USD
IGLS.L,2023-07-12,123.65,GBP
IGWD.L,2023-07-12,7809.5,GBp
INXG.L,2023-07-12,13.086,GBP
ISPE.L,2023-07-12,5.203,GBP
IUAG.L,2023-07-12,92.75,USD
IWDG.L,2023-07-12,759.75,GBp
JFM0003373,2023-07-12,142.41,USD
KNSL,2023-07-12,364.51,USD
LU0164881194,2023-07-12,249.17,USD
LU0196696453,2023-07-12,16.70,USD
MU0129U00005,2023-07-12,318.63,USD
QQQ,2023-07-12,372.82,USD
SGLN.L,2023-07-12,2929,GBp
SPOG,2023-07-12,1907,GBp
0639.HK,2023-07-13,2.18,HKD
0P00000YAN,2023-07-13,144.66,USD
BCHS.L,2023-07-13,5498,GBp
BKCH,2023-07-13,7.669,USD
CNX1.L,2023-07-13,67130.5,GBp
DPYG.L,2023-07-13,4.621,GBP
EWQX.L,2023-07-13,399.075,GBp
FLOS.L,2023-07-13,476.4,GBp
GB00B1FXTF86,2023-07-13,8.02,GBP
GHYS.L,2023-07-13,85.355,GBP
GRAB,2023-07-13,3.7,USD
IDTG.L,2023-07-13,3.48525,GBP
IE0008368742,2023-07-13,179.07,USD
IE00B0M63516,2023-07-13,26.33,USD
IGLS.L,2023-07-13,122.65,GBP
IGWD.L,2023-07-13,7844,GBp
INXG.L,2023-07-13,13.111,GBP
ISPE.L,2023-07-13,5.2035,GBP
IUAG.L,2023-07-13,93.43,USD
IWDG.L,2023-07-13,759.375,GBp
JFM0003373,2023-07-13,144.66,USD
KNSL,2023-07-13,362.37,USD
LU0164881194,2023-07-13,250.30,USD
LU0196696453,2023-07-13,16.80,USD
MU0129U00005,2023-07-13,320.33,USD
QQQ,2023-07-13,379.15,USD
SGLN.L,2023-07-13,2912,GBp
SPOG,2023-07-13,1920,GBp
0639.HK,2023-07-14,2.26,HKD
0P00000YAN,2023-07-14,146.07,USD
BCHS.L,2023-07-14,5617.5,GBp
BKCH,2023-07-14,8.218,USD
CNX1.L,2023-07-14,67936,GBp
DPYG.L,2023-07-14,4.626,GBP
EWQX.L,2023-07-14,400.275,GBp
FLOS.L,2023-07-14,476.8,GBp
GB00B1FXTF86,2023-07-14,8.06,GBP
GHYS.L,2023-07-14,85.275,GBP
GRAB,2023-07-14,3.62,USD
IDTG.L,2023-07-14,3.4915,GBP
IE0008368742,2023-07-14,180.02,USD
IE00B0M63516,2023-07-14,26.25,USD
IGLS.L,2023-07-14,122.645,GBP
IGWD.L,2023-07-14,7869.5,GBp
INXG.L,2023-07-14,13.093,GBP
ISPE.L,2023-07-14,5.18,GBP
IUAG.L,2023-07-14,93.35,USD
IWDG.L,2023-07-14,761.875,GBp
JFM0003373,2023-07-14,146.07,USD
KNSL,2023-07-14,367.16,USD
LU0164881194,2023-07-14,251.63,USD
LU0196696453,2023-07-14,16.66,USD
MU0129U00005,2023-07-14,322.89,USD
QQQ,2023-07-14,379.07,USD
SGLN.L,2023-07-14,2907,GBp
SPOG,2023-07-14,1866.75,GBp
BCHS.L,2023-07-17,5603,GBp
BKCH,2023-07-17,7.8325,USD
CNX1.L,2023-07-17,68013,GBp
DPYG.L,2023-07-17,4.626,GBP
EWQX.L,2023-07-17,403.4,GBp
FLOS.L,2023-07-17,476.8,GBp
GB00B1FXTF86,2023-07-17,8.08,GBP
GHYS.L,2023-07-17,85,GBP
GRAB,2023-07-17,3.62,USD
IDTG.L,2023-07-17,3.4725,GBP
IE0008368742,2023-07-17,179.13,USD
IE00B0M63516,2023-07-17,25.80,USD
IGLS.L,2023-07-17,122.735,GBP
IGWD.L,2023-07-17,7864.5,GBp
INXG.L,2023-07-17,13.05,GBP
ISPE.L,2023-07-17,5.1905,GBP
IUAG.L,2023-07-17,93,USD
IWDG.L,2023-07-17,761.125,GBp
KNSL,2023-07-17,375.25,USD
LU0164881194,2023-07-17,253.35,USD
LU0196696453,2023-07-17,16.40,USD
QQQ,2023-07-17,382.61,USD
SGLN.L,2023-07-17,2906,GBp
SPOG,2023-07-17,1851,GBp
0639.HK,2023-07-18,2.27,HKD
0P00000YAN,2023-07-18,146.18,USD
BCHS.L,2023-07-18,5530.5,GBp
BKCH,2023-07-18,7.4905,USD
CNX1.L,2023-07-18,68083.5,GBp
DPYG.L,2023-07-18,4.59975,GBP
EWQX.L,2023-07-18,405.175,GBp
FLOS.L,2023-07-18,476.825,GBp
GB00B1FXTF86,2023-07-18,8.08,GBP
GHYS.L,2023-07-18,85.29,GBP
GRAB,2023-07-18,3.51,USD
IDTG.L,2023-07-18,3.50175,GBP
IE0008368742,2023-07-18,176.81,USD
IE00B0M63516,2023-07-18,26.10,USD
IGLS.L,2023-07-18,123,GBP
IGWD.L,2023-07-18,7905,GBp
INXG.L,2023-07-18,13.2,GBP
ISPE.L,2023-07-18,5.23,GBP
IUAG.L,2023-07-18,93.49,USD
IWDG.L,2023-07-18,765.125,GBp
JFM0003373,2023-07-18,146.18,USD
KNSL,2023-07-18,377.16,USD
LU0164881194,2023-07-18,253.43,USD
LU0196696453,2023-07-18,16.71,USD
MU0129U00005,2023-07-18,325.90,USD
QQQ,2023-07-18,385.74,USD
SGLN.L,2023-07-18,2952,GBp
SPOG,2023-07-18,1900.5,GBp
0639.HK,2023-07-19,2.24,HKD
0P00000YAN,2023-07-19,146.51,USD
BCHS.L,2023-07-19,5637,GBp
BKCH,2023-07-19,7.7215,USD
CNX1.L,2023-07-19,70144.5,GBp
DPYG.L,2023-07-19,4.64325,GBP
EWQX.L,2023-07-19,414.525,GBp
FLOS.L,2023-07-19,476.9,GBp
GB00B1FXTF86,2023-07-19,8.20,GBP
GHYS.L,2023-07-19,85.285,GBP
GRAB,2023-07-19,3.51,USD
IDTG.L,2023-07-19,3.5055,GBP
IE0008368742,2023-07-19,175.37,USD
IE00B0M63516,2023-07-19,25.90,USD
IGLS.L,2023-07-19,123.445,GBP
IGWD.L,2023-07-19,7962,GBp
INXG.L,2023-07-19,13.504,GBP
ISPE.L,2023-07-19,5.242,GBP
IUAG.L,2023-07-19,93.41,USD
IWDG.L,2023-07-19,771.25,GBp
JFM0003373,2023-07-19,146.51,USD
KNSL,2023-07-19,376.39,USD
LU0164881194,2023-07-19,254.33,USD
LU0196696453,2023-07-19,16.56,USD
MU0129U00005,2023-07-19,325.42,USD
QQQ,2023-07-19,385.65,USD
SGLN.L,2023-07-19,2984,GBp
SPOG,2023-07-19,1939.75,GBp
0639.HK,2023-07-20,2.24,HKD
0P00000YAN,2023-07-20,146.39,USD
BCHS.L,2023-07-20,5585,GBp
BKCH,2023-07-20,7.5725,USD
CNX1.L,2023-07-20,69133,GBp
DPYG.L,2023-07-20,4.653,GBP
EWQX.L,2023-07-20,411.1,GBp
FLOS.L,2023-07-20,477.2,GBp
GB00B1FXTF86,2023-07-20,8.24,GBP
GHYS.L,2023-07-20,85.105,GBP
GRAB,2023-07-20,3.64,USD
IDTG.L,2023-07-20,3.4905,GBP
IE0008368742,2023-07-20,175.43,USD
IE00B0M63516,2023-07-20,26.16,USD
IGLS.L,2023-07-20,123.3,GBP
IGWD.L,2023-07-20,7936,GBp
INXG.L,2023-07-20,13.436,GBP
ISPE.L,2023-07-20,5.237,GBP
IUAG.L,2023-07-20,92.96,USD
IWDG.L,2023-07-20,768.75,GBp
JFM0003373,2023-07-20,146.39,USD
KNSL,2023-07-20,384.76,USD
LU0164881194,2023-07-20,254.70,USD
LU0196696453,2023-07-20,16.68,USD
MU0129U00005,2023-07-20,327.13,USD
QQQ,2023-07-20,376.76,USD
SGLN.L,2023-07-20,2985,GBp
SPOG,2023-07-20,1948,GBp
0639.HK,2023-07-21,2.25,HKD
0P00000YAN,2023-07-21,146.04,USD
BCHS.L,2023-07-21,5522.5,GBp
BKCH,2023-07-21,7.348,USD
CNX1.L,2023-07-21,68648,GBp
DPYG.L,2023-07-21,4.697,GBP
EWQX.L,2023-07-21,412.025,GBp
FLOS.L,2023-07-21,477.45,GBp
GB00B1FXTF86,2023-07-21,8.22,GBP
GHYS.L,2023-07-21,85.265,GBP
GRAB,2023-07-21,3.6,USD
IDTG.L,2023-07-21,3.50925,GBP
IE0008368742,2023-07-21,175.28,USD
IE00B0M63516,2023-07-21,26.83,USD
IGLS.L,2023-07-21,123.385,GBP
IGWD.L,2023-07-21,7945,GBp
INXG.L,2023-07-21,13.459,GBP
ISPE.L,2023-07-21,5.259,GBP
IUAG.L,2023-07-21,93.24,USD
IWDG.L,2023-07-21,768.75,GBp
JFM0003373,2023-07-21,146.04,USD
KNSL,2023-07-21,382.55,USD
LU0164881194,2023-07-21,252.89,USD
LU0196696453,2023-07-21,17.10,USD
MU0129U00005,2023-07-21,322.59,USD
QQQ,2023-07-21,375.63,USD
SGLN.L,2023-07-21,2971,GBp
SPOG,2023-07-21,1964.25,GBp
0639.HK,2023-07-24,2.23,HKD
0P00000YAN,2023-07-24,145.5,USD
BCHS.L,2023-07-24,5448,GBp
BKCH,2023-07-24,7.0675,USD
CNX1.L,2023-07-24,68496,GBp
DPYG.L,2023-07-24,4.70225,GBP
EWQX.L,2023-07-24,410.85,GBp
FLOS.L,2023-07-24,477.475,GBp
GB00B1FXTF86,2023-07-24,8.24,GBP
GHYS.L,2023-07-24,85.335,GBP
GRAB,2023-07-24,3.6,USD
IDTG.L,2023-07-24,3.49225,GBP
IE0008368742,2023-07-24,172.81,USD
IE00B0M63516,2023-07-24,27.30,USD
IGLS.L,2023-07-24,123.45,GBP
IGWD.L,2023-07-24,7947.5,GBp
INXG.L,2023-07-24,13.488,GBP
ISPE.L,2023-07-24,5.2635,GBP
IUAG.L,2023-07-24,93.12,USD
IWDG.L,2023-07-24,769.375,GBp
JFM0003373,2023-07-24,145.5,USD
KNSL,2023-07-24,383.64,USD
LU0164881194,2023-07-24,252.01,USD
LU0196696453,2023-07-24,17.41,USD
MU0129U00005,2023-07-24,321.99,USD
QQQ,2023-07-24,376.23,USD
SGLN.L,2023-07-24,2977,GBp
SPOG,2023-07-24,2002.75,GBp
0639.HK,2023-07-25,2.28,HKD
0P00000YAN,2023-07-25,145.98,USD
BCHS.L,2023-07-25,5536,GBp
BKCH,2023-07-25,7.476,USD
CNX1.L,2023-07-25,68690,GBp
DPYG.L,2023-07-25,4.703,GBP
EWQX.L,2023-07-25,411.225,GBp
FLOS.L,2023-07-25,477.575,GBp
GB00B1FXTF86,2023-07-25,8.23,GBP
GHYS.L,2023-07-25,85.185,GBP
GRAB,2023-07-25,3.57,USD
IDTG.L,2023-07-25,3.48075,GBP
IE0008368742,2023-07-25,180.29,USD
IE00B0M63516,2023-07-25,27.38,USD
IGLS.L,2023-07-25,123.41,GBP
IGWD.L,2023-07-25,7961,GBp
INXG.L,2023-07-25,13.424,GBP
ISPE.L,2023-07-25,5.272,GBP
IUAG.L,2023-07-25,92.83,USD
IWDG.L,2023-07-25,770.375,GBp
JFM0003373,2023-07-25,145.98,USD
KNSL,2023-07-25,381.31,USD
LU0164881194,2023-07-25,253.18,USD
LU0196696453,2023-07-25,17.44,USD
MU0129U00005,2023-07-25,322.98,USD
QQQ,2023-07-25,378.78,USD
SGLN.L,2023-07-25,2972,GBp
SPOG,2023-07-25,1998.5,GBp
0639.HK,2023-07-26,2.28,HKD
0P00000YAN,2023-07-26,146.91,USD
BCHS.L,2023-07-26,5442,GBp
BKCH,2023-07-26,7.252,USD
CNX1.L,2023-07-26,67896.5,GBp
DPYG.L,2023-07-26,4.71175,GBP
EWQX.L,2023-07-26,405.925,GBp
FLOS.L,2023-07-26,477.725,GBp
GB00B1FXTF86,2023-07-26,8.17,GBP
GHYS.L,2023-07-26,85.125,GBP
GRAB,2023-07-26,3.65,USD
IDTG.L,2023-07-26,3.48525,GBP
IE0008368742,2023-07-26,179.74,USD
IE00B0M63516,2023-07-26,27.26,USD
IGLS.L,2023-07-26,123.195,GBP
IGWD.L,2023-07-26,7943,GBp
INXG.L,2023-07-26,13.446,GBP
ISPE.L,2023-07-26,5.269,GBP
IUAG.L,2023-07-26,92.92,USD
IWDG.L,2023-07-26,768.875,GBp
JFM0003373,2023-07-26,146.91,USD
KNSL,2023-07-26,385.22,USD
LU0164881194,2023-07-26,254.30,USD
LU0196696453,2023-07-26,17.47,USD
MU0129U00005,2023-07-26,323.89,USD
QQQ,2023-07-26,377.52,USD
SGLN.L,2023-07-26,2970,GBp
0639.HK,2023-07-27,2.26,HKD
0P00000YAN,2023-07-27,147.76,USD
BCHS.L,2023-07-27,5578,GBp
BKCH,2023-07-27,7.3775,USD
CNX1.L,2023-07-27,69492,GBp
DPYG.L,2023-07-27,4.663,GBP
EWQX.L,2023-07-27,414.175,GBp
FLOS.L,2023-07-27,477.825,GBp
GB00B1FXTF86,2023-07-27,8.11,GBP
GHYS.L,2023-07-27,85.495,GBP
GRAB,2023-07-27,3.61,USD
IDTG.L,2023-07-27,3.44425,GBP
IE0008368742,2023-07-27,181.46,USD
IE00B0M63516,2023-07-27,27.31,USD
IGLS.L,2023-07-27,123.29,GBP
IGWD.L,2023-07-27,8017,GBp
INXG.L,2023-07-27,13.394,GBP
ISPE.L,2023-07-27,5.279,GBP
IUAG.L,2023-07-27,92.7,USD
IWDG.L,2023-07-27,775.25,GBp
JFM0003373,2023-07-27,147.76,USD
KNSL,2023-07-27,378.57,USD
LU0164881194,2023-07-27,254.06,USD
LU0196696453,2023-07-27,17.43,USD
MU0129U00005,2023-07-27,321.53,USD
QQQ,2023-07-27,376.62,USD
SGLN.L,2023-07-27,2944,GBp
0639.HK,2023-07-28,2.26,HKD
0P00000YAN,2023-07-28,148.07,USD
BCHS.L,2023-07-28,5609,GBp
BKCH,2023-07-28,7.3315,USD
CNX1.L,2023-07-28,69681,GBp
DPYG.L,2023-07-28,4.6455,GBP
EWQX.L,2023-07-28,414.75,GBp
FLOS.L,2023-07-28,477.9,GBp
GB00B1FXTF86,2023-07-28,8.17,GBP
GHYS.L,2023-07-28,85.505,GBP
GRAB,2023-07-28,3.76,USD
IDTG.L,2023-07-28,3.4295,GBP
IE0008368742,2023-07-28,184.64,USD
IE00B0M63516,2023-07-28,27.00,USD
IGLS.L,2023-07-28,123.37,GBP
IGWD.L,2023-07-28,8017.5,GBp
INXG.L,2023-07-28,13.36,GBP
ISPE.L,2023-07-28,5.265,GBP
IUAG.L,2023-07-28,92.67,USD
IWDG.L,2023-07-28,775,GBp
JFM0003373,2023-07-28,148.07,USD
KNSL,2023-07-28,376.56,USD
LU0164881194,2023-07-28,252.88,USD
LU0196696453,2023-07-28,17.32,USD
MU0129U00005,2023-07-28,320.20,USD
QQQ,2023-07-28,383.48,USD
SGLN.L,2023-07-28,2971.5,GBp
0639.HK,2023-07-31,2.24,HKD
0P00000YAN,2023-07-31,148.8,USD
BCHS.L,2023-07-31,5622.5,GBp
BKCH,2023-07-31,7.4365,USD
CNX1.L,2023-07-31,69637,GBp
DPYG.L,2023-07-31,4.661,GBP
EWQX.L,2023-07-31,415.825,GBp
FLOS.L,2023-07-31,478.225,GBp
GB00B1FXTF86,2023-07-31,8.14,GBP
GHYS.L,2023-07-31,85.63,GBP
GRAB,2023-07-31,3.83,USD
IDTG.L,2023-07-31,3.43725,GBP
IE0008368742,2023-07-31,185.70,USD
IE00B0M63516,2023-07-31,27.36,USD
IGLS.L,2023-07-31,123.34,GBP
IGWD.L,2023-07-31,8021,GBp
INXG.L,2023-07-31,13.344,GBP
ISPE.L,2023-07-31,5.272,GBP
IUAG.L,2023-07-31,92.9,USD
IWDG.L,2023-07-31,776.25,GBp
JFM0003373,2023-07-31,148.8,USD
KNSL,2023-07-31,372.63,USD
LU0164881194,2023-07-31,254.14,USD
LU0196696453,2023-07-31,17.46,USD
MU0129U00005,2023-07-31,321.42,USD
QQQ,2023-07-31,383.68,USD
SGLN.L,2023-07-31,2981.5,GBp
0639.HK,2023-08-01,2.29,HKD
0P00000YAN,2023-08-01,148.3,USD
BCHS.L,2023-08-01,5520,GBp
BKCH,2023-08-01,6.9385,USD
CNX1.L,2023-08-01,70166,GBp
DPYG.L,2023-08-01,4.62725,GBP
EWQX.L,2023-08-01,417.725,GBp
FLOS.L,2023-08-01,478.2,GBp
GB00B1FXTF86,2023-08-01,8.21,GBP
GHYS.L,2023-08-01,85.24,GBP
GRAB,2023-08-01,3.8,USD
IDTG.L,2023-08-01,3.38475,GBP
IE0008368742,2023-08-01,183.96,USD
IE00B0M63516,2023-08-01,26.86,USD
IGLS.L,2023-08-01,123.255,GBP
IGWD.L,2023-08-01,7989,GBp
INXG.L,2023-08-01,13.304,GBP
ISPE.L,2023-08-01,5.244,GBP
IUAG.L,2023-08-01,92.32,USD
IWDG.L,2023-08-01,772.5,GBp
JFM0003373,2023-08-01,148.3,USD
KNSL,2023-08-01,373.5,USD
LU0164881194,2023-08-01,253.81,USD
LU0196696453,2023-08-01,17.25,USD
MU0129U00005,2023-08-01,321.45,USD
QQQ,2023-08-01,382.79,USD
SGLN.L,2023-08-01,2969,GBp
0639.HK,2023-08-02,2.31,HKD
0P00000YAN,2023-08-02,146.36,USD
BCHS.L,2023-08-02,5427,GBp
BKCH,2023-08-02,6.9525,USD
CNX1.L,2023-08-02,68992,GBp
DPYG.L,2023-08-02,4.588,GBP
EWQX.L,2023-08-02,411.2,GBp
FLOS.L,2023-08-02,477.75,GBp
GB00B1FXTF86,2023-08-02,8.12,GBP
GHYS.L,2023-08-02,84.85,GBP
GRAB,2023-08-02,3.66,USD
IDTG.L,2023-08-02,3.32575,GBP
IE0008368742,2023-08-02,180.94,USD
IE00B0M63516,2023-08-02,26.62,USD
IGLS.L,2023-08-02,123.34,GBP
IGWD.L,2023-08-02,7885.5,GBp
INXG.L,2023-08-02,13.268,GBP
ISPE.L,2023-08-02,5.208,GBP
IUAG.L,2023-08-02,91.69,USD
IWDG.L,2023-08-02,764,GBp
JFM0003373,2023-08-02,146.36,USD
KNSL,2023-08-02,374.44,USD
LU0164881194,2023-08-02,250.09,USD
LU0196696453,2023-08-02,16.97,USD
MU0129U00005,2023-08-02,317.39,USD
QQQ,2023-08-02,374.39,USD
SGLN.L,2023-08-02,2965,GBp
0639.HK,2023-08-03,2.32,HKD
0P00000YAN,2023-08-03,145.33,USD
BCHS.L,2023-08-03,5396,GBp
BKCH,2023-08-03,6.856,USD
CNX1.L,2023-08-03,68760,GBp
DPYG.L,2023-08-03,4.53875,GBP
EWQX.L,2023-08-03,409.825,GBp
FLOS.L,2023-08-03,478.175,GBp
GB00B1FXTF86,2023-08-03,8.16,GBP
GHYS.L,2023-08-03,84.85,GBP
GRAB,2023-08-03,3.67,USD
IDTG.L,2023-08-03,3.273,GBP
IE0008368742,2023-08-03,181.28,USD
IE00B0M63516,2023-08-03,26.49,USD
IGLS.L,2023-08-03,123.475,GBP
IGWD.L,2023-08-03,7852.5,GBp
INXG.L,2023-08-03,13.091,GBP
ISPE.L,2023-08-03,5.1775,GBP
IUAG.L,2023-08-03,91.37,USD
IWDG.L,2023-08-03,759.875,GBp
JFM0003373,2023-08-03,145.33,USD
KNSL,2023-08-03,376.77,USD
LU0164881194,2023-08-03,248.24,USD
LU0196696453,2023-08-03,16.94,USD
MU0129U00005,2023-08-03,314.87,USD
QQQ,2023-08-03,373.79,USD
SGLN.L,2023-08-03,2966,GBp
0639.HK,2023-08-04,2.34,HKD
0P00000YAN,2023-08-04,144.62,USD
BCHS.L,2023-08-04,5379.5,GBp
BKCH,2023-08-04,6.7655,USD
CNX1.L,2023-08-04,68818.5,GBp
DPYG.L,2023-08-04,4.594,GBP
EWQX.L,2023-08-04,409.425,GBp
FLOS.L,2023-08-04,478.8,GBp
GB00B1FXTF86,2023-08-04,8.19,GBP
GHYS.L,2023-08-04,85.29,GBP
GRAB,2023-08-04,3.58,USD
IDTG.L,2023-08-04,3.313,GBP
IE0008368742,2023-08-04,181.86,USD
IE00B0M63516,2023-08-04,26.52,USD
IGLS.L,2023-08-04,123.61,GBP
IGWD.L,2023-08-04,7895,GBp
INXG.L,2023-08-04,13.24,GBP
ISPE.L,2023-08-04,5.205,GBP
IUAG.L,2023-08-04,91.92,USD
IWDG.L,2023-08-04,763.875,GBp
JFM0003373,2023-08-04,144.62,USD
KNSL,2023-08-04,373.18,USD
LU0164881194,2023-08-04,250.46,USD
LU0196696453,2023-08-04,17.03,USD
MU0129U00005,2023-08-04,316.22,USD
QQQ,2023-08-04,372.04,USD
SGLN.L,2023-08-04,2958,GBp
0639.HK,2023-08-07,2.24,HKD
0P00000YAN,2023-08-07,144.98,USD
BCHS.L,2023-08-07,5227,GBp
BKCH,2023-08-07,6.196,USD
CNX1.L,2023-08-07,68045.5,GBp
DPYG.L,2023-08-07,4.59375,GBP
EWQX.L,2023-08-07,405.775,GBp
FLOS.L,2023-08-07,478.4,GBp
GB00B1FXTF86,2023-08-07,8.22,GBP
GHYS.L,2023-08-07,85.3,GBP
GRAB,2023-08-07,3.59,USD
IDTG.L,2023-08-07,3.3035,GBP
IE00B0M63516,2023-08-07,25.82,USD
IGLS.L,2023-08-07,123.535,GBP
IGWD.L,2023-08-07,7859,GBp
INXG.L,2023-08-07,13.118,GBP
ISPE.L,2023-08-07,5.1885,GBP
IUAG.L,2023-08-07,92.12,USD
IWDG.L,2023-08-07,760.375,GBp
JFM0003373,2023-08-07,144.98,USD
KNSL,2023-08-07,377.2,USD
LU0164881194,2023-08-07,251.88,USD
LU0196696453,2023-08-07,16.52,USD
MU0129U00005,2023-08-07,317.84,USD
QQQ,2023-08-07,375.19,USD
SGLN.L,2023-08-07,2946,GBp
0639.HK,2023-08-08,2.26,HKD
0P00000YAN,2023-08-08,143.91,USD
BCHS.L,2023-08-08,5250,GBp
BKCH,2023-08-08,6.4685,USD
CNX1.L,2023-08-08,67859,GBp
DPYG.L,2023-08-08,4.5505,GBP
EWQX.L,2023-08-08,403.075,GBp
FLOS.L,2023-08-08,478.275,GBp
GB00B1FXTF86,2023-08-08,8.17,GBP
GHYS.L,2023-08-08,85.22,GBP
GRAB,2023-08-08,3.64,USD
IDTG.L,2023-08-08,3.3405,GBP
IE0008368742,2023-08-08,176.96,USD
IE00B0M63516,2023-08-08,25.69,USD
IGLS.L,2023-08-08,123.53,GBP
IGWD.L,2023-08-08,7815,GBp
INXG.L,2023-08-08,13.236,GBP
ISPE.L,2023-08-08,5.136,GBP
IUAG.L,2023-08-08,92.3,USD
IWDG.L,2023-08-08,755.5,GBp
JFM0003373,2023-08-08,143.91,USD
KNSL,2023-08-08,366.13,USD
LU0164881194,2023-08-08,251.20,USD
LU0196696453,2023-08-08,16.40,USD
MU0129U00005,2023-08-08,316.58,USD
QQQ,2023-08-08,372,USD
SGLN.L,2023-08-08,2946,GBp
0639.HK,2023-08-09,2.24,HKD
0P00000YAN,2023-08-09,144.75,USD
BCHS.L,2023-08-09,5234,GBp
BKCH,2023-08-09,6.4505,USD
CNX1.L,2023-08-09,67543,GBp
DPYG.L,2023-08-09,4.565,GBP
EWQX.L,2023-08-09,404.225,GBp
FLOS.L,2023-08-09,478.6,GBp
GB00B1FXTF86,2023-08-09,8.16,GBP
GHYS.L,2023-08-09,85.325,GBP
GRAB,2023-08-09,3.57,USD
IDTG.L,2023-08-09,3.35075,GBP
IE0008368742,2023-08-09,177.21,USD
IE00B0M63516,2023-08-09,25.54,USD
IGLS.L,2023-08-09,123.635,GBP
IGWD.L,2023-08-09,7818.5,GBp
INXG.L,2023-08-09,13.222,GBP
ISPE.L,2023-08-09,5.1665,GBP
IUAG.L,2023-08-09,92.37,USD
IWDG.L,2023-08-09,757.75,GBp
JFM0003373,2023-08-09,144.75,USD
KNSL,2023-08-09,368.84,USD
LU0164881194,2023-08-09,252.00,USD
LU0196696453,2023-08-09,16.43,USD
MU0129U00005,2023-08-09,317.00,USD
QQQ,2023-08-09,367.91,USD
SGLN.L,2023-08-09,2934,GBp
0639.HK,2023-08-10,2.15,HKD
0P00000YAN,2023-08-10,144.82,USD
BCHS.L,2023-08-10,5291.5,GBp
BKCH,2023-08-10,6.4445,USD
CNX1.L,2023-08-10,68037,GBp
DPYG.L,2023-08-10,4.602,GBP
EWQX.L,2023-08-10,407.325,GBp
FLOS.L,2023-08-10,478.7,GBp
GB00B1FXTF86,2023-08-10,8.13,GBP
GHYS.L,2023-08-10,85.57,GBP
GRAB,2023-08-10,3.57,USD
IDTG.L,2023-08-10,3.33525,GBP
IE0008368742,2023-08-10,175.75,USD
IE00B0M63516,2023-08-10,26.07,USD
IGLS.L,2023-08-10,123.69,GBP
IGWD.L,2023-08-10,7883,GBp
INXG.L,2023-08-10,13.164,GBP
ISPE.L,2023-08-10,5.186,GBP
IUAG.L,2023-08-10,92.4,USD
IWDG.L,2023-08-10,762.625,GBp
JFM0003373,2023-08-10,144.82,USD
KNSL,2023-08-10,369.71,USD
LU0164881194,2023-08-10,251.58,USD
LU0196696453,2023-08-10,16.77,USD
MU0129U00005,2023-08-10,316.43,USD
QQQ,2023-08-10,368.59,USD
SGLN.L,2023-08-10,2932,GBp
0639.HK,2023-08-11,2.17,HKD
0P00000YAN,2023-08-11,144.22,USD
BCHS.L,2023-08-11,5230.5,GBp
BKCH,2023-08-11,6.2935,USD
CNX1.L,2023-08-11,67120,GBp
DPYG.L,2023-08-11,4.55325,GBP
EWQX.L,2023-08-11,401.775,GBp
FLOS.L,2023-08-11,479,GBp
GB00B1FXTF86,2023-08-11,8.11,GBP
GHYS.L,2023-08-11,85.315,GBP
GRAB,2023-08-11,3.5,USD
IDTG.L,2023-08-11,3.29075,GBP
IE0008368742,2023-08-11,173.05,USD
IE00B0M63516,2023-08-11,25.76,USD
IGLS.L,2023-08-11,123.38,GBP
IGWD.L,2023-08-11,7806,GBp
INXG.L,2023-08-11,12.9,GBP
ISPE.L,2023-08-11,5.1425,GBP
IUAG.L,2023-08-11,91.66,USD
IWDG.L,2023-08-11,755.25,GBp
JFM0003373,2023-08-11,144.22,USD
KNSL,2023-08-11,369.04,USD
LU0164881194,2023-08-11,249.57,USD
LU0196696453,2023-08-11,16.59,USD
MU0129U00005,2023-08-11,313.67,USD
QQQ,2023-08-11,366.24,USD
SGLN.L,2023-08-11,2937,GBp
0639.HK,2023-08-14,2.14,HKD
0P00000YAN,2023-08-14,143.2,USD
BCHS.L,2023-08-14,5195,GBp
BKCH,2023-08-14,6.1795,USD
CNX1.L,2023-08-14,67925.5,GBp
DPYG.L,2023-08-14,4.5205,GBP
EWQX.L,2023-08-14,405.025,GBp
FLOS.L,2023-08-14,479.025,GBp
GB00B1FXTF86,2023-08-14,8.08,GBP
GHYS.L,2023-08-14,85.325,GBP
GRAB,2023-08-14,3.49,USD
IDTG.L,2023-08-14,3.29325,GBP
IE0008368742,2023-08-14,171.09,USD
IE00B0M63516,2023-08-14,25.07,USD
IGLS.L,2023-08-14,123.28,GBP
IGWD.L,2023-08-14,7824,GBp
INXG.L,2023-08-14,12.864,GBP
ISPE.L,2023-08-14,5.1395,GBP
IUAG.L,2023-08-14,91.52,USD
IWDG.L,2023-08-14,757.5,GBp
JFM0003373,2023-08-14,143.2,USD
KNSL,2023-08-14,377.98,USD
LU0164881194,2023-08-14,248.33,USD
LU0196696453,2023-08-14,16.11,USD
MU0129U00005,2023-08-14,313.84,USD
QQQ,2023-08-14,370.35,USD
SGLN.L,2023-08-14,2930,GBp
0639.HK,2023-08-15,2.19,HKD
0P00000YAN,2023-08-15,140.8,USD
BCHS.L,2023-08-15,5127,GBp
BKCH,2023-08-15,6.129,USD
CNX1.L,2023-08-15,67478.5,GBp
DPYG.L,2023-08-15,4.483,GBP
EWQX.L,2023-08-15,401.325,GBp
FLOS.L,2023-08-15,478.9,GBp
GHYS.L,2023-08-15,85.13,GBP
GRAB,2023-08-15,3.4,USD
IDTG.L,2023-08-15,3.27375,GBP
IE0008368742,2023-08-15,169.59,USD
IE00B0M63516,2023-08-15,25.01,USD
IGLS.L,2023-08-15,123.225,GBP
IGWD.L,2023-08-15,7778.5,GBp
INXG.L,2023-08-15,12.782,GBP
ISPE.L,2023-08-15,5.0985,GBP
IUAG.L,2023-08-15,91.53,USD
IWDG.L,2023-08-15,752.875,GBp
JFM0003373,2023-08-15,140.8,USD
KNSL,2023-08-15,382.93,USD
QQQ,2023-08-15,366.42,USD
SGLN.L,2023-08-15,2917,GBp
0639.HK,2023-08-16,2.15,HKD
0P00000YAN,2023-08-16,140.83,USD
BCHS.L,2023-08-16,5029,GBp
BKCH,2023-08-16,5.723,USD
CNX1.L,2023-08-16,67081,GBp
DPYG.L,2023-08-16,4.47475,GBP
EWQX.L,2023-08-16,399.275,GBp
FLOS.L,2023-08-16,479,GBp
GB00B1FXTF86,2023-08-16,8.07,GBP
GHYS.L,2023-08-16,85.125,GBP
GRAB,2023-08-16,3.3,USD
IDTG.L,2023-08-16,3.26125,GBP
IE0008368742,2023-08-16,167.83,USD
IE00B0M63516,2023-08-16,25.09,USD
IGLS.L,2023-08-16,123.16,GBP
IGWD.L,2023-08-16,7756,GBp
INXG.L,2023-08-16,12.705,GBP
ISPE.L,2023-08-16,5.0845,GBP
IUAG.L,2023-08-16,91.28,USD
IWDG.L,2023-08-16,750.625,GBp
JFM0003373,2023-08-16,140.83,USD
KNSL,2023-08-16,382.01,USD
LU0164881194,2023-08-16,249.68,USD
LU0196696453,2023-08-16,16.04,USD
MU0129U00005,2023-08-16,314.44,USD
QQQ,2023-08-16,362.54,USD
SGLN.L,2023-08-16,2906,GBp
0639.HK,2023-08-17,2.22,HKD
0P00000YAN,2023-08-17,140.15,USD
BCHS.L,2023-08-17,4941.5,GBp
BKCH,2023-08-17,5.4805,USD
CNX1.L,2023-08-17,66104,GBp
DPYG.L,2023-08-17,4.42025,GBP
EWQX.L,2023-08-17,393.575,GBp
FLOS.L,2023-08-17,479.25,GBp
GB00B1FXTF86,2023-08-17,8.02,GBP
GHYS.L,2023-08-17,84.72,GBP
GRAB,2023-08-17,3.26,USD
IDTG.L,2023-08-17,3.214,GBP
IE0008368742,2023-08-17,168.28,USD
IE00B0M63516,2023-08-17,24.65,USD
IGLS.L,2023-08-17,122.905,GBP
IGWD.L,2023-08-17,7683,GBp
INXG.L,2023-08-17,12.518,GBP
ISPE.L,2023-08-17,5.043,GBP
IUAG.L,2023-08-17,90.84,USD
IWDG.L,2023-08-17,743.5,GBp
JFM0003373,2023-08-17,140.15,USD
KNSL,2023-08-17,370.57,USD
LU0164881194,2023-08-17,248.29,USD
LU0196696453,2023-08-17,15.71,USD
MU0129U00005,2023-08-17,312.59,USD
QQQ,2023-08-17,358.58,USD
SGLN.L,2023-08-17,2890,GBp
0639.HK,2023-08-18,2.22,HKD
0P00000YAN,2023-08-18,139.46,USD
BCHS.L,2023-08-18,4801.5,GBp
BKCH,2023-08-18,5.1445,USD
CNX1.L,2023-08-18,65304.5,GBp
DPYG.L,2023-08-18,4.37425,GBP
EWQX.L,2023-08-18,390.275,GBp
FLOS.L,2023-08-18,479.35,GBp
GB00B1FXTF86,2023-08-18,8.01,GBP
GHYS.L,2023-08-18,84.72,GBP
GRAB,2023-08-18,3.24,USD
IDTG.L,2023-08-18,3.23825,GBP
IE0008368742,2023-08-18,165.19,USD
IE00B0M63516,2023-08-18,24.78,USD
IGLS.L,2023-08-18,123.14,GBP
IGWD.L,2023-08-18,7625.5,GBp
INXG.L,2023-08-18,12.628,GBP
ISPE.L,2023-08-18,5.012,GBP
IUAG.L,2023-08-18,91.17,USD
IWDG.L,2023-08-18,738,GBp
JFM0003373,2023-08-18,139.46,USD
KNSL,2023-08-18,368.04,USD
LU0164881194,2023-08-18,247.14,USD
LU0196696453,2023-08-18,15.75,USD
MU0129U00005,2023-08-18,311.41,USD
QQQ,2023-08-18,358.13,USD
SGLN.L,2023-08-18,2893,GBp
0639.HK,2023-08-21,2.14,HKD
0P00000YAN,2023-08-21,139.25,USD
BCHS.L,2023-08-21,4760,GBp
BKCH,2023-08-21,5.0365,USD
CNX1.L,2023-08-21,65952,GBp
DPYG.L,2023-08-21,4.321,GBP
EWQX.L,2023-08-21,392.675,GBp
FLOS.L,2023-08-21,479.525,GBp
GB00B1FXTF86,2023-08-21,8.02,GBP
GHYS.L,2023-08-21,84.55,GBP
GRAB,2023-08-21,3.27,USD
IDTG.L,2023-08-21,3.177,GBP
IE0008368742,2023-08-21,162.36,USD
IE00B0M63516,2023-08-21,24.46,USD
IGLS.L,2023-08-21,123,GBP
IGWD.L,2023-08-21,7636.5,GBp
INXG.L,2023-08-21,12.53,GBP
ISPE.L,2023-08-21,4.9865,GBP
IUAG.L,2023-08-21,90.48,USD
IWDG.L,2023-08-21,739,GBp
JFM0003373,2023-08-21,139.25,USD
KNSL,2023-08-21,370.8,USD
LU0164881194,2023-08-21,248.34,USD
LU0196696453,2023-08-21,15.57,USD
MU0129U00005,2023-08-21,312.75,USD
QQQ,2023-08-21,363.9,USD
SGLN.L,2023-08-21,2889,GBp
0639.HK,2023-08-22,2.21,HKD
0P00000YAN,2023-08-22,140.06,USD
BCHS.L,2023-08-22,4809.25,GBp
BKCH,2023-08-22,5.0385,USD
CNX1.L,2023-08-22,66890,GBp
DPYG.L,2023-08-22,4.3485,GBP
EWQX.L,2023-08-22,396.3,GBp
FLOS.L,2023-08-22,479.35,GBp
GB00B1FXTF86,2023-08-22,8.05,GBP
GHYS.L,2023-08-22,84.87,GBP
GRAB,2023-08-22,3.34,USD
IDTG.L,2023-08-22,3.2005,GBP
IE0008368742,2023-08-22,162.98,USD
IE00B0M63516,2023-08-22,24.92,USD
IGLS.L,2023-08-22,123.16,GBP
IGWD.L,2023-08-22,7691,GBp
INXG.L,2023-08-22,12.612,GBP
ISPE.L,2023-08-22,5.00125,GBP
IUAG.L,2023-08-22,90.71,USD
IWDG.L,2023-08-22,744,GBp
JFM0003373,2023-08-22,140.06,USD
KNSL,2023-08-22,371.58,USD
LU0164881194,2023-08-22,249.43,USD
LU0196696453,2023-08-22,15.88,USD
MU0129U00005,2023-08-22,313.87,USD
QQQ,2023-08-22,363.38,USD
SGLN.L,2023-08-22,2900,GBp
0639.HK,2023-08-23,2.2,HKD
0P00000YAN,2023-08-23,140.56,USD
BCHS.L,2023-08-23,4868,GBp
BKCH,2023-08-23,5.2035,USD
CNX1.L,2023-08-23,67798.5,GBp
DPYG.L,2023-08-23,4.40225,GBP
EWQX.L,2023-08-23,400.775,GBp
FLOS.L,2023-08-23,479.475,GBp
GB00B1FXTF86,2023-08-23,8.15,GBP
GHYS.L,2023-08-23,85.31,GBP
GRAB,2023-08-23,3.7,USD
IDTG.L,2023-08-23,3.25725,GBP
IE0008368742,2023-08-23,162.36,USD
IE00B0M63516,2023-08-23,25.62,USD
IGLS.L,2023-08-23,123.64,GBP
IGWD.L,2023-08-23,7738,GBp
INXG.L,2023-08-23,12.898,GBP
ISPE.L,2023-08-23,5.022,GBP
IUAG.L,2023-08-23,91.33,USD
IWDG.L,2023-08-23,748.875,GBp
JFM0003373,2023-08-23,140.56,USD
KNSL,2023-08-23,379.44,USD
LU0164881194,2023-08-23,250.82,USD
LU0196696453,2023-08-23,16.24,USD
MU0129U00005,2023-08-23,315.45,USD
QQQ,2023-08-23,369.11,USD
SGLN.L,2023-08-23,2937,GBp
0639.HK,2023-08-24,2.2,HKD
0P00000YAN,2023-08-24,140.91,USD
BCHS.L,2023-08-24,4830.75,GBp
BKCH,2023-08-24,4.982,USD
CNX1.L,2023-08-24,67443,GBp
DPYG.L,2023-08-24,4.441,GBP
EWQX.L,2023-08-24,398.425,GBp
FLOS.L,2023-08-24,479.75,GBp
GB00B1FXTF86,2023-08-24,8.14,GBP
GHYS.L,2023-08-24,85.09,GBP
GRAB,2023-08-24,3.66,USD
IDTG.L,2023-08-24,3.27825,GBP
IE0008368742,2023-08-24,164.73,USD
IE00B0M63516,2023-08-24,25.52,USD
IGLS.L,2023-08-24,123.785,GBP
IGWD.L,2023-08-24,7706,GBp
INXG.L,2023-08-24,13.03,GBP
ISPE.L,2023-08-24,5.022,GBP
IUAG.L,2023-08-24,91.39,USD
IWDG.L,2023-08-24,745,GBp
JFM0003373,2023-08-24,140.91,USD
KNSL,2023-08-24,375.93,USD
LU0164881194,2023-08-24,250.55,USD
LU0196696453,2023-08-24,16.28,USD
MU0129U00005,2023-08-24,316.11,USD
QQQ,2023-08-24,361.22,USD
SGLN.L,2023-08-24,2960,GBp
0639.HK,2023-08-25,2.19,HKD
0P00000YAN,2023-08-25,140.91,USD
BCHS.L,2023-08-25,4819.5,GBp
BKCH,2023-08-25,4.92075,USD
CNX1.L,2023-08-25,67062,GBp
DPYG.L,2023-08-25,4.42425,GBP
EWQX.L,2023-08-25,396.8,GBp
FLOS.L,2023-08-25,480.2,GBp
GB00B1FXTF86,2023-08-25,8.12,GBP
GHYS.L,2023-08-25,85.065,GBP
GRAB,2023-08-25,3.7,USD
IDTG.L,2023-08-25,3.282,GBP
IE0008368742,2023-08-25,162.62,USD
IE00B0M63516,2023-08-25,25.30,USD
IGLS.L,2023-08-25,123.73,GBP
IGWD.L,2023-08-25,7677,GBp
INXG.L,2023-08-25,13.086,GBP
ISPE.L,2023-08-25,5.00125,GBP
IUAG.L,2023-08-25,91.34,USD
IWDG.L,2023-08-25,742.875,GBp
JFM0003373,2023-08-25,140.91,USD
KNSL,2023-08-25,383.13,USD
LU0164881194,2023-08-25,248.18,USD
LU0196696453,2023-08-25,15.96,USD
MU0129U00005,2023-08-25,313.84,USD
QQQ,2023-08-25,364.02,USD
SGLN.L,2023-08-25,2954,GBp
0639.HK,2023-08-28,2.2,HKD
0P00000YAN,2023-08-28,140.92,USD
GRAB,2023-08-28,3.69,USD
IE0008368742,2023-08-28,163.18,USD
IE00B0M63516,2023-08-28,25.25,USD
JFM0003373,2023-08-28,140.92,USD
KNSL,2023-08-28,385.22,USD
LU0164881194,2023-08-28,249.92,USD
MU0129U00005,2023-08-28,314.14,USD
QQQ,2023-08-28,366.76,USD
0639.HK,2023-08-29,2.25,HKD
0P00000YAN,2023-08-29,141.83,USD
BCHS.L,2023-08-29,5066.5,GBp
BKCH,2023-08-29,5.4955,USD
CNX1.L,2023-08-29,69025.5,GBp
DPYG.L,2023-08-29,4.47225,GBP
EWQX.L,2023-08-29,407.175,GBp
FLOS.L,2023-08-29,480.275,GBp
GB00B1FXTF86,2023-08-29,8.17,GBP
GHYS.L,2023-08-29,85.83,GBP
GRAB,2023-08-29,3.77,USD
IDTG.L,2023-08-29,3.30575,GBP
IE0008368742,2023-08-29,166.22,USD
IE00B0M63516,2023-08-29,25.83,USD
IGLS.L,2023-08-29,123.86,GBP
IGWD.L,2023-08-29,7834,GBp
INXG.L,2023-08-29,13.092,GBP
ISPE.L,2023-08-29,5.079,GBP
IUAG.L,2023-08-29,91.95,USD
IWDG.L,2023-08-29,759.5,GBp
JFM0003373,2023-08-29,141.83,USD
KNSL,2023-08-29,392.81,USD
LU0164881194,2023-08-29,250.46,USD
LU0196696453,2023-08-29,16.39,USD
MU0129U00005,2023-08-29,314.71,USD
QQQ,2023-08-29,374.77,USD
SGLN.L,2023-08-29,2988,GBp
0639.HK,2023-08-30,2.23,HKD
0P00000YAN,2023-08-30,142.37,USD
BCHS.L,2023-08-30,4988.25,GBp
BKCH,2023-08-30,5.626,USD
CNX1.L,2023-08-30,68948.5,GBp
DPYG.L,2023-08-30,4.49175,GBP
EWQX.L,2023-08-30,406.675,GBp
FLOS.L,2023-08-30,480.25,GBp
GB00B1FXTF86,2023-08-30,8.15,GBP
GHYS.L,2023-08-30,85.915,GBP
GRAB,2023-08-30,3.74,USD
IDTG.L,2023-08-30,3.31575,GBP
IE0008368742,2023-08-30,166.19,USD
IE00B0M63516,2023-08-30,25.76,USD
IGLS.L,2023-08-30,123.89,GBP
IGWD.L,2023-08-30,7877,GBp
INXG.L,2023-08-30,13.094,GBP
ISPE.L,2023-08-30,5.118,GBP
IUAG.L,2023-08-30,92.23,USD
IWDG.L,2023-08-30,762.75,GBp
JFM0003373,2023-08-30,142.37,USD
KNSL,2023-08-30,398.48,USD
LU0164881194,2023-08-30,250.90,USD
LU0196696453,2023-08-30,16.36,USD
MU0129U00005,2023-08-30,315.83,USD
QQQ,2023-08-30,376.86,USD
SGLN.L,2023-08-30,2974,GBp
0639.HK,2023-08-31,2.26,HKD
0P00000YAN,2023-08-31,142.19,USD
BCHS.L,2023-08-31,5012.5,GBp
BKCH,2023-08-31,5.629,USD
CNX1.L,2023-08-31,69738.5,GBp
DPYG.L,2023-08-31,4.51225,GBP
EWQX.L,2023-08-31,410.525,GBp
FLOS.L,2023-08-31,480.5,GBp
GB00B1FXTF86,2023-08-31,8.17,GBP
GHYS.L,2023-08-31,85.815,GBP
GRAB,2023-08-31,3.77,USD
IDTG.L,2023-08-31,3.33525,GBP
IE0008368742,2023-08-31,165.72,USD
IE00B0M63516,2023-08-31,25.15,USD
IGLS.L,2023-08-31,124.09,GBP
IGWD.L,2023-08-31,7902,GBp
INXG.L,2023-08-31,13.156,GBP
ISPE.L,2023-08-31,5.1255,GBP
IUAG.L,2023-08-31,92.18,USD
IWDG.L,2023-08-31,765.125,GBp
JFM0003373,2023-08-31,142.19,USD
KNSL,2023-08-31,398.63,USD
LU0164881194,2023-08-31,249.78,USD
LU0196696453,2023-08-31,15.89,USD
MU0129U00005,2023-08-31,314.70,USD
QQQ,2023-08-31,377.99,USD
SGLN.L,2023-08-31,2984,GBp
BCHS.L,2023-09-01,4999.75,GBp
BKCH,2023-09-01,5.2115,USD
CNX1.L,2023-09-01,69902.5,GBp
DPYG.L,2023-09-01,4.50575,GBP
EWQX.L,2023-09-01,412.925,GBp
FLOS.L,2023-09-01,480.575,GBp
GB00B1FXTF86,2023-09-01,8.25,GBP
GHYS.L,2023-09-01,85.65,GBP
GRAB,2023-09-01,3.83,USD
IDTG.L,2023-09-01,3.27925,GBP
IE0008368742,2023-09-01,166.20,USD
IE00B0M63516,2023-09-01,25.24,USD
IGLS.L,2023-09-01,124.115,GBP
IGWD.L,2023-09-01,7897.5,GBp
INXG.L,2023-09-01,13.084,GBP
ISPE.L,2023-09-01,5.1225,GBP
IUAG.L,2023-09-01,91.79,USD
IWDG.L,2023-09-01,764.75,GBp
KNSL,2023-09-01,402.93,USD
LU0164881194,2023-09-01,251.75,USD
LU0196696453,2023-09-01,16.07,USD
QQQ,2023-09-01,377.59,USD
SGLN.L,2023-09-01,2992,GBp
0639.HK,2023-09-04,2.36,HKD
BCHS.L,2023-09-04,5013.5,GBp
BKCH,2023-09-04,5.1815,USD
CNX1.L,2023-09-04,69899,GBp
DPYG.L,2023-09-04,4.49375,GBP
EWQX.L,2023-09-04,412.15,GBp
FLOS.L,2023-09-04,480.75,GBp
GB00B1FXTF86,2023-09-04,8.34,GBP
GHYS.L,2023-09-04,85.78,GBP
IDTG.L,2023-09-04,3.27175,GBP
IE0008368742,2023-09-04,170.09,USD
IE00B0M63516,2023-09-04,25.47,USD
IGLS.L,2023-09-04,123.985,GBP
IGWD.L,2023-09-04,7895,GBp
INXG.L,2023-09-04,12.957,GBP
ISPE.L,2023-09-04,5.107,GBP
IUAG.L,2023-09-04,91.57,USD
IWDG.L,2023-09-04,764.625,GBp
LU0164881194,2023-09-04,253.07,USD
LU0196696453,2023-09-04,16.16,USD
MU0129U00005,2023-09-04,318.14,USD
SGLN.L,2023-09-04,2992,GBp
0639.HK,2023-09-05,2.5,HKD
0P00000YAN,2023-09-05,141.09,USD
BCHS.L,2023-09-05,4985.75,GBp
BKCH,2023-09-05,5.0815,USD
CNX1.L,2023-09-05,70238.5,GBp
DPYG.L,2023-09-05,4.48625,GBP
EWQX.L,2023-09-05,413.325,GBp
FLOS.L,2023-09-05,480.9,GBp
GB00B1FXTF86,2023-09-05,8.39,GBP
GHYS.L,2023-09-05,85.785,GBP
GRAB,2023-09-05,3.81,USD
IDTG.L,2023-09-05,3.238,GBP
IE0008368742,2023-09-05,167.60,USD
IE00B0M63516,2023-09-05,25.10,USD
IGLS.L,2023-09-05,123.93,GBP
IGWD.L,2023-09-05,7889,GBp
INXG.L,2023-09-05,12.858,GBP
ISPE.L,2023-09-05,5.087,GBP
IUAG.L,2023-09-05,91.33,USD
IWDG.L,2023-09-05,763.875,GBp
JFM0003373,2023-09-05,141.09,USD
KNSL,2023-09-05,396.96,USD
LU0164881194,2023-09-05,253.10,USD
LU0196696453,2023-09-05,15.88,USD
MU0129U00005,2023-09-05,317.71,USD
QQQ,2023-09-05,378.07,USD
SGLN.L,2023-09-05,2984,GBp
0639.HK,2023-09-06,2.49,HKD
0P00000YAN,2023-09-06,140.82,USD
BCHS.L,2023-09-06,4997.5,GBp
BKCH,2023-09-06,5.0905,USD
CNX1.L,2023-09-06,69967.5,GBp
DPYG.L,2023-09-06,4.45175,GBP
EWQX.L,2023-09-06,413.15,GBp
FLOS.L,2023-09-06,480.725,GBp
GB00B1FXTF86,2023-09-06,8.42,GBP
GHYS.L,2023-09-06,85.335,GBP
GRAB,2023-09-06,3.68,USD
IDTG.L,2023-09-06,3.2355,GBP
IE0008368742,2023-09-06,166.92,USD
IE00B0M63516,2023-09-06,24.81,USD
IGLS.L,2023-09-06,123.88,GBP
IGWD.L,2023-09-06,7824.5,GBp
INXG.L,2023-09-06,12.835,GBP
ISPE.L,2023-09-06,5.035,GBP
IUAG.L,2023-09-06,91.04,USD
IWDG.L,2023-09-06,758,GBp
JFM0003373,2023-09-06,140.82,USD
KNSL,2023-09-06,403.01,USD
LU0164881194,2023-09-06,252.82,USD
LU0196696453,2023-09-06,15.74,USD
MU0129U00005,2023-09-06,317.82,USD
QQQ,2023-09-06,374.74,USD
SGLN.L,2023-09-06,2986,GBp
0639.HK,2023-09-07,2.45,HKD
0P00000YAN,2023-09-07,140.23,USD
BCHS.L,2023-09-07,4983.25,GBp
BKCH,2023-09-07,5.0335,USD
CNX1.L,2023-09-07,69424.5,GBp
DPYG.L,2023-09-07,4.46525,GBP
EWQX.L,2023-09-07,410.75,GBp
FLOS.L,2023-09-07,481,GBp
GB00B1FXTF86,2023-09-07,8.55,GBP
GHYS.L,2023-09-07,85.55,GBP
GRAB,2023-09-07,3.73,USD
IDTG.L,2023-09-07,3.2435,GBP
IE0008368742,2023-09-07,164.70,USD
IE00B0M63516,2023-09-07,24.38,USD
IGLS.L,2023-09-07,124.14,GBP
IGWD.L,2023-09-07,7799,GBp
INXG.L,2023-09-07,12.97,GBP
ISPE.L,2023-09-07,5.023,GBP
IUAG.L,2023-09-07,91.28,USD
IWDG.L,2023-09-07,755.25,GBp
JFM0003373,2023-09-07,140.23,USD
KNSL,2023-09-07,410.16,USD
LU0164881194,2023-09-07,254.28,USD
MU0129U00005,2023-09-07,318.33,USD
QQQ,2023-09-07,372.06,USD
SGLN.L,2023-09-07,2993,GBp
BCHS.L,2023-09-08,4977.5,GBp
BKCH,2023-09-08,4.984,USD
CNX1.L,2023-09-08,69991.5,GBp
DPYG.L,2023-09-08,4.475,GBP
EWQX.L,2023-09-08,412.925,GBp
FLOS.L,2023-09-08,481.325,GBp
GB00B1FXTF86,2023-09-08,8.57,GBP
GHYS.L,2023-09-08,85.825,GBP
GRAB,2023-09-08,3.72,USD
IDTG.L,2023-09-08,3.266,GBP
IE0008368742,2023-09-08,163.38,USD
IE00B0M63516,2023-09-08,24.55,USD
IGLS.L,2023-09-08,124.405,GBP
IGWD.L,2023-09-08,7829.5,GBp
INXG.L,2023-09-08,13.044,GBP
ISPE.L,2023-09-08,5.034,GBP
IUAG.L,2023-09-08,91.52,USD
IWDG.L,2023-09-08,758.125,GBp
KNSL,2023-09-08,410.13,USD
LU0164881194,2023-09-08,256.57,USD
LU0196696453,2023-09-08,15.50,USD
QQQ,2023-09-08,372.58,USD
SGLN.L,2023-09-08,2996,GBp
0639.HK,2023-09-11,2.51,HKD
0P00000YAN,2023-09-11,139.93,USD
BCHS.L,2023-09-11,4962.5,GBp
BKCH,2023-09-11,4.82,USD
CNX1.L,2023-09-11,69883,GBp
DPYG.L,2023-09-11,4.44475,GBP
EWQX.L,2023-09-11,411.375,GBp
FLOS.L,2023-09-11,481.35,GBp
GB00B1FXTF86,2023-09-11,8.66,GBP
GHYS.L,2023-09-11,85.77,GBP
GRAB,2023-09-11,3.74,USD
IDTG.L,2023-09-11,3.239,GBP
IE0008368742,2023-09-11,165.65,USD
IE00B0M63516,2023-09-11,24.91,USD
IGLS.L,2023-09-11,124.245,GBP
IGWD.L,2023-09-11,7846,GBp
INXG.L,2023-09-11,12.904,GBP
ISPE.L,2023-09-11,5.0285,GBP
IUAG.L,2023-09-11,91.3,USD
IWDG.L,2023-09-11,760.25,GBp
JFM0003373,2023-09-11,139.93,USD
KNSL,2023-09-11,414.57,USD
LU0164881194,2023-09-11,258.27,USD
LU0196696453,2023-09-11,15.75,USD
MU0129U00005,2023-09-11,323.21,USD
QQQ,2023-09-11,376.97,USD
SGLN.L,2023-09-11,2987,GBp
0639.HK,2023-09-12,2.42,HKD
0P00000YAN,2023-09-12,139.5,USD
BCHS.L,2023-09-12,5027.5,GBp
BKCH,2023-09-12,4.92425,USD
CNX1.L,2023-09-12,69944,GBp
DPYG.L,2023-09-12,4.44725,GBP
EWQX.L,2023-09-12,412.525,GBp
FLOS.L,2023-09-12,481.275,GBp
GB00B1FXTF86,2023-09-12,8.55,GBP
GHYS.L,2023-09-12,85.69,GBP
GRAB,2023-09-12,3.79,USD
IDTG.L,2023-09-12,3.2385,GBP
IE0008368742,2023-09-12,165.58,USD
IE00B0M63516,2023-09-12,25.28,USD
IGLS.L,2023-09-12,124.48,GBP
IGWD.L,2023-09-12,7840,GBp
INXG.L,2023-09-12,12.95,GBP
ISPE.L,2023-09-12,5.0305,GBP
IUAG.L,2023-09-12,91.305,USD
IWDG.L,2023-09-12,759.125,GBp
JFM0003373,2023-09-12,139.5,USD
KNSL,2023-09-12,415.18,USD
LU0164881194,2023-09-12,257.07,USD
LU0196696453,2023-09-12,15.99,USD
MU0129U00005,2023-09-12,322.31,USD
QQQ,2023-09-12,372.79,USD
SGLN.L,2023-09-12,2984,GBp
0639.HK,2023-09-13,2.51,HKD
0P00000YAN,2023-09-13,139.09,USD
BCHS.L,2023-09-13,5026,GBp
BKCH,2023-09-13,4.905,USD
CNX1.L,2023-09-13,70070.5,GBp
DPYG.L,2023-09-13,4.451,GBP
EWQX.L,2023-09-13,412.425,GBp
FLOS.L,2023-09-13,481.525,GBp
GB00B1FXTF86,2023-09-13,8.57,GBP
GHYS.L,2023-09-13,85.725,GBP
GRAB,2023-09-13,3.53,USD
IDTG.L,2023-09-13,3.248,GBP
IE0008368742,2023-09-13,165.35,USD
IE00B0M63516,2023-09-13,25.65,USD
IGLS.L,2023-09-13,124.69,GBP
IGWD.L,2023-09-13,7845.5,GBp
INXG.L,2023-09-13,13.156,GBP
ISPE.L,2023-09-13,5.019,GBP
IUAG.L,2023-09-13,91.33,USD
IWDG.L,2023-09-13,759.875,GBp
JFM0003373,2023-09-13,139.09,USD
KNSL,2023-09-13,413.51,USD
LU0164881194,2023-09-13,257.48,USD
LU0196696453,2023-09-13,16.36,USD
MU0129U00005,2023-09-13,321.52,USD
QQQ,2023-09-13,374.21,USD
SGLN.L,2023-09-13,2979,GBp
0639.HK,2023-09-14,2.54,HKD
0P00000YAN,2023-09-14,139.71,USD
BCHS.L,2023-09-14,5137,GBp
BKCH,2023-09-14,5.025,USD
CNX1.L,2023-09-14,70897,GBp
DPYG.L,2023-09-14,4.49225,GBP
EWQX.L,2023-09-14,416.775,GBp
FLOS.L,2023-09-14,481.55,GBp
GB00B1FXTF86,2023-09-14,8.65,GBP
GHYS.L,2023-09-14,86.065,GBP
GRAB,2023-09-14,3.51,USD
IDTG.L,2023-09-14,3.23475,GBP
IE0008368742,2023-09-14,165.07,USD
IE00B0M63516,2023-09-14,25.35,USD
IGLS.L,2023-09-14,124.75,GBP
IGWD.L,2023-09-14,7901.5,GBp
INXG.L,2023-09-14,13.265,GBP
ISPE.L,2023-09-14,5.0425,GBP
IUAG.L,2023-09-14,91.49,USD
IWDG.L,2023-09-14,765.25,GBp
JFM0003373,2023-09-14,139.71,USD
KNSL,2023-09-14,410.82,USD
LU0164881194,2023-09-14,258.70,USD
LU0196696453,2023-09-14,16.43,USD
MU0129U00005,2023-09-14,323.07,USD
QQQ,2023-09-14,377.27,USD
SGLN.L,2023-09-14,2993,GBp
0639.HK,2023-09-15,2.55,HKD
0P00000YAN,2023-09-15,139.82,USD
BCHS.L,2023-09-15,5082,GBp
BKCH,2023-09-15,4.829,USD
CNX1.L,2023-09-15,69915.5,GBp
DPYG.L,2023-09-15,4.49025,GBP
EWQX.L,2023-09-15,411.7,GBp
FLOS.L,2023-09-15,481.65,GBp
GB00B1FXTF86,2023-09-15,8.69,GBP
GHYS.L,2023-09-15,85.705,GBP
GRAB,2023-09-15,3.55,USD
IDTG.L,2023-09-15,3.216,GBP
IE0008368742,2023-09-15,165.86,USD
IE00B0M63516,2023-09-15,25.38,USD
IGLS.L,2023-09-15,124.735,GBP
IGWD.L,2023-09-15,7868.5,GBp
INXG.L,2023-09-15,13.138,GBP
ISPE.L,2023-09-15,5.0355,GBP
IUAG.L,2023-09-15,91.23,USD
IWDG.L,2023-09-15,762.125,GBp
JFM0003373,2023-09-15,139.82,USD
KNSL,2023-09-15,409.83,USD
LU0164881194,2023-09-15,258.95,USD
LU0196696453,2023-09-15,16.42,USD
MU0129U00005,2023-09-15,324.37,USD
QQQ,2023-09-15,370.81,USD
SGLN.L,2023-09-15,3025,GBp
0639.HK,2023-09-18,2.56,HKD
0P00000YAN,2023-09-18,139.01,USD
BCHS.L,2023-09-18,5110,GBp
BKCH,2023-09-18,5.023,USD
CNX1.L,2023-09-18,70011,GBp
DPYG.L,2023-09-18,4.46025,GBP
EWQX.L,2023-09-18,411.25,GBp
FLOS.L,2023-09-18,481.975,GBp
GB00B1FXTF86,2023-09-18,8.65,GBP
GHYS.L,2023-09-18,85.51,GBP
GRAB,2023-09-18,3.53,USD
IDTG.L,2023-09-18,3.21075,GBP
IE0008368742,2023-09-18,164.66,USD
IE00B0M63516,2023-09-18,25.53,USD
IGLS.L,2023-09-18,124.63,GBP
IGWD.L,2023-09-18,7836.5,GBp
INXG.L,2023-09-18,13.004,GBP
ISPE.L,2023-09-18,5.0135,GBP
IUAG.L,2023-09-18,91.28,USD
IWDG.L,2023-09-18,760.5,GBp
JFM0003373,2023-09-18,139.01,USD
KNSL,2023-09-18,415.56,USD
LU0164881194,2023-09-18,257.97,USD
LU0196696453,2023-09-18,16.45,USD
MU0129U00005,2023-09-18,323.21,USD
QQQ,2023-09-18,370.66,USD
SGLN.L,2023-09-18,3026,GBp
0639.HK,2023-09-19,2.65,HKD
0P00000YAN,2023-09-19,138.5,USD
BCHS.L,2023-09-19,5079,GBp
BKCH,2023-09-19,4.8995,USD
CNX1.L,2023-09-19,69444,GBp
DPYG.L,2023-09-19,4.44125,GBP
EWQX.L,2023-09-19,407.625,GBp
FLOS.L,2023-09-19,481.925,GBp
GHYS.L,2023-09-19,85.485,GBP
GRAB,2023-09-19,3.49,USD
IDTG.L,2023-09-19,3.21775,GBP
IE0008368742,2023-09-19,164.72,USD
IE00B0M63516,2023-09-19,25.22,USD
IGLS.L,2023-09-19,124.75,GBP
IGWD.L,2023-09-19,7797,GBp
INXG.L,2023-09-19,13.046,GBP
ISPE.L,2023-09-19,4.987,GBP
IUAG.L,2023-09-19,91.22,USD
IWDG.L,2023-09-19,755,GBp
JFM0003373,2023-09-19,138.5,USD
KNSL,2023-09-19,420.76,USD
LU0196696453,2023-09-19,16.22,USD
QQQ,2023-09-19,369.87,USD
SGLN.L,2023-09-19,3038,GBp
0639.HK,2023-09-20,2.66,HKD
0P00000YAN,2023-09-20,138.3,USD
BCHS.L,2023-09-20,5029,GBp
BKCH,2023-09-20,4.7245,USD
CNX1.L,2023-09-20,69575.5,GBp
DPYG.L,2023-09-20,4.48825,GBP
EWQX.L,2023-09-20,410.475,GBp
FLOS.L,2023-09-20,482.075,GBp
GB00B1FXTF86,2023-09-20,8.64,GBP
GHYS.L,2023-09-20,85.82,GBP
GRAB,2023-09-20,3.46,USD
IDTG.L,2023-09-20,3.224,GBP
IE0008368742,2023-09-20,163.43,USD
IE00B0M63516,2023-09-20,25.56,USD
IGLS.L,2023-09-20,125.155,GBP
IGWD.L,2023-09-20,7842.5,GBp
INXG.L,2023-09-20,13.204,GBP
ISPE.L,2023-09-20,5.0295,GBP
IUAG.L,2023-09-20,91.24,USD
IWDG.L,2023-09-20,759.5,GBp
JFM0003373,2023-09-20,138.3,USD
KNSL,2023-09-20,422.06,USD
LU0164881194,2023-09-20,255.61,USD
LU0196696453,2023-09-20,16.40,USD
QQQ,2023-09-20,364.54,USD
SGLN.L,2023-09-20,3053.5,GBp
0639.HK,2023-09-21,2.7,HKD
0P00000YAN,2023-09-21,137.35,USD
BCHS.L,2023-09-21,4905.25,GBp
BKCH,2023-09-21,4.5055,USD
CNX1.L,2023-09-21,68387,GBp
DPYG.L,2023-09-21,4.37475,GBP
EWQX.L,2023-09-21,403.675,GBp
FLOS.L,2023-09-21,482.175,GBp
GB00B1FXTF86,2023-09-21,8.63,GBP
GHYS.L,2023-09-21,85.245,GBP
GRAB,2023-09-21,3.46,USD
IDTG.L,2023-09-21,3.133,GBP
IE0008368742,2023-09-21,161.57,USD
IE00B0M63516,2023-09-21,24.77,USD
IGLS.L,2023-09-21,125.135,GBP
IGWD.L,2023-09-21,7679,GBp
INXG.L,2023-09-21,13.022,GBP
ISPE.L,2023-09-21,4.9245,GBP
IUAG.L,2023-09-21,90.33,USD
IWDG.L,2023-09-21,743.875,GBp
JFM0003373,2023-09-21,137.35,USD
KNSL,2023-09-21,412.05,USD
LU0164881194,2023-09-21,253.10,USD
LU0196696453,2023-09-21,15.79,USD
MU0129U00005,2023-09-21,317.90,USD
QQQ,2023-09-21,357.86,USD
SGLN.L,2023-09-21,3037,GBp
0639.HK,2023-09-22,2.71,HKD
0P00000YAN,2023-09-22,137.71,USD
BCHS.L,2023-09-22,4930.75,GBp
BKCH,2023-09-22,4.49,USD
CNX1.L,2023-09-22,68923.5,GBp
DPYG.L,2023-09-22,4.34525,GBP
EWQX.L,2023-09-22,406.275,GBp
FLOS.L,2023-09-22,482.275,GBp
GB00B1FXTF86,2023-09-22,8.67,GBP
GHYS.L,2023-09-22,85.355,GBP
GRAB,2023-09-22,3.43,USD
IDTG.L,2023-09-22,3.159,GBP
IE0008368742,2023-09-22,164.65,USD
IE00B0M63516,2023-09-22,24.84,USD
IGLS.L,2023-09-22,125.3,GBP
IGWD.L,2023-09-22,7685,GBp
INXG.L,2023-09-22,13.096,GBP
ISPE.L,2023-09-22,4.89775,GBP
IUAG.L,2023-09-22,90.68,USD
IWDG.L,2023-09-22,744.5,GBp
JFM0003373,2023-09-22,137.71,USD
KNSL,2023-09-22,426.14,USD
LU0164881194,2023-09-22,253.25,USD
LU0196696453,2023-09-22,15.79,USD
MU0129U00005,2023-09-22,317.43,USD
QQQ,2023-09-22,357.91,USD
SGLN.L,2023-09-22,3062,GBp
0639.HK,2023-09-25,2.68,HKD
0P00000YAN,2023-09-25,137.37,USD
BCHS.L,2023-09-25,4872.75,GBp
BKCH,2023-09-25,4.36775,USD
CNX1.L,2023-09-25,68680.5,GBp
DPYG.L,2023-09-25,4.28325,GBP
EWQX.L,2023-09-25,404.625,GBp
FLOS.L,2023-09-25,482.475,GBp
GB00B1FXTF86,2023-09-25,8.64,GBP
GHYS.L,2023-09-25,85.11,GBP
GRAB,2023-09-25,3.43,USD
IDTG.L,2023-09-25,3.094,GBP
IE0008368742,2023-09-25,162.75,USD
IE00B0M63516,2023-09-25,24.41,USD
IGLS.L,2023-09-25,125.29,GBP
IGWD.L,2023-09-25,7634,GBp
INXG.L,2023-09-25,12.944,GBP
ISPE.L,2023-09-25,4.8685,GBP
IUAG.L,2023-09-25,90.24,USD
IWDG.L,2023-09-25,739.375,GBp
JFM0003373,2023-09-25,137.37,USD
KNSL,2023-09-25,425.7,USD
LU0164881194,2023-09-25,252.56,USD
LU0196696453,2023-09-25,15.55,USD
MU0129U00005,2023-09-25,316.92,USD
QQQ,2023-09-25,359.61,USD
SGLN.L,2023-09-25,3059,GBp
0639.HK,2023-09-26,2.67,HKD
0P00000YAN,2023-09-26,136.67,USD
BCHS.L,2023-09-26,4843.75,GBp
BKCH,2023-09-26,4.329,USD
CNX1.L,2023-09-26,68171.5,GBp
DPYG.L,2023-09-26,4.24025,GBP
EWQX.L,2023-09-26,403.625,GBp
FLOS.L,2023-09-26,482.575,GBp
GB00B1FXTF86,2023-09-26,8.68,GBP
GHYS.L,2023-09-26,84.9,GBP
GRAB,2023-09-26,3.4,USD
IDTG.L,2023-09-26,3.07325,GBP
IE0008368742,2023-09-26,160.66,USD
IE00B0M63516,2023-09-26,24.15,USD
IGLS.L,2023-09-26,125.33,GBP
IGWD.L,2023-09-26,7560.5,GBp
INXG.L,2023-09-26,12.94,GBP
ISPE.L,2023-09-26,4.8355,GBP
IUAG.L,2023-09-26,89.94,USD
IWDG.L,2023-09-26,732.375,GBp
JFM0003373,2023-09-26,136.67,USD
KNSL,2023-09-26,419.37,USD
LU0164881194,2023-09-26,252.15,USD
LU0196696453,2023-09-26,15.49,USD
MU0129U00005,2023-09-26,316.51,USD
QQQ,2023-09-26,354.21,USD
SGLN.L,2023-09-26,3047,GBp
0639.HK,2023-09-27,2.69,HKD
0P00000YAN,2023-09-27,136.4,USD
BCHS.L,2023-09-27,4848,GBp
BKCH,2023-09-27,4.352,USD
CNX1.L,2023-09-27,68303.5,GBp
DPYG.L,2023-09-27,4.2185,GBP
EWQX.L,2023-09-27,404.975,GBp
FLOS.L,2023-09-27,482.7,GBp
GB00B1FXTF86,2023-09-27,8.74,GBP
GHYS.L,2023-09-27,84.975,GBP
GRAB,2023-09-27,3.38,USD
IDTG.L,2023-09-27,3.06425,GBP
IE0008368742,2023-09-27,161.33,USD
IE00B0M63516,2023-09-27,23.81,USD
IGLS.L,2023-09-27,125.09,GBP
IGWD.L,2023-09-27,7554,GBp
INXG.L,2023-09-27,12.878,GBP
ISPE.L,2023-09-27,4.82,GBP
IUAG.L,2023-09-27,89.94,USD
IWDG.L,2023-09-27,731.75,GBp
JFM0003373,2023-09-27,136.4,USD
KNSL,2023-09-27,419.75,USD
LU0164881194,2023-09-27,253.31,USD
LU0196696453,2023-09-27,15.19,USD
MU0129U00005,2023-09-27,317.58,USD
QQQ,2023-09-27,355.04,USD
SGLN.L,2023-09-27,3015,GBp
0639.HK,2023-09-28,2.58,HKD
0P00000YAN,2023-09-28,136.3,USD
BCHS.L,2023-09-28,4885.25,GBp
BKCH,2023-09-28,4.48925,USD
CNX1.L,2023-09-28,68426.5,GBp
DPYG.L,2023-09-28,4.21925,GBP
EWQX.L,2023-09-28,405.675,GBp
FLOS.L,2023-09-28,483,GBp
GB00B1FXTF86,2023-09-28,8.61,GBP
GHYS.L,2023-09-28,85.005,GBP
GRAB,2023-09-28,3.47,USD
IDTG.L,2023-09-28,3.0335,GBP
IE0008368742,2023-09-28,159.62,USD
IE00B0M63516,2023-09-28,23.93,USD
IGLS.L,2023-09-28,124.785,GBP
IGWD.L,2023-09-28,7592.5,GBp
INXG.L,2023-09-28,12.629,GBP
ISPE.L,2023-09-28,4.847,GBP
IUAG.L,2023-09-28,89.51,USD
IWDG.L,2023-09-28,735.125,GBp
JFM0003373,2023-09-28,136.3,USD
KNSL,2023-09-28,419.12,USD
LU0164881194,2023-09-28,251.38,USD
LU0196696453,2023-09-28,15.21,USD
MU0129U00005,2023-09-28,314.26,USD
QQQ,2023-09-28,358.01,USD
SGLN.L,2023-09-28,2967.5,GBp
0639.HK,2023-09-29,2.66,HKD
0P00000YAN,2023-09-29,137.01,USD
BCHS.L,2023-09-29,4902.75,GBp
BKCH,2023-09-29,4.507,USD
CNX1.L,2023-09-29,69032,GBp
DPYG.L,2023-09-29,4.26275,GBP
EWQX.L,2023-09-29,409.775,GBp
FLOS.L,2023-09-29,483.025,GBp
GB00B1FXTF86,2023-09-29,8.62,GBP
GHYS.L,2023-09-29,85.285,GBP
GRAB,2023-09-29,3.54,USD
IDTG.L,2023-09-29,3.0655,GBP
IE0008368742,2023-09-29,162.46,USD
IE00B0M63516,2023-09-29,24.33,USD
IGLS.L,2023-09-29,125.02,GBP
IGWD.L,2023-09-29,7621,GBp
INXG.L,2023-09-29,12.688,GBP
ISPE.L,2023-09-29,4.86475,GBP
IUAG.L,2023-09-29,90.11,USD
IWDG.L,2023-09-29,737.75,GBp
JFM0003373,2023-09-29,137.01,USD
KNSL,2023-09-29,414.13,USD
LU0164881194,2023-09-29,254.12,USD
LU0196696453,2023-09-29,15.52,USD
MU0129U00005,2023-09-29,315.94,USD
QQQ,2023-09-29,358.27,USD
SGLN.L,2023-09-29,2958.5,GBp
BCHS.L,2023-10-02,4955.25,GBp
BKCH,2023-10-02,4.70975,USD
CNX1.L,2023-10-02,69769.5,GBp
DPYG.L,2023-10-02,4.2065,GBP
EWQX.L,2023-10-02,410.375,GBp
FLOS.L,2023-10-02,483.15,GBp
GHYS.L,2023-10-02,84.825,GBP
GRAB,2023-10-02,3.48,USD
IDTG.L,2023-10-02,3.019,GBP
IE00B0M63516,2023-10-02,23.74,USD
IGLS.L,2023-10-02,124.86,GBP
IGWD.L,2023-10-02,7573,GBp
INXG.L,2023-10-02,12.49,GBP
ISPE.L,2023-10-02,4.7945,GBP
IUAG.L,2023-10-02,89.25,USD
IWDG.L,2023-10-02,733.375,GBp
KNSL,2023-10-02,409.38,USD
LU0196696453,2023-10-02,15.13,USD
QQQ,2023-10-02,361.26,USD
SGLN.L,2023-10-02,2939,GBp
0639.HK,2023-10-03,2.62,HKD
0P00000YAN,2023-10-03,135.13,USD
BCHS.L,2023-10-03,4783.5,GBp
BKCH,2023-10-03,4.24,USD
CNX1.L,2023-10-03,68868,GBp
DPYG.L,2023-10-03,4.10775,GBP
EWQX.L,2023-10-03,404.775,GBp
FLOS.L,2023-10-03,483.175,GBp
GB00B1FXTF86,2023-10-03,8.73,GBP
GHYS.L,2023-10-03,84.3,GBP
GRAB,2023-10-03,3.35,USD
IDTG.L,2023-10-03,2.95575,GBP
IE0008368742,2023-10-03,159.12,USD
IE00B0M63516,2023-10-03,23.24,USD
IGLS.L,2023-10-03,124.84,GBP
IGWD.L,2023-10-03,7454,GBp
INXG.L,2023-10-03,12.43,GBP
ISPE.L,2023-10-03,4.718,GBP
IUAG.L,2023-10-03,88.58,USD
IWDG.L,2023-10-03,721.75,GBp
JFM0003373,2023-10-03,135.13,USD
KNSL,2023-10-03,411.53,USD
LU0164881194,2023-10-03,252.66,USD
LU0196696453,2023-10-03,14.81,USD
MU0129U00005,2023-10-03,313.38,USD
QQQ,2023-10-03,354.92,USD
SGLN.L,2023-10-03,2939,GBp
0639.HK,2023-10-04,2.58,HKD
0P00000YAN,2023-10-04,134.51,USD
BCHS.L,2023-10-04,4779.5,GBp
BKCH,2023-10-04,4.17975,USD
CNX1.L,2023-10-04,68876.5,GBp
DPYG.L,2023-10-04,4.11275,GBP
EWQX.L,2023-10-04,403.375,GBp
FLOS.L,2023-10-04,483,GBp
GB00B1FXTF86,2023-10-04,8.59,GBP
GHYS.L,2023-10-04,84.35,GBP
GRAB,2023-10-04,3.4,USD
IDTG.L,2023-10-04,2.97175,GBP
IE0008368742,2023-10-04,158.06,USD
IE00B0M63516,2023-10-04,23.03,USD
IGLS.L,2023-10-04,124.865,GBP
IGWD.L,2023-10-04,7461.5,GBp
INXG.L,2023-10-04,12.413,GBP
ISPE.L,2023-10-04,4.7095,GBP
IUAG.L,2023-10-04,88.77,USD
IWDG.L,2023-10-04,722.625,GBp
JFM0003373,2023-10-04,134.51,USD
KNSL,2023-10-04,418.69,USD
LU0164881194,2023-10-04,250.16,USD
LU0196696453,2023-10-04,14.64,USD
MU0129U00005,2023-10-04,311.83,USD
QQQ,2023-10-04,359.75,USD
SGLN.L,2023-10-04,2924,GBp
0639.HK,2023-10-05,2.55,HKD
0P00000YAN,2023-10-05,134.64,USD
BCHS.L,2023-10-05,4827.75,GBp
BKCH,2023-10-05,4.1925,USD
CNX1.L,2023-10-05,68437,GBp
DPYG.L,2023-10-05,4.14125,GBP
EWQX.L,2023-10-05,399.925,GBp
FLOS.L,2023-10-05,483.225,GBp
GB00B1FXTF86,2023-10-05,8.58,GBP
GHYS.L,2023-10-05,84.32,GBP
GRAB,2023-10-05,3.48,USD
IDTG.L,2023-10-05,2.9645,GBP
IE0008368742,2023-10-05,158.27,USD
IE00B0M63516,2023-10-05,22.75,USD
IGLS.L,2023-10-05,125.095,GBP
IGWD.L,2023-10-05,7465.5,GBp
INXG.L,2023-10-05,12.468,GBP
ISPE.L,2023-10-05,4.709,GBP
IUAG.L,2023-10-05,89.03,USD
IWDG.L,2023-10-05,723.25,GBp
JFM0003373,2023-10-05,134.64,USD
KNSL,2023-10-05,429.75,USD
LU0164881194,2023-10-05,251.45,USD
LU0196696453,2023-10-05,14.54,USD
MU0129U00005,2023-10-05,313.62,USD
QQQ,2023-10-05,358.69,USD
SGLN.L,2023-10-05,2907,GBp
0639.HK,2023-10-06,2.62,HKD
0P00000YAN,2023-10-06,134.72,USD
BCHS.L,2023-10-06,4873.5,GBp
BKCH,2023-10-06,4.3485,USD
CNX1.L,2023-10-06,68745,GBp
DPYG.L,2023-10-06,4.16,GBP
EWQX.L,2023-10-06,402.375,GBp
FLOS.L,2023-10-06,483.55,GBp
GB00B1FXTF86,2023-10-06,8.52,GBP
GHYS.L,2023-10-06,84.385,GBP
GRAB,2023-10-06,3.5,USD
IDTG.L,2023-10-06,2.9515,GBP
IE0008368742,2023-10-06,159.73,USD
IE00B0M63516,2023-10-06,22.86,USD
IGLS.L,2023-10-06,125.08,GBP
IGWD.L,2023-10-06,7530.5,GBp
INXG.L,2023-10-06,12.359,GBP
ISPE.L,2023-10-06,4.741,GBP
IUAG.L,2023-10-06,88.83,USD
IWDG.L,2023-10-06,729.25,GBp
JFM0003373,2023-10-06,134.72,USD
KNSL,2023-10-06,431.48,USD
LU0164881194,2023-10-06,253.29,USD
LU0196696453,2023-10-06,14.39,USD
MU0129U00005,2023-10-06,315.39,USD
QQQ,2023-10-06,364.7,USD
SGLN.L,2023-10-06,2911,GBp
0639.HK,2023-10-09,2.69,HKD
0P00000YAN,2023-10-09,134.12,USD
BCHS.L,2023-10-09,4908.25,GBp
BKCH,2023-10-09,4.45075,USD
CNX1.L,2023-10-09,69413.5,GBp
DPYG.L,2023-10-09,4.20075,GBP
EWQX.L,2023-10-09,406.075,GBp
FLOS.L,2023-10-09,483.4,GBp
GB00B1FXTF86,2023-10-09,8.46,GBP
GHYS.L,2023-10-09,84.66,GBP
GRAB,2023-10-09,3.44,USD
IDTG.L,2023-10-09,2.96975,GBP
IE0008368742,2023-10-09,160.20,USD
IE00B0M63516,2023-10-09,22.98,USD
IGLS.L,2023-10-09,125.3,GBP
IGWD.L,2023-10-09,7564,GBp
INXG.L,2023-10-09,12.508,GBP
ISPE.L,2023-10-09,4.77,GBP
IUAG.L,2023-10-09,89.55,USD
IWDG.L,2023-10-09,732.375,GBp
JFM0003373,2023-10-09,134.12,USD
KNSL,2023-10-09,438.97,USD
LU0164881194,2023-10-09,251.23,USD
LU0196696453,2023-10-09,14.62,USD
MU0129U00005,2023-10-09,313.42,USD
QQQ,2023-10-09,366.56,USD
SGLN.L,2023-10-09,2952,GBp
0639.HK,2023-10-10,2.62,HKD
0P00000YAN,2023-10-10,135.35,USD
BCHS.L,2023-10-10,4996,GBp
BKCH,2023-10-10,4.61725,USD
CNX1.L,2023-10-10,70604.5,GBp
DPYG.L,2023-10-10,4.25725,GBP
EWQX.L,2023-10-10,413.8,GBp
FLOS.L,2023-10-10,483.425,GBp
GB00B1FXTF86,2023-10-10,8.47,GBP
GHYS.L,2023-10-10,85.045,GBP
GRAB,2023-10-10,3.53,USD
IDTG.L,2023-10-10,2.99425,GBP
IE0008368742,2023-10-10,160.27,USD
IE00B0M63516,2023-10-10,23.96,USD
IGLS.L,2023-10-10,125.45,GBP
IGWD.L,2023-10-10,7703.5,GBp
INXG.L,2023-10-10,12.608,GBP
ISPE.L,2023-10-10,4.86125,GBP
IUAG.L,2023-10-10,89.73,USD
IWDG.L,2023-10-10,746,GBp
JFM0003373,2023-10-10,135.35,USD
KNSL,2023-10-10,435.03,USD
LU0164881194,2023-10-10,253.84,USD
LU0196696453,2023-10-10,15.23,USD
MU0129U00005,2023-10-10,315.85,USD
QQQ,2023-10-10,368.59,USD
SGLN.L,2023-10-10,2949,GBp
0639.HK,2023-10-11,2.6,HKD
0P00000YAN,2023-10-11,136.34,USD
BCHS.L,2023-10-11,4922.75,GBp
BKCH,2023-10-11,4.3695,USD
CNX1.L,2023-10-11,70219,GBp
DPYG.L,2023-10-11,4.26575,GBP
EWQX.L,2023-10-11,410.925,GBp
FLOS.L,2023-10-11,483.5,GBp
GB00B1FXTF86,2023-10-11,8.47,GBP
GHYS.L,2023-10-11,84.97,GBP
GRAB,2023-10-11,3.49,USD
IDTG.L,2023-10-11,3.052,GBP
IE0008368742,2023-10-11,161.61,USD
IE00B0M63516,2023-10-11,23.94,USD
IGLS.L,2023-10-11,125.45,GBP
IGWD.L,2023-10-11,7681.5,GBp
INXG.L,2023-10-11,12.834,GBP
ISPE.L,2023-10-11,4.834,GBP
IUAG.L,2023-10-11,90.03,USD
IWDG.L,2023-10-11,743.625,GBp
JFM0003373,2023-10-11,136.34,USD
KNSL,2023-10-11,442.52,USD
LU0164881194,2023-10-11,255.65,USD
LU0196696453,2023-10-11,15.30,USD
MU0129U00005,2023-10-11,318.28,USD
QQQ,2023-10-11,371.22,USD
SGLN.L,2023-10-11,2962,GBp
0639.HK,2023-10-12,2.58,HKD
0P00000YAN,2023-10-12,136.94,USD
BCHS.L,2023-10-12,4928,GBp
BKCH,2023-10-12,4.281,USD
CNX1.L,2023-10-12,71270,GBp
DPYG.L,2023-10-12,4.25725,GBP
EWQX.L,2023-10-12,414.25,GBp
FLOS.L,2023-10-12,483.825,GBp
GB00B1FXTF86,2023-10-12,8.46,GBP
GHYS.L,2023-10-12,82.38,GBP
GRAB,2023-10-12,3.47,USD
IDTG.L,2023-10-12,3.0085,GBP
IE0008368742,2023-10-12,164.13,USD
IE00B0M63516,2023-10-12,23.63,USD
IGLS.L,2023-10-12,125.26,GBP
IGWD.L,2023-10-12,7709,GBp
INXG.L,2023-10-12,12.653,GBP
ISPE.L,2023-10-12,4.8225,GBP
IUAG.L,2023-10-12,89.41,USD
IWDG.L,2023-10-12,743.75,GBp
JFM0003373,2023-10-12,136.94,USD
KNSL,2023-10-12,437.71,USD
LU0164881194,2023-10-12,254.30,USD
MU0129U00005,2023-10-12,317.51,USD
QQQ,2023-10-12,369.93,USD
SGLN.L,2023-10-12,2985,GBp
0639.HK,2023-10-13,2.57,HKD
0P00000YAN,2023-10-13,136.34,USD
BCHS.L,2023-10-13,4843.25,GBp
BKCH,2023-10-13,4.15525,USD
CNX1.L,2023-10-13,70511.5,GBp
DPYG.L,2023-10-13,4.21175,GBP
EWQX.L,2023-10-13,411,GBp
FLOS.L,2023-10-13,483.975,GBp
GB00B1FXTF86,2023-10-13,8.51,GBP
GHYS.L,2023-10-13,82.13,GBP
GRAB,2023-10-13,3.42,USD
IDTG.L,2023-10-13,3.0195,GBP
IE0008368742,2023-10-13,160.80,USD
IE00B0M63516,2023-10-13,23.87,USD
IGLS.L,2023-10-13,125.4,GBP
IGWD.L,2023-10-13,7631,GBp
INXG.L,2023-10-13,12.726,GBP
ISPE.L,2023-10-13,4.78475,GBP
IUAG.L,2023-10-13,89.57,USD
IWDG.L,2023-10-13,736.125,GBp
JFM0003373,2023-10-13,136.34,USD
KNSL,2023-10-13,439.11,USD
LU0164881194,2023-10-13,254.45,USD
LU0196696453,2023-10-13,15.27,USD
MU0129U00005,2023-10-13,316.19,USD
QQQ,2023-10-13,365.28,USD
SGLN.L,2023-10-13,3083,GBp
0639.HK,2023-10-16,2.58,HKD
0P00000YAN,2023-10-16,135.18,USD
BCHS.L,2023-10-16,4904.5,GBp
BKCH,2023-10-16,4.309,USD
CNX1.L,2023-10-16,70846,GBp
DPYG.L,2023-10-16,4.23875,GBP
EWQX.L,2023-10-16,413.875,GBp
FLOS.L,2023-10-16,483.825,GBp
GB00B1FXTF86,2023-10-16,8.51,GBP
GHYS.L,2023-10-16,82.24,GBP
GRAB,2023-10-16,3.42,USD
IDTG.L,2023-10-16,2.98,GBP
IE0008368742,2023-10-16,158.78,USD
IE00B0M63516,2023-10-16,24.02,USD
IGLS.L,2023-10-16,125.21,GBP
IGWD.L,2023-10-16,7692.5,GBp
INXG.L,2023-10-16,12.562,GBP
ISPE.L,2023-10-16,4.84425,GBP
IUAG.L,2023-10-16,89.19,USD
IWDG.L,2023-10-16,742.25,GBp
JFM0003373,2023-10-16,135.18,USD
KNSL,2023-10-16,445.24,USD
LU0164881194,2023-10-16,254.61,USD
LU0196696453,2023-10-16,15.29,USD
MU0129U00005,2023-10-16,316.33,USD
QQQ,2023-10-16,369.41,USD
SGLN.L,2023-10-16,3068,GBp
0639.HK,2023-10-17,2.57,HKD
0P00000YAN,2023-10-17,135.11,USD
BCHS.L,2023-10-17,4967,GBp
BKCH,2023-10-17,4.54375,USD
CNX1.L,2023-10-17,70573.5,GBp
DPYG.L,2023-10-17,4.2715,GBP
EWQX.L,2023-10-17,414.325,GBp
FLOS.L,2023-10-17,483.825,GBp
GB00B1FXTF86,2023-10-17,8.54,GBP
GHYS.L,2023-10-17,81.925,GBP
GRAB,2023-10-17,3.43,USD
IDTG.L,2023-10-17,2.945,GBP
IE0008368742,2023-10-17,159.18,USD
IE00B0M63516,2023-10-17,24.20,USD
IGLS.L,2023-10-17,125.195,GBP
IGWD.L,2023-10-17,7690,GBp
INXG.L,2023-10-17,12.535,GBP
ISPE.L,2023-10-17,4.86775,GBP
IUAG.L,2023-10-17,88.69,USD
IWDG.L,2023-10-17,742,GBp
JFM0003373,2023-10-17,135.11,USD
KNSL,2023-10-17,451.84,USD
LU0164881194,2023-10-17,254.99,USD
LU0196696453,2023-10-17,15.36,USD
MU0129U00005,2023-10-17,317.94,USD
QQQ,2023-10-17,368.2,USD
SGLN.L,2023-10-17,3073,GBp
0639.HK,2023-10-18,2.55,HKD
0P00000YAN,2023-10-18,134.25,USD
BCHS.L,2023-10-18,4877.5,GBp
BKCH,2023-10-18,4.29675,USD
CNX1.L,2023-10-18,70331.5,GBp
DPYG.L,2023-10-18,4.19325,GBP
EWQX.L,2023-10-18,411.3,GBp
FLOS.L,2023-10-18,484.1,GBp
GB00B1FXTF86,2023-10-18,8.45,GBP
GHYS.L,2023-10-18,81.595,GBP
GRAB,2023-10-18,3.33,USD
IDTG.L,2023-10-18,2.90725,GBP
IE0008368742,2023-10-18,158.48,USD
IE00B0M63516,2023-10-18,23.70,USD
IGLS.L,2023-10-18,124.88,GBP
IGWD.L,2023-10-18,7623,GBp
INXG.L,2023-10-18,12.428,GBP
ISPE.L,2023-10-18,4.818,GBP
IUAG.L,2023-10-18,88.04,USD
IWDG.L,2023-10-18,735.75,GBp
JFM0003373,2023-10-18,134.25,USD
KNSL,2023-10-18,440.39,USD
LU0164881194,2023-10-18,253.36,USD
LU0196696453,2023-10-18,14.93,USD
MU0129U00005,2023-10-18,316.40,USD
QQQ,2023-10-18,363.37,USD
SGLN.L,2023-10-18,3115,GBp
0639.HK,2023-10-19,2.49,HKD
0P00000YAN,2023-10-19,132.3,USD
BCHS.L,2023-10-19,4840.5,GBp
BKCH,2023-10-19,4.29675,USD
CNX1.L,2023-10-19,70193,GBp
DPYG.L,2023-10-19,4.1545,GBP
EWQX.L,2023-10-19,411.3,GBp
FLOS.L,2023-10-19,483.9,GBp
GB00B1FXTF86,2023-10-19,8.45,GBP
GHYS.L,2023-10-19,81.44,GBP
GRAB,2023-10-19,3.3,USD
IDTG.L,2023-10-19,2.9005,GBP
IE0008368742,2023-10-19,155.08,USD
IE00B0M63516,2023-10-19,23.58,USD
IGLS.L,2023-10-19,124.86,GBP
IGWD.L,2023-10-19,7576,GBp
INXG.L,2023-10-19,12.274,GBP
ISPE.L,2023-10-19,4.7765,GBP
IUAG.L,2023-10-19,87.83,USD
IWDG.L,2023-10-19,731.25,GBp
JFM0003373,2023-10-19,132.3,USD
KNSL,2023-10-19,429.31,USD
LU0164881194,2023-10-19,252.59,USD
LU0196696453,2023-10-19,14.91,USD
MU0129U00005,2023-10-19,314.41,USD
QQQ,2023-10-19,359.97,USD
SGLN.L,2023-10-19,3129,GBp
0639.HK,2023-10-20,2.5,HKD
0P00000YAN,2023-10-20,132.02,USD
BCHS.L,2023-10-20,4807.25,GBp
BKCH,2023-10-20,4.2905,USD
CNX1.L,2023-10-20,68250,GBp
DPYG.L,2023-10-20,4.08725,GBP
EWQX.L,2023-10-20,397.825,GBp
FLOS.L,2023-10-20,484.15,GBp
GB00B1FXTF86,2023-10-20,8.46,GBP
GHYS.L,2023-10-20,81.38,GBP
GRAB,2023-10-20,3.27,USD
IDTG.L,2023-10-20,2.886,GBP
IE0008368742,2023-10-20,153.55,USD
IE00B0M63516,2023-10-20,23.46,USD
IGLS.L,2023-10-20,125.16,GBP
IGWD.L,2023-10-20,7439.5,GBp
INXG.L,2023-10-20,12.287,GBP
ISPE.L,2023-10-20,4.6895,GBP
IUAG.L,2023-10-20,88.16,USD
IWDG.L,2023-10-20,718,GBp
JFM0003373,2023-10-20,132.02,USD
KNSL,2023-10-20,424.78,USD
LU0164881194,2023-10-20,251.92,USD
LU0196696453,2023-10-20,14.76,USD
MU0129U00005,2023-10-20,314.26,USD
QQQ,2023-10-20,354.6,USD
SGLN.L,2023-10-20,3192,GBp
BCHS.L,2023-10-23,4843.5,GBp
BKCH,2023-10-23,4.4835,USD
CNX1.L,2023-10-23,68184,GBp
DPYG.L,2023-10-23,4.0585,GBP
EWQX.L,2023-10-23,396.325,GBp
FLOS.L,2023-10-23,484.45,GBp
GB00B1FXTF86,2023-10-23,8.25,GBP
GHYS.L,2023-10-23,81.735,GBP
GRAB,2023-10-23,3.25,USD
IDTG.L,2023-10-23,2.9155,GBP
IE00B0M63516,2023-10-23,23.70,USD
IGLS.L,2023-10-23,125.29,GBP
IGWD.L,2023-10-23,7439,GBp
INXG.L,2023-10-23,12.378,GBP
ISPE.L,2023-10-23,4.6715,GBP
IUAG.L,2023-10-23,88.28,USD
IWDG.L,2023-10-23,717.875,GBp
KNSL,2023-10-23,415.75,USD
LU0164881194,2023-10-23,247.71,USD
LU0196696453,2023-10-23,14.95,USD
QQQ,2023-10-23,355.67,USD
SGLN.L,2023-10-23,3146,GBp
0639.HK,2023-10-24,2.52,HKD
0P00000YAN,2023-10-24,131.99,USD
BCHS.L,2023-10-24,4969.5,GBp
BKCH,2023-10-24,4.83025,USD
CNX1.L,2023-10-24,68831,GBp
DPYG.L,2023-10-24,4.0605,GBP
EWQX.L,2023-10-24,399.475,GBp
FLOS.L,2023-10-24,484.575,GBp
GHYS.L,2023-10-24,81.93,GBP
GRAB,2023-10-24,3.28,USD
IDTG.L,2023-10-24,2.918,GBP
IE0008368742,2023-10-24,152.23,USD
IE00B0M63516,2023-10-24,23.68,USD
IGLS.L,2023-10-24,125.47,GBP
IGWD.L,2023-10-24,7454.5,GBp
INXG.L,2023-10-24,12.465,GBP
ISPE.L,2023-10-24,4.66875,GBP
IUAG.L,2023-10-24,88.4,USD
IWDG.L,2023-10-24,719.375,GBp
JFM0003373,2023-10-24,131.99,USD
KNSL,2023-10-24,427.12,USD
LU0196696453,2023-10-24,15.10,USD
QQQ,2023-10-24,359.13,USD
SGLN.L,2023-10-24,3141,GBp
0639.HK,2023-10-25,2.55,HKD
0P00000YAN,2023-10-25,132.18,USD
BCHS.L,2023-10-25,5024.5,GBp
BKCH,2023-10-25,4.94075,USD
CNX1.L,2023-10-25,68128,GBp
DPYG.L,2023-10-25,4.03075,GBP
EWQX.L,2023-10-25,395.575,GBp
FLOS.L,2023-10-25,484.625,GBp
GB00B1FXTF86,2023-10-25,8.24,GBP
GHYS.L,2023-10-25,81.945,GBP
GRAB,2023-10-25,3.2,USD
IDTG.L,2023-10-25,2.89475,GBP
IE0008368742,2023-10-25,153.68,USD
IE00B0M63516,2023-10-25,23.73,USD
IGLS.L,2023-10-25,125.33,GBP
IGWD.L,2023-10-25,7431.5,GBp
INXG.L,2023-10-25,12.375,GBP
ISPE.L,2023-10-25,4.6525,GBP
IUAG.L,2023-10-25,88.24,USD
IWDG.L,2023-10-25,717.25,GBp
JFM0003373,2023-10-25,132.18,USD
KNSL,2023-10-25,425.64,USD
LU0164881194,2023-10-25,246.60,USD
LU0196696453,2023-10-25,14.97,USD
MU0129U00005,2023-10-25,306.96,USD
QQQ,2023-10-25,350.34,USD
SGLN.L,2023-10-25,3169,GBp
0639.HK,2023-10-26,2.53,HKD
0P00000YAN,2023-10-26,129.97,USD
BCHS.L,2023-10-26,4856.5,GBp
BKCH,2023-10-26,4.67275,USD
CNX1.L,2023-10-26,66624,GBp
DPYG.L,2023-10-26,4.0225,GBP
EWQX.L,2023-10-26,390.075,GBp
FLOS.L,2023-10-26,484.725,GBp
GB00B1FXTF86,2023-10-26,8.15,GBP
GHYS.L,2023-10-26,81.74,GBP
GRAB,2023-10-26,3.08,USD
IDTG.L,2023-10-26,2.89675,GBP
IE0008368742,2023-10-26,152.90,USD
IE00B0M63516,2023-10-26,23.68,USD
IGLS.L,2023-10-26,125.41,GBP
IGWD.L,2023-10-26,7330,GBp
INXG.L,2023-10-26,12.374,GBP
ISPE.L,2023-10-26,4.63425,GBP
IUAG.L,2023-10-26,88.3,USD
IWDG.L,2023-10-26,707.75,GBp
JFM0003373,2023-10-26,129.97,USD
KNSL,2023-10-26,426.22,USD
LU0164881194,2023-10-26,244.36,USD
LU0196696453,2023-10-26,15.02,USD
MU0129U00005,2023-10-26,304.02,USD
QQQ,2023-10-26,343.66,USD
SGLN.L,2023-10-26,3178,GBp
0639.HK,2023-10-27,2.56,HKD
0P00000YAN,2023-10-27,129.97,USD
BCHS.L,2023-10-27,4852.5,GBp
BKCH,2023-10-27,4.60825,USD
CNX1.L,2023-10-27,67056.5,GBp
DPYG.L,2023-10-27,4.00675,GBP
EWQX.L,2023-10-27,388.65,GBp
FLOS.L,2023-10-27,484.975,GBp
GB00B1FXTF86,2023-10-27,8.23,GBP
GHYS.L,2023-10-27,81.99,GBP
GRAB,2023-10-27,3.03,USD
IDTG.L,2023-10-27,2.9075,GBP
IE0008368742,2023-10-27,157.29,USD
IE00B0M63516,2023-10-27,24.17,USD
IGLS.L,2023-10-27,125.665,GBP
IGWD.L,2023-10-27,7304,GBp
INXG.L,2023-10-27,12.473,GBP
ISPE.L,2023-10-27,4.59875,GBP
IUAG.L,2023-10-27,88.51,USD
IWDG.L,2023-10-27,706.375,GBp
JFM0003373,2023-10-27,129.97,USD
KNSL,2023-10-27,342.87,USD
LU0164881194,2023-10-27,246.69,USD
LU0196696453,2023-10-27,15.26,USD
MU0129U00005,2023-10-27,306.83,USD
QQQ,2023-10-27,345.31,USD
SGLN.L,2023-10-27,3174,GBp
0639.HK,2023-10-30,2.54,HKD
0P00000YAN,2023-10-30,130.83,USD
BCHS.L,2023-10-30,4860.5,GBp
BKCH,2023-10-30,4.5,USD
CNX1.L,2023-10-30,66871,GBp
DPYG.L,2023-10-30,3.9655,GBP
EWQX.L,2023-10-30,385.25,GBp
FLOS.L,2023-10-30,484.9,GBp
GB00B1FXTF86,2023-10-30,8.22,GBP
GHYS.L,2023-10-30,81.96,GBP
GRAB,2023-10-30,3.1,USD
IDTG.L,2023-10-30,2.892,GBP
IE00B0M63516,2023-10-30,23.21,USD
IGLS.L,2023-10-30,125.61,GBP
IGWD.L,2023-10-30,7320,GBp
INXG.L,2023-10-30,12.478,GBP
ISPE.L,2023-10-30,4.565,GBP
IUAG.L,2023-10-30,88.25,USD
IWDG.L,2023-10-30,705.625,GBp
JFM0003373,2023-10-30,130.83,USD
KNSL,2023-10-30,331.54,USD
LU0164881194,2023-10-30,249.20,USD
LU0196696453,2023-10-30,14.75,USD
MU0129U00005,2023-10-30,307.68,USD
QQQ,2023-10-30,349.2,USD
SGLN.L,2023-10-30,3203,GBp
0639.HK,2023-10-31,2.57,HKD
0P00000YAN,2023-10-31,130.12,USD
BCHS.L,2023-10-31,4928,GBp
BKCH,2023-10-31,4.54275,USD
CNX1.L,2023-10-31,67161,GBp
DPYG.L,2023-10-31,4.039,GBP
EWQX.L,2023-10-31,388.45,GBp
FLOS.L,2023-10-31,484.775,GBp
GB00B1FXTF86,2023-10-31,8.21,GBP
GHYS.L,2023-10-31,82.21,GBP
GRAB,2023-10-31,3.07,USD
IDTG.L,2023-10-31,2.91525,GBP
IE0008368742,2023-10-31,155.81,USD
IE00B0M63516,2023-10-31,23.31,USD
IGLS.L,2023-10-31,125.61,GBP
IGWD.L,2023-10-31,7366.5,GBp
INXG.L,2023-10-31,12.548,GBP
ISPE.L,2023-10-31,4.61275,GBP
IUAG.L,2023-10-31,88.48,USD
IWDG.L,2023-10-31,710.75,GBp
JFM0003373,2023-10-31,130.12,USD
KNSL,2023-10-31,333.91,USD
LU0164881194,2023-10-31,248.29,USD
LU0196696453,2023-10-31,14.82,USD
MU0129U00005,2023-10-31,306.93,USD
QQQ,2023-10-31,350.87,USD
SGLN.L,2023-10-31,3193,GBp
0639.HK,2023-11-01,2.52,HKD
0P00000YAN,2023-11-01,129.27,USD
BCHS.L,2023-11-01,4944.5,GBp
BKCH,2023-11-01,4.55475,USD
CNX1.L,2023-11-01,68142,GBp
DPYG.L,2023-11-01,4.0665,GBP
EWQX.L,2023-11-01,390.75,GBp
FLOS.L,2023-11-01,485,GBp
GB00B1FXTF86,2023-11-01,8.18,GBP
GHYS.L,2023-11-01,82.665,GBP
GRAB,2023-11-01,3.05,USD
IDTG.L,2023-11-01,2.9345,GBP
IE0008368742,2023-11-01,155.29,USD
IE00B0M63516,2023-11-01,23.72,USD
IGLS.L,2023-11-01,125.69,GBP
IGWD.L,2023-11-01,7432.5,GBp
INXG.L,2023-11-01,12.612,GBP
ISPE.L,2023-11-01,4.62025,GBP
IUAG.L,2023-11-01,88.85,USD
IWDG.L,2023-11-01,717.125,GBp
JFM0003373,2023-11-01,129.27,USD
KNSL,2023-11-01,343.15,USD
MU0129U00005,2023-11-01,305.63,USD
QQQ,2023-11-01,356.96,USD
SGLN.L,2023-11-01,3173,GBp
0639.HK,2023-11-02,2.54,HKD
0P00000YAN,2023-11-02,131.17,USD
BCHS.L,2023-11-02,5064.5,GBp
BKCH,2023-11-02,4.863,USD
CNX1.L,2023-11-02,69484,GBp
DPYG.L,2023-11-02,4.20125,GBP
EWQX.L,2023-11-02,399.275,GBp
FLOS.L,2023-11-02,485.075,GBp
GB00B1FXTF86,2023-11-02,8.24,GBP
GHYS.L,2023-11-02,83.42,GBP
GRAB,2023-11-02,3.13,USD
IDTG.L,2023-11-02,2.9965,GBP
IE0008368742,2023-11-02,155.57,USD
IE00B0M63516,2023-11-02,24.58,USD
IGLS.L,2023-11-02,125.92,GBP
IGWD.L,2023-11-02,7580.5,GBp
INXG.L,2023-11-02,12.797,GBP
ISPE.L,2023-11-02,4.7205,GBP
IUAG.L,2023-11-02,89.79,USD
IWDG.L,2023-11-02,731.375,GBp
JFM0003373,2023-11-02,131.17,USD
KNSL,2023-11-02,344.35,USD
LU0164881194,2023-11-02,250.06,USD
MU0129U00005,2023-11-02,309.08,USD
QQQ,2023-11-02,363.44,USD
SGLN.L,2023-11-02,3166,GBp
0639.HK,2023-11-03,2.52,HKD
0P00000YAN,2023-11-03,133.81,USD
BCHS.L,2023-11-03,5158,GBp
BKCH,2023-11-03,5.1055,USD
CNX1.L,2023-11-03,69473.5,GBp
DPYG.L,2023-11-03,4.32575,GBP
EWQX.L,2023-11-03,401.825,GBp
FLOS.L,2023-11-03,485.15,GBp
GB00B1FXTF86,2023-11-03,8.26,GBP
GHYS.L,2023-11-03,83.975,GBP
GRAB,2023-11-03,3.16,USD
IDTG.L,2023-11-03,3.05775,GBP
IE0008368742,2023-11-03,158.95,USD
IE00B0M63516,2023-11-03,25.01,USD
IGLS.L,2023-11-03,126.16,GBP
IGWD.L,2023-11-03,7679,GBp
INXG.L,2023-11-03,12.99,GBP
ISPE.L,2023-11-03,4.834,GBP
IUAG.L,2023-11-03,90.56,USD
IWDG.L,2023-11-03,740.75,GBp
JFM0003373,2023-11-03,133.81,USD
KNSL,2023-11-03,339.53,USD
LU0164881194,2023-11-03,251.76,USD
LU0196696453,2023-11-03,15.88,USD
MU0129U00005,2023-11-03,311.35,USD
QQQ,2023-11-03,367.71,USD
SGLN.L,2023-11-03,3131,GBp
0639.HK,2023-11-06,2.45,HKD
0P00000YAN,2023-11-06,135.93,USD
BCHS.L,2023-11-06,5158,GBp
BKCH,2023-11-06,5.02325,USD
CNX1.L,2023-11-06,69583,GBp
DPYG.L,2023-11-06,4.23575,GBP
EWQX.L,2023-11-06,399.275,GBp
FLOS.L,2023-11-06,485.225,GBp
GB00B1FXTF86,2023-11-06,8.17,GBP
GHYS.L,2023-11-06,83.94,GBP
GRAB,2023-11-06,3.14,USD
IDTG.L,2023-11-06,3.00675,GBP
IE0008368742,2023-11-06,162.31,USD
IE00B0M63516,2023-11-06,24.97,USD
IGLS.L,2023-11-06,126.01,GBP
IGWD.L,2023-11-06,7668.5,GBp
INXG.L,2023-11-06,12.812,GBP
ISPE.L,2023-11-06,4.79675,GBP
IUAG.L,2023-11-06,90,USD
IWDG.L,2023-11-06,739.75,GBp
JFM0003373,2023-11-06,135.93,USD
KNSL,2023-11-06,340.5,USD
LU0164881194,2023-11-06,254.61,USD
LU0196696453,2023-11-06,15.95,USD
MU0129U00005,2023-11-06,314.13,USD
QQQ,2023-11-06,369.21,USD
SGLN.L,2023-11-06,3113,GBp
0639.HK,2023-11-07,2.46,HKD
0P00000YAN,2023-11-07,135.48,USD
BCHS.L,2023-11-07,5139.5,GBp
BKCH,2023-11-07,4.8885,USD
CNX1.L,2023-11-07,70872.5,GBp
DPYG.L,2023-11-07,4.1985,GBP
EWQX.L,2023-11-07,406.075,GBp
FLOS.L,2023-11-07,485.2,GBp
GB00B1FXTF86,2023-11-07,8.26,GBP
GHYS.L,2023-11-07,83.88,GBP
GRAB,2023-11-07,3.17,USD
IDTG.L,2023-11-07,3.0465,GBP
IE0008368742,2023-11-07,159.48,USD
IE00B0M63516,2023-11-07,25.26,USD
IGLS.L,2023-11-07,126.25,GBP
IGWD.L,2023-11-07,7686,GBp
INXG.L,2023-11-07,13,GBP
ISPE.L,2023-11-07,4.795,GBP
IUAG.L,2023-11-07,90.45,USD
IWDG.L,2023-11-07,741.25,GBp
JFM0003373,2023-11-07,135.48,USD
KNSL,2023-11-07,347.16,USD
LU0164881194,2023-11-07,253.70,USD
LU0196696453,2023-11-07,16.14,USD
MU0129U00005,2023-11-07,313.86,USD
QQQ,2023-11-07,372.7,USD
SGLN.L,2023-11-07,3108,GBp
0639.HK,2023-11-08,2.46,HKD
0P00000YAN,2023-11-08,134.39,USD
BCHS.L,2023-11-08,5072,GBp
BKCH,2023-11-08,4.78975,USD
CNX1.L,2023-11-08,70710,GBp
DPYG.L,2023-11-08,4.20475,GBP
EWQX.L,2023-11-08,403.025,GBp
FLOS.L,2023-11-08,485.325,GBp
GB00B1FXTF86,2023-11-08,8.31,GBP
GHYS.L,2023-11-08,83.91,GBP
GRAB,2023-11-08,3.19,USD
IDTG.L,2023-11-08,3.0865,GBP
IE0008368742,2023-11-08,159.57,USD
IE00B0M63516,2023-11-08,25.16,USD
IGLS.L,2023-11-08,126.295,GBP
IGWD.L,2023-11-08,7678,GBp
INXG.L,2023-11-08,13.129,GBP
ISPE.L,2023-11-08,4.7755,GBP
IUAG.L,2023-11-08,90.76,USD
IWDG.L,2023-11-08,740.125,GBp
JFM0003373,2023-11-08,134.39,USD
KNSL,2023-11-08,352.88,USD
LU0164881194,2023-11-08,254.73,USD
LU0196696453,2023-11-08,16.10,USD
MU0129U00005,2023-11-08,314.11,USD
QQQ,2023-11-08,372.94,USD
SGLN.L,2023-11-08,3098,GBp
0639.HK,2023-11-09,2.54,HKD
0P00000YAN,2023-11-09,134.38,USD
BCHS.L,2023-11-09,5204.5,GBp
BKCH,2023-11-09,4.99725,USD
CNX1.L,2023-11-09,71115,GBp
DPYG.L,2023-11-09,4.20575,GBP
EWQX.L,2023-11-09,404.775,GBp
FLOS.L,2023-11-09,485.675,GBp
GB00B1FXTF86,2023-11-09,8.34,GBP
GHYS.L,2023-11-09,83.89,GBP
GRAB,2023-11-09,3.29,USD
IDTG.L,2023-11-09,3.06375,GBP
IE0008368742,2023-11-09,158.53,USD
IE00B0M63516,2023-11-09,25.32,USD
IGLS.L,2023-11-09,126.285,GBP
IGWD.L,2023-11-09,7711,GBp
INXG.L,2023-11-09,13.03,GBP
ISPE.L,2023-11-09,4.7815,GBP
IUAG.L,2023-11-09,90.57,USD
IWDG.L,2023-11-09,744.25,GBp
JFM0003373,2023-11-09,134.38,USD
KNSL,2023-11-09,357.46,USD
LU0164881194,2023-11-09,253.78,USD
LU0196696453,2023-11-09,16.15,USD
MU0129U00005,2023-11-09,312.88,USD
QQQ,2023-11-09,370.07,USD
SGLN.L,2023-11-09,3111,GBp
0639.HK,2023-11-10,2.55,HKD
0P00000YAN,2023-11-10,132.89,USD
BCHS.L,2023-11-10,5155,GBp
BKCH,2023-11-10,4.80075,USD
CNX1.L,2023-11-10,71703,GBp
DPYG.L,2023-11-10,4.16925,GBP
EWQX.L,2023-11-10,405.575,GBp
FLOS.L,2023-11-10,485.7,GBp
GB00B1FXTF86,2023-11-10,8.37,GBP
GHYS.L,2023-11-10,83.7,GBP
GRAB,2023-11-10,3.27,USD
IDTG.L,2023-11-10,3.0565,GBP
IE0008368742,2023-11-10,156.90,USD
IE00B0M63516,2023-11-10,25.34,USD
IGLS.L,2023-11-10,126.15,GBP
IGWD.L,2023-11-10,7679.5,GBp
INXG.L,2023-11-10,12.938,GBP
ISPE.L,2023-11-10,4.7525,GBP
IUAG.L,2023-11-10,90.24,USD
IWDG.L,2023-11-10,740.625,GBp
JFM0003373,2023-11-10,132.89,USD
KNSL,2023-11-10,357.39,USD
LU0164881194,2023-11-10,254.01,USD
LU0196696453,2023-11-10,16.17,USD
MU0129U00005,2023-11-10,312.87,USD
QQQ,2023-11-10,378.39,USD
SGLN.L,2023-11-10,3092,GBp
0639.HK,2023-11-13,2.57,HKD
0P00000YAN,2023-11-13,132.56,USD
BCHS.L,2023-11-13,5156.5,GBp
BKCH,2023-11-13,4.72425,USD
CNX1.L,2023-11-13,71986,GBp
DPYG.L,2023-11-13,4.1645,GBP
EWQX.L,2023-11-13,407.075,GBp
FLOS.L,2023-11-13,485.575,GBp
GB00B1FXTF86,2023-11-13,8.33,GBP
GHYS.L,2023-11-13,83.73,GBP
GRAB,2023-11-13,3.33,USD
IDTG.L,2023-11-13,3.03525,GBP
IE0008368742,2023-11-13,158.14,USD
IE00B0M63516,2023-11-13,25.35,USD
IGLS.L,2023-11-13,126.13,GBP
IGWD.L,2023-11-13,7742.5,GBp
INXG.L,2023-11-13,13.002,GBP
ISPE.L,2023-11-13,4.7905,GBP
IUAG.L,2023-11-13,90.02,USD
IWDG.L,2023-11-13,747,GBp
JFM0003373,2023-11-13,132.56,USD
KNSL,2023-11-13,366.52,USD
LU0164881194,2023-11-13,254.60,USD
LU0196696453,2023-11-13,16.17,USD
MU0129U00005,2023-11-13,313.36,USD
QQQ,2023-11-13,377.21,USD
SGLN.L,2023-11-13,3085,GBp
0639.HK,2023-11-14,2.58,HKD
0P00000YAN,2023-11-14,132.2,USD
BCHS.L,2023-11-14,5132.5,GBp
BKCH,2023-11-14,4.703,USD
CNX1.L,2023-11-14,72116,GBp
DPYG.L,2023-11-14,4.3715,GBP
EWQX.L,2023-11-14,411.2,GBp
FLOS.L,2023-11-14,485.775,GBp
GHYS.L,2023-11-14,84.7,GBP
GRAB,2023-11-14,3.32,USD
IDTG.L,2023-11-14,3.112,GBP
IE0008368742,2023-11-14,157.95,USD
IE00B0M63516,2023-11-14,26.05,USD
IGLS.L,2023-11-14,126.48,GBP
IGWD.L,2023-11-14,7876.5,GBp
INXG.L,2023-11-14,13.328,GBP
ISPE.L,2023-11-14,4.932,GBP
IUAG.L,2023-11-14,91.19,USD
IWDG.L,2023-11-14,759.875,GBp
JFM0003373,2023-11-14,132.2,USD
KNSL,2023-11-14,371.85,USD
LU0196696453,2023-11-14,16.68,USD
QQQ,2023-11-14,385.33,USD
SGLN.L,2023-11-14,3062,GBp
0639.HK,2023-11-15,2.61,HKD
0P00000YAN,2023-11-15,135.47,USD
BCHS.L,2023-11-15,5245,GBp
BKCH,2023-11-15,4.9725,USD
CNX1.L,2023-11-15,72681,GBp
DPYG.L,2023-11-15,4.3715,GBP
EWQX.L,2023-11-15,416.25,GBp
FLOS.L,2023-11-15,485.9,GBp
GB00B1FXTF86,2023-11-15,8.27,GBP
GHYS.L,2023-11-15,84.44,GBP
GRAB,2023-11-15,3.42,USD
IDTG.L,2023-11-15,3.0735,GBP
IE0008368742,2023-11-15,163.32,USD
IE00B0M63516,2023-11-15,26.38,USD
IGLS.L,2023-11-15,126.42,GBP
IGWD.L,2023-11-15,7902,GBp
INXG.L,2023-11-15,13.201,GBP
ISPE.L,2023-11-15,4.9615,GBP
IUAG.L,2023-11-15,90.74,USD
IWDG.L,2023-11-15,762.375,GBp
JFM0003373,2023-11-15,135.47,USD
KNSL,2023-11-15,348.84,USD
LU0164881194,2023-11-15,258.52,USD
MU0129U00005,2023-11-15,318.56,USD
QQQ,2023-11-15,385.62,USD
SGLN.L,2023-11-15,3067,GBp
0639.HK,2023-11-16,2.66,HKD
0P00000YAN,2023-11-16,135.33,USD
BCHS.L,2023-11-16,5183,GBp
BKCH,2023-11-16,4.829,USD
CNX1.L,2023-11-16,72240.5,GBp
DPYG.L,2023-11-16,4.31275,GBP
EWQX.L,2023-11-16,411.4,GBp
FLOS.L,2023-11-16,471.1,GBp
GB00B1FXTF86,2023-11-16,8.36,GBP
GHYS.L,2023-11-16,84.16,GBP
GRAB,2023-11-16,3.29,USD
IDTG.L,2023-11-16,3.0965,GBP
IE0008368742,2023-11-16,161.34,USD
IE00B0M63516,2023-11-16,26.03,USD
IGLS.L,2023-11-16,126.645,GBP
IGWD.L,2023-11-16,7855.5,GBp
INXG.L,2023-11-16,13.207,GBP
ISPE.L,2023-11-16,4.916,GBP
IUAG.L,2023-11-16,89.67,USD
IWDG.L,2023-11-16,757.875,GBp
JFM0003373,2023-11-16,135.33,USD
KNSL,2023-11-16,352.94,USD
LU0164881194,2023-11-16,259.33,USD
LU0196696453,2023-11-16,16.85,USD
MU0129U00005,2023-11-16,320.14,USD
QQQ,2023-11-16,385.95,USD
SGLN.L,2023-11-16,3110,GBp
0639.HK,2023-11-17,2.66,HKD
0P00000YAN,2023-11-17,135.49,USD
BCHS.L,2023-11-17,5215,GBp
BKCH,2023-11-17,4.867,USD
CNX1.L,2023-11-17,72436,GBp
DPYG.L,2023-11-17,4.30425,GBP
EWQX.L,2023-11-17,413.375,GBp
FLOS.L,2023-11-17,471.325,GBp
GB00B1FXTF86,2023-11-17,8.34,GBP
GHYS.L,2023-11-17,84.4,GBP
GRAB,2023-11-17,3.31,USD
IDTG.L,2023-11-17,3.11125,GBP
IE0008368742,2023-11-17,160.37,USD
IE00B0M63516,2023-11-17,26.19,USD
IGLS.L,2023-11-17,126.655,GBP
IGWD.L,2023-11-17,7898.5,GBp
INXG.L,2023-11-17,13.192,GBP
ISPE.L,2023-11-17,4.93925,GBP
IUAG.L,2023-11-17,89.8,USD
IWDG.L,2023-11-17,762.25,GBp
JFM0003373,2023-11-17,135.49,USD
KNSL,2023-11-17,352.14,USD
LU0164881194,2023-11-17,258.91,USD
LU0196696453,2023-11-17,16.78,USD
MU0129U00005,2023-11-17,319.82,USD
QQQ,2023-11-17,386.04,USD
SGLN.L,2023-11-17,3104,GBp
0639.HK,2023-11-20,2.65,HKD
0P00000YAN,2023-11-20,135.42,USD
BCHS.L,2023-11-20,5332.5,GBp
BKCH,2023-11-20,5.162,USD
CNX1.L,2023-11-20,72748,GBp
DPYG.L,2023-11-20,4.32275,GBP
EWQX.L,2023-11-20,414.825,GBp
FLOS.L,2023-11-20,471.35,GBp
GB00B1FXTF86,2023-11-20,8.34,GBP
GHYS.L,2023-11-20,84.52,GBP
GRAB,2023-11-20,3.23,USD
IDTG.L,2023-11-20,3.11025,GBP
IE0008368742,2023-11-20,163.20,USD
IE00B0M63516,2023-11-20,26.47,USD
IGLS.L,2023-11-20,126.72,GBP
IGWD.L,2023-11-20,7929.5,GBp
INXG.L,2023-11-20,13.238,GBP
ISPE.L,2023-11-20,4.9575,GBP
IUAG.L,2023-11-20,89.73,USD
IWDG.L,2023-11-20,765,GBp
JFM0003373,2023-11-20,135.42,USD
KNSL,2023-11-20,356.86,USD
LU0164881194,2023-11-20,257.98,USD
LU0196696453,2023-11-20,16.91,USD
MU0129U00005,2023-11-20,318.80,USD
QQQ,2023-11-20,390.74,USD
SGLN.L,2023-11-20,3073,GBp
0639.HK,2023-11-21,2.64,HKD
0P00000YAN,2023-11-21,135.18,USD
BCHS.L,2023-11-21,5305,GBp
BKCH,2023-11-21,5.146,USD
CNX1.L,2023-11-21,72235,GBp
DPYG.L,2023-11-21,4.2975,GBP
EWQX.L,2023-11-21,412.625,GBp
FLOS.L,2023-11-21,471.5,GBp
GB00B1FXTF86,2023-11-21,8.29,GBP
GHYS.L,2023-11-21,84.57,GBP
GRAB,2023-11-21,3.13,USD
IDTG.L,2023-11-21,3.13475,GBP
IE0008368742,2023-11-21,163.12,USD
IE00B0M63516,2023-11-21,26.27,USD
IGLS.L,2023-11-21,126.69,GBP
IGWD.L,2023-11-21,7921.5,GBp
INXG.L,2023-11-21,13.278,GBP
ISPE.L,2023-11-21,4.959,GBP
IUAG.L,2023-11-21,90.21,USD
IWDG.L,2023-11-21,764.5,GBp
JFM0003373,2023-11-21,135.18,USD
KNSL,2023-11-21,362.84,USD
LU0164881194,2023-11-21,258.89,USD
LU0196696453,2023-11-21,16.82,USD
MU0129U00005,2023-11-21,319.39,USD
QQQ,2023-11-21,388.47,USD
SGLN.L,2023-11-21,3105,GBp
0639.HK,2023-11-22,2.64,HKD
0P00000YAN,2023-11-22,134.75,USD
BCHS.L,2023-11-22,5328,GBp
BKCH,2023-11-22,5.1585,USD
CNX1.L,2023-11-22,73185,GBp
DPYG.L,2023-11-22,4.32125,GBP
EWQX.L,2023-11-22,417.6,GBp
FLOS.L,2023-11-22,471.65,GBp
GB00B1FXTF86,2023-11-22,8.45,GBP
GHYS.L,2023-11-22,84.625,GBP
GRAB,2023-11-22,3.13,USD
IDTG.L,2023-11-22,3.137,GBP
IE0008368742,2023-11-22,161.92,USD
IE00B0M63516,2023-11-22,26.40,USD
IGLS.L,2023-11-22,126.42,GBP
IGWD.L,2023-11-22,7965.5,GBp
INXG.L,2023-11-22,13.059,GBP
ISPE.L,2023-11-22,4.98425,GBP
IUAG.L,2023-11-22,90.23,USD
IWDG.L,2023-11-22,769.25,GBp
JFM0003373,2023-11-22,134.75,USD
KNSL,2023-11-22,362.71,USD
LU0164881194,2023-11-22,258.82,USD
LU0196696453,2023-11-22,16.96,USD
MU0129U00005,2023-11-22,320.80,USD
QQQ,2023-11-22,390.06,USD
SGLN.L,2023-11-22,3111,GBp
0639.HK,2023-11-23,2.7,HKD
BCHS.L,2023-11-23,5351,GBp
BKCH,2023-11-23,5.318,USD
CNX1.L,2023-11-23,72822.5,GBp
DPYG.L,2023-11-23,4.3175,GBP
EWQX.L,2023-11-23,415.45,GBp
FLOS.L,2023-11-23,471.55,GBp
GB00B1FXTF86,2023-11-23,8.35,GBP
GHYS.L,2023-11-23,84.76,GBP
IDTG.L,2023-11-23,3.127,GBP
IE0008368742,2023-11-23,163.89,USD
IE00B0M63516,2023-11-23,26.51,USD
IGLS.L,2023-11-23,126.24,GBP
IGWD.L,2023-11-23,7972.5,GBp
INXG.L,2023-11-23,12.96,GBP
ISPE.L,2023-11-23,4.9845,GBP
IUAG.L,2023-11-23,90.08,USD
IWDG.L,2023-11-23,769,GBp
LU0164881194,2023-11-23,257.79,USD
LU0196696453,2023-11-23,17.06,USD
MU0129U00005,2023-11-23,320.12,USD
SGLN.L,2023-11-23,3091,GBp
0639.HK,2023-11-24,2.76,HKD
0P00000YAN,2023-11-24,134.05,USD
BCHS.L,2023-11-24,5378.5,GBp
BKCH,2023-11-24,5.5915,USD
CNX1.L,2023-11-24,72114.5,GBp
DPYG.L,2023-11-24,4.32425,GBP
EWQX.L,2023-11-24,413,GBp
FLOS.L,2023-11-24,471.975,GBp
GB00B1FXTF86,2023-11-24,8.32,GBP
GHYS.L,2023-11-24,84.82,GBP
GRAB,2023-11-24,3.12,USD
IDTG.L,2023-11-24,3.114,GBP
IE0008368742,2023-11-24,161.38,USD
IE00B0M63516,2023-11-24,26.36,USD
IGLS.L,2023-11-24,126.23,GBP
IGWD.L,2023-11-24,7959.5,GBp
INXG.L,2023-11-24,12.897,GBP
ISPE.L,2023-11-24,4.989,GBP
IUAG.L,2023-11-24,89.91,USD
IWDG.L,2023-11-24,769.25,GBp
JFM0003373,2023-11-24,134.05,USD
KNSL,2023-11-24,366.86,USD
LU0164881194,2023-11-24,258.88,USD
LU0196696453,2023-11-24,16.95,USD
MU0129U00005,2023-11-24,319.81,USD
QQQ,2023-11-24,389.51,USD
SGLN.L,2023-11-24,3087,GBp
0639.HK,2023-11-27,2.81,HKD
0P00000YAN,2023-11-27,134.25,USD
BCHS.L,2023-11-27,5403,GBp
BKCH,2023-11-27,5.613,USD
CNX1.L,2023-11-27,72215,GBp
DPYG.L,2023-11-27,4.332,GBP
EWQX.L,2023-11-27,412.975,GBp
FLOS.L,2023-11-27,472.1,GBp
GHYS.L,2023-11-27,84.865,GBP
GRAB,2023-11-27,3.06,USD
IDTG.L,2023-11-27,3.132,GBP
IE0008368742,2023-11-27,160.73,USD
IE00B0M63516,2023-11-27,26.09,USD
IGLS.L,2023-11-27,126.41,GBP
IGWD.L,2023-11-27,7950,GBp
INXG.L,2023-11-27,13.056,GBP
ISPE.L,2023-11-27,4.988,GBP
IUAG.L,2023-11-27,90.12,USD
IWDG.L,2023-11-27,768.5,GBp
JFM0003373,2023-11-27,134.25,USD
KNSL,2023-11-27,370.21,USD
LU0196696453,2023-11-27,16.78,USD
QQQ,2023-11-27,389.17,USD
SGLN.L,2023-11-27,3100,GBp
0639.HK,2023-11-28,2.83,HKD
0P00000YAN,2023-11-28,134.86,USD
BCHS.L,2023-11-28,5473.5,GBp
BKCH,2023-11-28,5.8735,USD
CNX1.L,2023-11-28,71839,GBp
DPYG.L,2023-11-28,4.33225,GBP
EWQX.L,2023-11-28,410.2,GBp
FLOS.L,2023-11-28,471.95,GBp
GB00B1FXTF86,2023-11-28,8.28,GBP
GHYS.L,2023-11-28,84.99,GBP
GRAB,2023-11-28,3.05,USD
IDTG.L,2023-11-28,3.1605,GBP
IE0008368742,2023-11-28,160.52,USD
IE00B0M63516,2023-11-28,26.65,USD
IGLS.L,2023-11-28,126.63,GBP
IGWD.L,2023-11-28,7950,GBp
INXG.L,2023-11-28,13.14,GBP
ISPE.L,2023-11-28,4.99325,GBP
IUAG.L,2023-11-28,90.55,USD
IWDG.L,2023-11-28,769,GBp
JFM0003373,2023-11-28,134.86,USD
KNSL,2023-11-28,356.31,USD
LU0164881194,2023-11-28,260.03,USD
LU0196696453,2023-11-28,17.21,USD
MU0129U00005,2023-11-28,320.77,USD
QQQ,2023-11-28,390.19,USD
SGLN.L,2023-11-28,3122,GBp
0639.HK,2023-11-29,2.82,HKD
0P00000YAN,2023-11-29,134.61,USD
BCHS.L,2023-11-29,5545,GBp
BKCH,2023-11-29,6.049,USD
CNX1.L,2023-11-29,71945,GBp
DPYG.L,2023-11-29,4.366,GBP
EWQX.L,2023-11-29,413.25,GBp
FLOS.L,2023-11-29,472.125,GBp
GB00B1FXTF86,2023-11-29,8.32,GBP
GHYS.L,2023-11-29,85.28,GBP
GRAB,2023-11-29,3.08,USD
IDTG.L,2023-11-29,3.18925,GBP
IE0008368742,2023-11-29,158.64,USD
IE00B0M63516,2023-11-29,26.44,USD
IGLS.L,2023-11-29,126.82,GBP
IGWD.L,2023-11-29,7953,GBp
INXG.L,2023-11-29,13.166,GBP
ISPE.L,2023-11-29,5.003,GBP
IUAG.L,2023-11-29,91,USD
IWDG.L,2023-11-29,768.25,GBp
JFM0003373,2023-11-29,134.61,USD
KNSL,2023-11-29,346.65,USD
LU0164881194,2023-11-29,262.22,USD
LU0196696453,2023-11-29,17.12,USD
MU0129U00005,2023-11-29,324.36,USD
QQQ,2023-11-29,389.81,USD
SGLN.L,2023-11-29,3134,GBp
0639.HK,2023-11-30,2.82,HKD
0P00000YAN,2023-11-30,133.7,USD
BCHS.L,2023-11-30,5566,GBp
BKCH,2023-11-30,5.998,USD
CNX1.L,2023-11-30,71430.5,GBp
DPYG.L,2023-11-30,4.36725,GBP
EWQX.L,2023-11-30,412.25,GBp
FLOS.L,2023-11-30,472.175,GBp
GB00B1FXTF86,2023-11-30,8.38,GBP
GHYS.L,2023-11-30,85.42,GBP
GRAB,2023-11-30,3.04,USD
IDTG.L,2023-11-30,3.181,GBP
IE0008368742,2023-11-30,159.60,USD
IE00B0M63516,2023-11-30,26.26,USD
IGLS.L,2023-11-30,126.65,GBP
IGWD.L,2023-11-30,7952,GBp
INXG.L,2023-11-30,12.958,GBP
ISPE.L,2023-11-30,5.0205,GBP
IUAG.L,2023-11-30,91.05,USD
IWDG.L,2023-11-30,768.25,GBp
JFM0003373,2023-11-30,133.7,USD
KNSL,2023-11-30,350.1,USD
LU0164881194,2023-11-30,262.54,USD
LU0196696453,2023-11-30,16.90,USD
MU0129U00005,2023-11-30,325.59,USD
QQQ,2023-11-30,388.83,USD
SGLN.L,2023-11-30,3136,GBp
0639.HK,2023-12-01,2.82,HKD
0P00000YAN,2023-12-01,134.62,USD
BCHS.L,2023-12-01,5749,GBp
BKCH,2023-12-01,6.5395,USD
CNX1.L,2023-12-01,71577,GBp
DPYG.L,2023-12-01,4.434,GBP
EWQX.L,2023-12-01,415.3,GBp
FLOS.L,2023-12-01,472.45,GBp
GB00B1FXTF86,2023-12-01,8.38,GBP
GHYS.L,2023-12-01,85.9,GBP
GRAB,2023-12-01,3.07,USD
IDTG.L,2023-12-01,3.2005,GBP
IE0008368742,2023-12-01,157.84,USD
IE00B0M63516,2023-12-01,26.73,USD
IGLS.L,2023-12-01,126.93,GBP
IGWD.L,2023-12-01,8004,GBp
INXG.L,2023-12-01,12.954,GBP
ISPE.L,2023-12-01,5.0825,GBP
IUAG.L,2023-12-01,91.39,USD
IWDG.L,2023-12-01,773.25,GBp
JFM0003373,2023-12-01,134.62,USD
KNSL,2023-12-01,338.48,USD
LU0164881194,2023-12-01,265.43,USD
LU0196696453,2023-12-01,17.05,USD
MU0129U00005,2023-12-01,326.61,USD
QQQ,2023-12-01,389.94,USD
SGLN.L,2023-12-01,3156,GBp
0639.HK,2023-12-04,2.79,HKD
0P00000YAN,2023-12-04,135.01,USD
BCHS.L,2023-12-04,5904.5,GBp
BKCH,2023-12-04,6.825,USD
CNX1.L,2023-12-04,71031.5,GBp
DPYG.L,2023-12-04,4.466,GBP
EWQX.L,2023-12-04,414.5,GBp
FLOS.L,2023-12-04,472.55,GBp
GB00B1FXTF86,2023-12-04,8.48,GBP
GHYS.L,2023-12-04,85.785,GBP
GRAB,2023-12-04,3.15,USD
IDTG.L,2023-12-04,3.20175,GBP
IE0008368742,2023-12-04,155.50,USD
IE00B0M63516,2023-12-04,26.41,USD
IGLS.L,2023-12-04,126.675,GBP
IGWD.L,2023-12-04,7969,GBp
INXG.L,2023-12-04,12.772,GBP
ISPE.L,2023-12-04,5.1035,GBP
IUAG.L,2023-12-04,91.17,USD
IWDG.L,2023-12-04,770.25,GBp
JFM0003373,2023-12-04,135.01,USD
KNSL,2023-12-04,348.88,USD
LU0164881194,2023-12-04,269.72,USD
LU0196696453,2023-12-04,16.97,USD
MU0129U00005,2023-12-04,331.52,USD
QQQ,2023-12-04,386.32,USD
SGLN.L,2023-12-04,3122,GBp
0639.HK,2023-12-05,2.79,HKD
0P00000YAN,2023-12-05,134.63,USD
BCHS.L,2023-12-05,6078.5,GBp
BKCH,2023-12-05,7.481,USD
CNX1.L,2023-12-05,71667.5,GBp
DPYG.L,2023-12-05,4.48225,GBP
EWQX.L,2023-12-05,414.625,GBp
FLOS.L,2023-12-05,472.575,GBp
GB00B1FXTF86,2023-12-05,8.51,GBP
GHYS.L,2023-12-05,85.945,GBP
GRAB,2023-12-05,3.14,USD
IDTG.L,2023-12-05,3.2785,GBP
IE0008368742,2023-12-05,152.16,USD
IE00B0M63516,2023-12-05,26.14,USD
IGLS.L,2023-12-05,127.06,GBP
IGWD.L,2023-12-05,7976,GBp
INXG.L,2023-12-05,13.03,GBP
ISPE.L,2023-12-05,5.08,GBP
IUAG.L,2023-12-05,91.94,USD
IWDG.L,2023-12-05,771.75,GBp
JFM0003373,2023-12-05,134.63,USD
KNSL,2023-12-05,341.54,USD
LU0164881194,2023-12-05,270.57,USD
LU0196696453,2023-12-05,16.85,USD
MU0129U00005,2023-12-05,332.54,USD
QQQ,2023-12-05,387.29,USD
SGLN.L,2023-12-05,3102,GBp
0639.HK,2023-12-06,2.81,HKD
0P00000YAN,2023-12-06,134.41,USD
BCHS.L,2023-12-06,6114,GBp
BKCH,2023-12-06,7.3465,USD
CNX1.L,2023-12-06,71890,GBp
DPYG.L,2023-12-06,4.5135,GBP
EWQX.L,2023-12-06,417.425,GBp
FLOS.L,2023-12-06,472.5,GBp
GB00B1FXTF86,2023-12-06,8.53,GBP
GHYS.L,2023-12-06,86.055,GBP
GRAB,2023-12-06,3.09,USD
IDTG.L,2023-12-06,3.316,GBP
IE0008368742,2023-12-06,152.51,USD
IE00B0M63516,2023-12-06,26.38,USD
IGLS.L,2023-12-06,127.09,GBP
IGWD.L,2023-12-06,8001,GBp
INXG.L,2023-12-06,13.231,GBP
ISPE.L,2023-12-06,5.1,GBP
IUAG.L,2023-12-06,92.06,USD
IWDG.L,2023-12-06,772.75,GBp
JFM0003373,2023-12-06,134.41,USD
KNSL,2023-12-06,329.18,USD
LU0164881194,2023-12-06,271.08,USD
LU0196696453,2023-12-06,17.01,USD
MU0129U00005,2023-12-06,332.68,USD
QQQ,2023-12-06,385.05,USD
SGLN.L,2023-12-06,3129,GBp
0639.HK,2023-12-07,2.77,HKD
0P00000YAN,2023-12-07,133.9,USD
BCHS.L,2023-12-07,6096.5,GBp
BKCH,2023-12-07,7.2235,USD
CNX1.L,2023-12-07,72409,GBp
DPYG.L,2023-12-07,4.4955,GBP
EWQX.L,2023-12-07,417.75,GBp
FLOS.L,2023-12-07,473.05,GBp
GB00B1FXTF86,2023-12-07,8.55,GBP
GHYS.L,2023-12-07,85.99,GBP
GRAB,2023-12-07,3.11,USD
IDTG.L,2023-12-07,3.3185,GBP
IE0008368742,2023-12-07,151.14,USD
IE00B0M63516,2023-12-07,26.24,USD
IGLS.L,2023-12-07,127.07,GBP
IGWD.L,2023-12-07,8001,GBp
INXG.L,2023-12-07,13.285,GBP
ISPE.L,2023-12-07,5.087,GBP
IUAG.L,2023-12-07,92.14,USD
IWDG.L,2023-12-07,772.75,GBp
JFM0003373,2023-12-07,133.9,USD
KNSL,2023-12-07,328.95,USD
LU0164881194,2023-12-07,272.12,USD
LU0196696453,2023-12-07,16.92,USD
MU0129U00005,2023-12-07,332.67,USD
QQQ,2023-12-07,390.43,USD
SGLN.L,2023-12-07,3139,GBp
0639.HK,2023-12-08,2.79,HKD
0P00000YAN,2023-12-08,134.55,USD
BCHS.L,2023-12-08,6289,GBp
BKCH,2023-12-08,7.6165,USD
CNX1.L,2023-12-08,72882.5,GBp
DPYG.L,2023-12-08,4.4785,GBP
EWQX.L,2023-12-08,420.8,GBp
FLOS.L,2023-12-08,473.025,GBp
GB00B1FXTF86,2023-12-08,8.55,GBP
GHYS.L,2023-12-08,86.05,GBP
GRAB,2023-12-08,3.15,USD
IDTG.L,2023-12-08,3.26575,GBP
IE0008368742,2023-12-08,151.02,USD
IE00B0M63516,2023-12-08,26.29,USD
IGLS.L,2023-12-08,126.97,GBP
IGWD.L,2023-12-08,8025,GBp
INXG.L,2023-12-08,13.216,GBP
ISPE.L,2023-12-08,5.1015,GBP
IUAG.L,2023-12-08,91.7,USD
IWDG.L,2023-12-08,775,GBp
JFM0003373,2023-12-08,134.55,USD
KNSL,2023-12-08,330.73,USD
LU0164881194,2023-12-08,270.93,USD
LU0196696453,2023-12-08,17.01,USD
MU0129U00005,2023-12-08,333.15,USD
QQQ,2023-12-08,392.17,USD
SGLN.L,2023-12-08,3111,GBp
0639.HK,2023-12-11,2.8,HKD
0P00000YAN,2023-12-11,133.23,USD
BCHS.L,2023-12-11,6056.5,GBp
BKCH,2023-12-11,6.952,USD
CNX1.L,2023-12-11,73277.5,GBp
DPYG.L,2023-12-11,4.4725,GBP
EWQX.L,2023-12-11,428.125,GBp
FLOS.L,2023-12-11,472.95,GBp
GB00B1FXTF86,2023-12-11,8.59,GBP
GHYS.L,2023-12-11,85.98,GBP
GRAB,2023-12-11,3.08,USD
IDTG.L,2023-12-11,3.265,GBP
IE0008368742,2023-12-11,150.81,USD
IE00B0M63516,2023-12-11,26.34,USD
IGLS.L,2023-12-11,126.805,GBP
IGWD.L,2023-12-11,8062,GBp
INXG.L,2023-12-11,13.056,GBP
ISPE.L,2023-12-11,5.15,GBP
IUAG.L,2023-12-11,91.5,USD
IWDG.L,2023-12-11,779.25,GBp
JFM0003373,2023-12-11,133.23,USD
KNSL,2023-12-11,333.27,USD
LU0164881194,2023-12-11,271.91,USD
LU0196696453,2023-12-11,16.95,USD
MU0129U00005,2023-12-11,333.80,USD
QQQ,2023-12-11,395.52,USD
SGLN.L,2023-12-11,3072,GBp
0639.HK,2023-12-12,2.8,HKD
0P00000YAN,2023-12-12,133.51,USD
BCHS.L,2023-12-12,6034.5,GBp
BKCH,2023-12-12,6.919,USD
CNX1.L,2023-12-12,73877.5,GBp
DPYG.L,2023-12-12,4.514,GBP
EWQX.L,2023-12-12,429.775,GBp
FLOS.L,2023-12-12,473.325,GBp
GB00B1FXTF86,2023-12-12,8.54,GBP
GHYS.L,2023-12-12,85.85,GBP
GRAB,2023-12-12,3.07,USD
IDTG.L,2023-12-12,3.275,GBP
IE0008368742,2023-12-12,152.06,USD
IE00B0M63516,2023-12-12,26.13,USD
IGLS.L,2023-12-12,127.12,GBP
IGWD.L,2023-12-12,8078,GBp
INXG.L,2023-12-12,13.228,GBP
ISPE.L,2023-12-12,5.16,GBP
IUAG.L,2023-12-12,91.78,USD
IWDG.L,2023-12-12,780.75,GBp
JFM0003373,2023-12-12,133.51,USD
KNSL,2023-12-12,339.38,USD
LU0164881194,2023-12-12,270.35,USD
LU0196696453,2023-12-12,16.83,USD
MU0129U00005,2023-12-12,333.50,USD
QQQ,2023-12-12,398.67,USD
SGLN.L,2023-12-12,3070,GBp
0639.HK,2023-12-13,2.68,HKD
0P00000YAN,2023-12-13,132.61,USD
BCHS.L,2023-12-13,6140,GBp
BKCH,2023-12-13,7.166,USD
CNX1.L,2023-12-13,74526,GBp
DPYG.L,2023-12-13,4.547,GBP
EWQX.L,2023-12-13,433,GBp
FLOS.L,2023-12-13,473.7,GBp
GB00B1FXTF86,2023-12-13,8.61,GBP
GHYS.L,2023-12-13,86.58,GBP
GRAB,2023-12-13,3.14,USD
IDTG.L,2023-12-13,3.311,GBP
IE0008368742,2023-12-13,149.93,USD
IE00B0M63516,2023-12-13,26.09,USD
IGLS.L,2023-12-13,127.49,GBP
IGWD.L,2023-12-13,8108,GBp
INXG.L,2023-12-13,13.456,GBP
ISPE.L,2023-12-13,5.181,GBP
IUAG.L,2023-12-13,92.13,USD
IWDG.L,2023-12-13,784.125,GBp
JFM0003373,2023-12-13,132.61,USD
KNSL,2023-12-13,348.58,USD
LU0164881194,2023-12-13,270.92,USD
LU0196696453,2023-12-13,16.87,USD
MU0129U00005,2023-12-13,333.37,USD
QQQ,2023-12-13,403.74,USD
SGLN.L,2023-12-13,3078,GBp
0639.HK,2023-12-14,2.67,HKD
0P00000YAN,2023-12-14,135.99,USD
BCHS.L,2023-12-14,6338.5,GBp
BKCH,2023-12-14,7.848,USD
CNX1.L,2023-12-14,73829,GBp
DPYG.L,2023-12-14,4.77275,GBP
EWQX.L,2023-12-14,435.325,GBp
FLOS.L,2023-12-14,473.6,GBp
GB00B1FXTF86,2023-12-14,8.59,GBP
GHYS.L,2023-12-14,87.485,GBP
GRAB,2023-12-14,3.14,USD
IDTG.L,2023-12-14,3.3635,GBP
IE0008368742,2023-12-14,151.47,USD
IE00B0M63516,2023-12-14,26.99,USD
IGLS.L,2023-12-14,127.77,GBP
IGWD.L,2023-12-14,8212,GBp
INXG.L,2023-12-14,13.57,GBP
ISPE.L,2023-12-14,5.35,GBP
IUAG.L,2023-12-14,93.87,USD
IWDG.L,2023-12-14,794.25,GBp
JFM0003373,2023-12-14,135.99,USD
KNSL,2023-12-14,331.24,USD
LU0164881194,2023-12-14,275.01,USD
LU0196696453,2023-12-14,17.67,USD
MU0129U00005,2023-12-14,337.88,USD
QQQ,2023-12-14,403.39,USD
SGLN.L,2023-12-14,3107,GBp
0639.HK,2023-12-15,2.74,HKD
0P00000YAN,2023-12-15,136.29,USD
BCHS.L,2023-12-15,6378,GBp
BKCH,2023-12-15,7.916,USD
CNX1.L,2023-12-15,74735.5,GBp
DPYG.L,2023-12-15,4.73325,GBP
EWQX.L,2023-12-15,438.85,GBp
FLOS.L,2023-12-15,473.95,GBp
GB00B1FXTF86,2023-12-15,8.58,GBP
GHYS.L,2023-12-15,87.6,GBP
GRAB,2023-12-15,3.15,USD
IDTG.L,2023-12-15,3.384,GBP
IE0008368742,2023-12-15,154.09,USD
IE00B0M63516,2023-12-15,26.74,USD
IGLS.L,2023-12-15,127.99,GBP
IGWD.L,2023-12-15,8222,GBp
INXG.L,2023-12-15,13.798,GBP
ISPE.L,2023-12-15,5.324,GBP
IUAG.L,2023-12-15,93.8,USD
IWDG.L,2023-12-15,794.75,GBp
JFM0003373,2023-12-15,136.29,USD
KNSL,2023-12-15,337.03,USD
LU0164881194,2023-12-15,278.18,USD
LU0196696453,2023-12-15,17.48,USD
MU0129U00005,2023-12-15,342.14,USD
QQQ,2023-12-15,405.34,USD
SGLN.L,2023-12-15,3120,GBp
0639.HK,2023-12-18,2.77,HKD
0P00000YAN,2023-12-18,136.09,USD
BCHS.L,2023-12-18,6343.5,GBp
BKCH,2023-12-18,8.028,USD
CNX1.L,2023-12-18,75164.5,GBp
DPYG.L,2023-12-18,4.712,GBP
EWQX.L,2023-12-18,439.15,GBp
FLOS.L,2023-12-18,473.75,GBp
GB00B1FXTF86,2023-12-18,8.63,GBP
GHYS.L,2023-12-18,87.39,GBP
GRAB,2023-12-18,3.16,USD
IDTG.L,2023-12-18,3.355,GBP
IE0008368742,2023-12-18,152.26,USD
IE00B0M63516,2023-12-18,26.81,USD
IGLS.L,2023-12-18,127.88,GBP
IGWD.L,2023-12-18,8235,GBp
INXG.L,2023-12-18,13.822,GBP
ISPE.L,2023-12-18,5.329,GBP
IUAG.L,2023-12-18,93.565,USD
IWDG.L,2023-12-18,796.125,GBp
JFM0003373,2023-12-18,136.09,USD
KNSL,2023-12-18,339.02,USD
LU0164881194,2023-12-18,277.58,USD
LU0196696453,2023-12-18,17.53,USD
MU0129U00005,2023-12-18,340.63,USD
QQQ,2023-12-18,407.08,USD
SGLN.L,2023-12-18,3110,GBp
0639.HK,2023-12-19,2.75,HKD
0P00000YAN,2023-12-19,136.79,USD
BCHS.L,2023-12-19,6445.5,GBp
BKCH,2023-12-19,8.6635,USD
CNX1.L,2023-12-19,74986.5,GBp
DPYG.L,2023-12-19,4.739,GBP
EWQX.L,2023-12-19,438.575,GBp
FLOS.L,2023-12-19,473.7,GBp
GB00B1FXTF86,2023-12-19,8.58,GBP
GHYS.L,2023-12-19,87.53,GBP
GRAB,2023-12-19,3.25,USD
IDTG.L,2023-12-19,3.381,GBP
IE0008368742,2023-12-19,151.13,USD
IE00B0M63516,2023-12-19,27.36,USD
IGLS.L,2023-12-19,128.065,GBP
IGWD.L,2023-12-19,8277,GBp
INXG.L,2023-12-19,13.931,GBP
ISPE.L,2023-12-19,5.346,GBP
IUAG.L,2023-12-19,93.68,USD
IWDG.L,2023-12-19,800.25,GBp
JFM0003373,2023-12-19,136.79,USD
KNSL,2023-12-19,338.85,USD
LU0164881194,2023-12-19,277.18,USD
LU0196696453,2023-12-19,17.94,USD
MU0129U00005,2023-12-19,339.78,USD
QQQ,2023-12-19,409.16,USD
SGLN.L,2023-12-19,3122,GBp
0639.HK,2023-12-20,2.75,HKD
0P00000YAN,2023-12-20,136.78,USD
BCHS.L,2023-12-20,6561.5,GBp
BKCH,2023-12-20,8.898,USD
CNX1.L,2023-12-20,75665.5,GBp
DPYG.L,2023-12-20,4.7635,GBP
EWQX.L,2023-12-20,442.1,GBp
FLOS.L,2023-12-20,473.675,GBp
GB00B1FXTF86,2023-12-20,8.42,GBP
GHYS.L,2023-12-20,87.845,GBP
GRAB,2023-12-20,3.17,USD
IDTG.L,2023-12-20,3.369,GBP
IE0008368742,2023-12-20,151.75,USD
IE00B0M63516,2023-12-20,27.37,USD
IGLS.L,2023-12-20,128.52,GBP
IGWD.L,2023-12-20,8302,GBp
INXG.L,2023-12-20,14.069,GBP
ISPE.L,2023-12-20,5.359,GBP
IUAG.L,2023-12-20,93.68,USD
IWDG.L,2023-12-20,802.125,GBp
JFM0003373,2023-12-20,136.78,USD
KNSL,2023-12-20,336.13,USD
LU0164881194,2023-12-20,272.49,USD
LU0196696453,2023-12-20,17.79,USD
MU0129U00005,2023-12-20,335.38,USD
QQQ,2023-12-20,403.08,USD
SGLN.L,2023-12-20,3122,GBp
0639.HK,2023-12-21,2.76,HKD
0P00000YAN,2023-12-21,137.1,USD
BCHS.L,2023-12-21,6498.5,GBp
BKCH,2023-12-21,8.9245,USD
CNX1.L,2023-12-21,75131.5,GBp
DPYG.L,2023-12-21,4.708,GBP
EWQX.L,2023-12-21,439.8,GBp
FLOS.L,2023-12-21,474.3,GBp
GB00B1FXTF86,2023-12-21,8.55,GBP
GHYS.L,2023-12-21,88.05,GBP
GRAB,2023-12-21,3.26,USD
IDTG.L,2023-12-21,3.391,GBP
IE0008368742,2023-12-21,152.29,USD
IE00B0M63516,2023-12-21,27.43,USD
IGLS.L,2023-12-21,128.77,GBP
IGWD.L,2023-12-21,8244.5,GBp
INXG.L,2023-12-21,14.018,GBP
ISPE.L,2023-12-21,5.32,GBP
IUAG.L,2023-12-21,94.07,USD
IWDG.L,2023-12-21,796.25,GBp
JFM0003373,2023-12-21,137.1,USD
KNSL,2023-12-21,337.51,USD
LU0164881194,2023-12-21,273.97,USD
LU0196696453,2023-12-21,17.85,USD
MU0129U00005,2023-12-21,337.06,USD
QQQ,2023-12-21,407.77,USD
SGLN.L,2023-12-21,3139,GBp
0639.HK,2023-12-22,2.8,HKD
0P00000YAN,2023-12-22,138.22,USD
BCHS.L,2023-12-22,6608,GBp
BKCH,2023-12-22,9.3175,USD
CNX1.L,2023-12-22,75000,GBp
DPYG.L,2023-12-22,4.73025,GBP
EWQX.L,2023-12-22,439.6,GBp
FLOS.L,2023-12-22,474.65,GBp
GB00B1FXTF86,2023-12-22,8.54,GBP
GHYS.L,2023-12-22,88.085,GBP
GRAB,2023-12-22,3.22,USD
IDTG.L,2023-12-22,3.402,GBP
IE0008368742,2023-12-22,149.53,USD
IE00B0M63516,2023-12-22,27.41,USD
IGLS.L,2023-12-22,128.87,GBP
IGWD.L,2023-12-22,8263,GBp
INXG.L,2023-12-22,14.02,GBP
ISPE.L,2023-12-22,5.342,GBP
IUAG.L,2023-12-22,94.03,USD
IWDG.L,2023-12-22,798.75,GBp
JFM0003373,2023-12-22,138.22,USD
KNSL,2023-12-22,332.78,USD
LU0164881194,2023-12-22,277.11,USD
MU0129U00005,2023-12-22,339.81,USD
QQQ,2023-12-22,408.38,USD
SGLN.L,2023-12-22,3155,GBp
GRAB,2023-12-26,3.26,USD
KNSL,2023-12-26,334.36,USD
QQQ,2023-12-26,410.88,USD
0639.HK,2023-12-27,2.83,HKD
0P00000YAN,2023-12-27,139.4,USD
BCHS.L,2023-12-27,6995.5,GBp
BKCH,2023-12-27,10.632,USD
CNX1.L,2023-12-27,75137.5,GBp
DPYG.L,2023-12-27,4.7825,GBP
EWQX.L,2023-12-27,441.45,GBp
FLOS.L,2023-12-27,475.1,GBp
GB00B1FXTF86,2023-12-27,8.59,GBP
GHYS.L,2023-12-27,88.235,GBP
GRAB,2023-12-27,3.27,USD
IDTG.L,2023-12-27,3.413,GBP
IE00B0M63516,2023-12-27,28.01,USD
IGLS.L,2023-12-27,128.985,GBP
IGWD.L,2023-12-27,8307,GBp
INXG.L,2023-12-27,14.088,GBP
ISPE.L,2023-12-27,5.379,GBP
IUAG.L,2023-12-27,94.34,USD
IWDG.L,2023-12-27,803,GBp
JFM0003373,2023-12-27,139.4,USD
KNSL,2023-12-27,334.52,USD
LU0164881194,2023-12-27,279.62,USD
LU0196696453,2023-12-27,18.30,USD
MU0129U00005,2023-12-27,342.57,USD
QQQ,2023-12-27,411.5,USD
SGLN.L,2023-12-27,3163,GBp
0639.HK,2023-12-28,2.86,HKD
0P00000YAN,2023-12-28,141.12,USD
BCHS.L,2023-12-28,6966,GBp
BKCH,2023-12-28,10.19,USD
CNX1.L,2023-12-28,75692,GBp
DPYG.L,2023-12-28,4.79275,GBP
EWQX.L,2023-12-28,444.925,GBp
FLOS.L,2023-12-28,475.2,GBp
GB00B1FXTF86,2023-12-28,8.61,GBP
GHYS.L,2023-12-28,88.31,GBP
GRAB,2023-12-28,3.25,USD
IDTG.L,2023-12-28,3.41575,GBP
IE0008368742,2023-12-28,156.01,USD
IE00B0M63516,2023-12-28,27.95,USD
IGLS.L,2023-12-28,128.995,GBP
IGWD.L,2023-12-28,8322,GBp
INXG.L,2023-12-28,13.938,GBP
ISPE.L,2023-12-28,5.397,GBP
IUAG.L,2023-12-28,94.36,USD
IWDG.L,2023-12-28,804.75,GBp
JFM0003373,2023-12-28,141.12,USD
KNSL,2023-12-28,335.24,USD
LU0164881194,2023-12-28,280.92,USD
LU0196696453,2023-12-28,18.30,USD
MU0129U00005,2023-12-28,344.49,USD
QQQ,2023-12-28,411.3,USD
SGLN.L,2023-12-28,3170,GBp
0639.HK,2023-12-29,2.88,HKD
0P00000YAN,2023-12-29,141.49,USD
BCHS.L,2023-12-29,7128,GBp
BKCH,2023-12-29,10.543,USD
CNX1.L,2023-12-29,75599.5,GBp
DPYG.L,2023-12-29,4.81625,GBP
EWQX.L,2023-12-29,444.45,GBp
FLOS.L,2023-12-29,475.1,GBp
GB00B1FXTF86,2023-12-29,8.66,GBP
GHYS.L,2023-12-29,88.235,GBP
GRAB,2023-12-29,3.37,USD
IDTG.L,2023-12-29,3.3815,GBP
IE0008368742,2023-12-29,156.75,USD
IE00B0M63516,2023-12-29,27.82,USD
IGLS.L,2023-12-29,129.01,GBP
IGWD.L,2023-12-29,8327,GBp
INXG.L,2023-12-29,13.884,GBP
ISPE.L,2023-12-29,5.404,GBP
IUAG.L,2023-12-29,94.15,USD
IWDG.L,2023-12-29,805.5,GBp
JFM0003373,2023-12-29,141.49,USD
KNSL,2023-12-29,334.91,USD
LU0164881194,2023-12-29,279.94,USD
MU0129U00005,2023-12-29,343.90,USD
QQQ,2023-12-29,409.52,USD
SGLN.L,2023-12-29,3156,GBp
0639.HK,2024-01-02,3,HKD
0P00000YAN,2024-01-02,141.07,USD
BCHS.L,2024-01-02,6736.5,GBp
BKCH,2024-01-02,9.117,USD
CNX1.L,2024-01-02,74859,GBp
DPYG.L,2024-01-02,4.78475,GBP
EWQX.L,2024-01-02,442.975,GBp
FLOS.L,2024-01-02,475.25,GBp
GB00B1FXTF86,2024-01-02,8.70,GBP
GHYS.L,2024-01-02,87.795,GBP
GRAB,2024-01-02,3.3,USD
IDTG.L,2024-01-02,3.35975,GBP
IE0008368742,2024-01-02,154.01,USD
IE00B0M63516,2024-01-02,27.47,USD
IGLS.L,2024-01-02,128.73,GBP
IGWD.L,2024-01-02,8259.5,GBp
INXG.L,2024-01-02,13.632,GBP
ISPE.L,2024-01-02,5.3735,GBP
IUAG.L,2024-01-02,93.855,USD
IWDG.L,2024-01-02,798.5,GBp
JFM0003373,2024-01-02,141.07,USD
KNSL,2024-01-02,346.5,USD
LU0164881194,2024-01-02,278.80,USD
LU0196696453,2024-01-02,17.81,USD
MU0129U00005,2024-01-02,339.89,USD
QQQ,2024-01-02,402.59,USD
SGLN.L,2024-01-02,3184,GBp
0639.HK,2024-01-03,3.1,HKD
0P00000YAN,2024-01-03,139.74,USD
BCHS.L,2024-01-03,6550.5,GBp
BKCH,2024-01-03,8.7195,USD
CNX1.L,2024-01-03,73981.5,GBp
DPYG.L,2024-01-03,4.72275,GBP
EWQX.L,2024-01-03,436.25,GBp
FLOS.L,2024-01-03,475.3,GBp
GB00B1FXTF86,2024-01-03,8.68,GBP
GHYS.L,2024-01-03,87.53,GBP
GRAB,2024-01-03,3.285,USD
IDTG.L,2024-01-03,3.339,GBP
IE0008368742,2024-01-03,152.30,USD
IE00B0M63516,2024-01-03,27.26,USD
IGLS.L,2024-01-03,128.66,GBP
IGWD.L,2024-01-03,8201,GBp
INXG.L,2024-01-03,13.573,GBP
ISPE.L,2024-01-03,5.314,GBP
IUAG.L,2024-01-03,93.45,USD
IWDG.L,2024-01-03,793.375,GBp
JFM0003373,2024-01-03,139.74,USD
KNSL,2024-01-03,349.19,USD
LU0164881194,2024-01-03,277.83,USD
LU0196696453,2024-01-03,17.76,USD
MU0129U00005,2024-01-03,337.93,USD
QQQ,2024-01-03,398.33,USD
SGLN.L,2024-01-03,3129,GBp
0639.HK,2024-01-04,3.04,HKD
0P00000YAN,2024-01-04,140.05,USD
BCHS.L,2024-01-04,6583.5,GBp
BKCH,2024-01-04,8.9295,USD
BN4MYX3,2024-01-04,218.95,GBX
CNX1.L,2024-01-04,73612,GBp
DPYG.L,2024-01-04,4.719,GBP
EWQX.L,2024-01-04,433.95,GBp
FLOS.L,2024-01-04,475.75,GBp
GB00B1FXTF86,2024-01-04,8.72,GBP
GHYS.L,2024-01-04,87.34,GBP
GRAB,2024-01-04,3.25,USD
IDTG.L,2024-01-04,3.3285,GBP
IE0008368742,2024-01-04,151.92,USD
IE00B0M63516,2024-01-04,27.14,USD
IGLS.L,2024-01-04,128.42,GBP
IGWD.L,2024-01-04,8228,GBp
INXG.L,2024-01-04,13.446,GBP
ISPE.L,2024-01-04,5.321,GBP
IUAG.L,2024-01-04,93.33,USD
IWDG.L,2024-01-04,796.75,GBp
JFM0003373,2024-01-04,140.05,USD
KNSL,2024-01-04,358.35,USD
LU0164881194,2024-01-04,280.86,USD
LU0196696453,2024-01-04,17.63,USD
MU0129U00005,2024-01-04,340.09,USD
QQQ,2024-01-04,396.28,USD
SGLN.L,2024-01-04,3133,GBp
0639.HK,2024-01-05,3.02,HKD
0P00000YAN,2024-01-05,140.01,USD
BCHS.L,2024-01-05,6399,GBp
BKCH,2024-01-05,8.4,USD
BN4MYX3,2024-01-05,210.15,GBX
CNX1.L,2024-01-05,73185,GBp
DPYG.L,2024-01-05,4.714,GBP
EWQX.L,2024-01-05,431.825,GBp
FLOS.L,2024-01-05,476,GBp
GB00B1FXTF86,2024-01-05,8.76,GBP
GHYS.L,2024-01-05,87.34,GBP
GRAB,2024-01-05,3.27,USD
IDTG.L,2024-01-05,3.3185,GBP
IE0008368742,2024-01-05,150.83,USD
IE00B0M63516,2024-01-05,27.36,USD
IGLS.L,2024-01-05,128.26,GBP
IGWD.L,2024-01-05,8214,GBp
INXG.L,2024-01-05,13.408,GBP
ISPE.L,2024-01-05,5.317,GBP
IUAG.L,2024-01-05,93.4,USD
IWDG.L,2024-01-05,795.25,GBp
JFM0003373,2024-01-05,140.01,USD
KNSL,2024-01-05,358.57,USD
LU0164881194,2024-01-05,282.24,USD
LU0196696453,2024-01-05,17.84,USD
MU0129U00005,2024-01-05,342.07,USD
QQQ,2024-01-05,396.75,USD
SGLN.L,2024-01-05,3134,GBp
0639.HK,2024-01-08,2.97,HKD
0P00000YAN,2024-01-08,139.42,USD
BCHS.L,2024-01-08,6381,GBp
BKCH,2024-01-08,8.478,USD
BN4MYX3,2024-01-08,211.1,GBX
CNX1.L,2024-01-08,73724,GBp
DPYG.L,2024-01-08,4.74575,GBP
EWQX.L,2024-01-08,434.325,GBp
FLOS.L,2024-01-08,475.9,GBp
GB00B1FXTF86,2024-01-08,8.63,GBP
GHYS.L,2024-01-08,87.485,GBP
GRAB,2024-01-08,3.36,USD
IDTG.L,2024-01-08,3.319,GBP
IE0008368742,2024-01-08,147.45,USD
IE00B0M63516,2024-01-08,27.36,USD
IGLS.L,2024-01-08,128.32,GBP
IGWD.L,2024-01-08,8236,GBp
INXG.L,2024-01-08,13.336,GBP
ISPE.L,2024-01-08,5.3245,GBP
IUAG.L,2024-01-08,93.63,USD
IWDG.L,2024-01-08,797,GBp
JFM0003373,2024-01-08,139.42,USD
KNSL,2024-01-08,360.96,USD
LU0164881194,2024-01-08,280.03,USD
LU0196696453,2024-01-08,17.84,USD
MU0129U00005,2024-01-08,339.16,USD
QQQ,2024-01-08,404.95,USD
SGLN.L,2024-01-08,3102.5,GBp
0639.HK,2024-01-09,2.97,HKD
0P00000YAN,2024-01-09,139.76,USD
BCHS.L,2024-01-09,6530.5,GBp
BKCH,2024-01-09,8.847,USD
BN4MYX3,2024-01-09,219.4,GBX
CNX1.L,2024-01-09,74556.5,GBp
DPYG.L,2024-01-09,4.726,GBP
EWQX.L,2024-01-09,438.725,GBp
FLOS.L,2024-01-09,475.825,GBp
GB00B1FXTF86,2024-01-09,8.64,GBP
GHYS.L,2024-01-09,87.545,GBP
GRAB,2024-01-09,3.33,USD
IDTG.L,2024-01-09,3.3005,GBP
IE0008368742,2024-01-09,147.58,USD
IE00B0M63516,2024-01-09,27.13,USD
IGLS.L,2024-01-09,128.295,GBP
IGWD.L,2024-01-09,8270.5,GBp
INXG.L,2024-01-09,13.272,GBP
ISPE.L,2024-01-09,5.344,GBP
IUAG.L,2024-01-09,93.3,USD
IWDG.L,2024-01-09,799.75,GBp
JFM0003373,2024-01-09,139.76,USD
KNSL,2024-01-09,362.22,USD
LU0164881194,2024-01-09,279.80,USD
LU0196696453,2024-01-09,17.67,USD
MU0129U00005,2024-01-09,338.72,USD
QQQ,2024-01-09,405.75,USD
SGLN.L,2024-01-09,3107,GBp
0639.HK,2024-01-10,3.02,HKD
0P00000YAN,2024-01-10,139.06,USD
BCHS.L,2024-01-10,6470,GBp
BKCH,2024-01-10,8.7715,USD
BN4MYX3,2024-01-10,216.775,GBX
CNX1.L,2024-01-10,74850.5,GBp
DPYG.L,2024-01-10,4.75175,GBP
EWQX.L,2024-01-10,438.375,GBp
FLOS.L,2024-01-10,475.85,GBp
GB00B1FXTF86,2024-01-10,8.63,GBP
GHYS.L,2024-01-10,87.85,GBP
GRAB,2024-01-10,3.32,USD
IDTG.L,2024-01-10,3.29425,GBP
IE0008368742,2024-01-10,147.19,USD
IE00B0M63516,2024-01-10,26.93,USD
IGLS.L,2024-01-10,128.34,GBP
IGWD.L,2024-01-10,8302,GBp
INXG.L,2024-01-10,13.242,GBP
ISPE.L,2024-01-10,5.3295,GBP
IUAG.L,2024-01-10,93.41,USD
IWDG.L,2024-01-10,803,GBp
JFM0003373,2024-01-10,139.06,USD
KNSL,2024-01-10,371.74,USD
LU0164881194,2024-01-10,282.28,USD
LU0196696453,2024-01-10,17.60,USD
MU0129U00005,2024-01-10,339.76,USD
QQQ,2024-01-10,408.5,USD
SGLN.L,2024-01-10,3096,GBp
0639.HK,2024-01-11,2.97,HKD
0P00000YAN,2024-01-11,139.29,USD
BCHS.L,2024-01-11,6228.5,GBp
BKCH,2024-01-11,7.92,USD
BN4MYX3,2024-01-11,200.97,GBX
CNX1.L,2024-01-11,74693,GBp
DPYG.L,2024-01-11,4.713,GBP
EWQX.L,2024-01-11,436.825,GBp
FLOS.L,2024-01-11,476.125,GBp
GB00B1FXTF86,2024-01-11,8.62,GBP
GHYS.L,2024-01-11,87.605,GBP
GRAB,2024-01-11,3.25,USD
IDTG.L,2024-01-11,3.2725,GBP
IE0008368742,2024-01-11,148.04,USD
IE00B0M63516,2024-01-11,26.87,USD
IGLS.L,2024-01-11,125.98,GBP
IGWD.L,2024-01-11,8266,GBp
INXG.L,2024-01-11,13.175,GBP
ISPE.L,2024-01-11,5.2955,GBP
IUAG.L,2024-01-11,93.48,USD
IWDG.L,2024-01-11,797.75,GBp
JFM0003373,2024-01-11,139.29,USD
KNSL,2024-01-11,375.16,USD
LU0164881194,2024-01-11,283.34,USD
LU0196696453,2024-01-11,17.59,USD
MU0129U00005,2024-01-11,340.95,USD
QQQ,2024-01-11,409.35,USD
SGLN.L,2024-01-11,3087,GBp
0639.HK,2024-01-12,3.02,HKD
0P00000YAN,2024-01-12,139.66,USD
BCHS.L,2024-01-12,6082,GBp
BKCH,2024-01-12,7.4205,USD
BN4MYX3,2024-01-12,192.73,GBX
CNX1.L,2024-01-12,75180,GBp
DPYG.L,2024-01-12,4.74025,GBP
EWQX.L,2024-01-12,438.975,GBp
FLOS.L,2024-01-12,476.35,GBp
GB00B1FXTF86,2024-01-12,8.70,GBP
GHYS.L,2024-01-12,88.095,GBP
GRAB,2024-01-12,3.21,USD
IDTG.L,2024-01-12,3.3035,GBP
IE0008368742,2024-01-12,147.75,USD
IE00B0M63516,2024-01-12,27.21,USD
IGLS.L,2024-01-12,126.3,GBP
IGWD.L,2024-01-12,8328,GBp
INXG.L,2024-01-12,13.274,GBP
ISPE.L,2024-01-12,5.3195,GBP
IUAG.L,2024-01-12,93.98,USD
IWDG.L,2024-01-12,803,GBp
JFM0003373,2024-01-12,139.66,USD
KNSL,2024-01-12,382.76,USD
LU0164881194,2024-01-12,286.36,USD
LU0196696453,2024-01-12,17.80,USD
MU0129U00005,2024-01-12,344.51,USD
QQQ,2024-01-12,409.56,USD
SGLN.L,2024-01-12,3131,GBp
0639.HK,2024-01-15,3.16,HKD
BCHS.L,2024-01-15,5971,GBp
BKCH,2024-01-15,7,USD
BN4MYX3,2024-01-15,184.81,GBX
CNX1.L,2024-01-15,75356,GBp
DPYG.L,2024-01-15,4.7425,GBP
EWQX.L,2024-01-15,439.55,GBp
FLOS.L,2024-01-15,476.3,GBp
GB00B1FXTF86,2024-01-15,8.77,GBP
GHYS.L,2024-01-15,87.94,GBP
IDTG.L,2024-01-15,3.28625,GBP
IE0008368742,2024-01-15,146.88,USD
IE00B0M63516,2024-01-15,27.15,USD
IGLS.L,2024-01-15,126.265,GBP
IGWD.L,2024-01-15,8331,GBp
INXG.L,2024-01-15,13.125,GBP
ISPE.L,2024-01-15,5.313,GBP
IUAG.L,2024-01-15,93.84,USD
IWDG.L,2024-01-15,803,GBp
LU0164881194,2024-01-15,288.33,USD
LU0196696453,2024-01-15,17.68,USD
MU0129U00005,2024-01-15,347.67,USD
SGLN.L,2024-01-15,3137,GBp
0639.HK,2024-01-16,3.16,HKD
0P00000YAN,2024-01-16,138.2,USD
BCHS.L,2024-01-16,6014,GBp
BKCH,2024-01-16,6.98,USD
BN4MYX3,2024-01-16,186.33,GBX
CNX1.L,2024-01-16,75842,GBp
DPYG.L,2024-01-16,4.7195,GBP
EWQX.L,2024-01-16,441.075,GBp
FLOS.L,2024-01-16,476.35,GBp
GB00B1FXTF86,2024-01-16,8.73,GBP
GHYS.L,2024-01-16,87.73,GBP
GRAB,2024-01-16,3.09,USD
IDTG.L,2024-01-16,3.252,GBP
IE0008368742,2024-01-16,144.40,USD
IE00B0M63516,2024-01-16,26.66,USD
IGLS.L,2024-01-16,126.27,GBP
IGWD.L,2024-01-16,8315,GBp
INXG.L,2024-01-16,13.077,GBP
ISPE.L,2024-01-16,5.2905,GBP
IUAG.L,2024-01-16,93.51,USD
IWDG.L,2024-01-16,802.25,GBp
JFM0003373,2024-01-16,138.2,USD
KNSL,2024-01-16,388.44,USD
LU0164881194,2024-01-16,286.42,USD
LU0196696453,2024-01-16,17.41,USD
MU0129U00005,2024-01-16,345.25,USD
QQQ,2024-01-16,409.52,USD
SGLN.L,2024-01-16,3125,GBp
0639.HK,2024-01-17,3.02,HKD
0P00000YAN,2024-01-17,136.45,USD
BCHS.L,2024-01-17,5833,GBp
BKCH,2024-01-17,6.6095,USD
BN4MYX3,2024-01-17,178.95,GBX
CNX1.L,2024-01-17,75060.5,GBp
DPYG.L,2024-01-17,4.621,GBP
EWQX.L,2024-01-17,436.825,GBp
FLOS.L,2024-01-17,476.4,GBp
GB00B1FXTF86,2024-01-17,8.55,GBP
GHYS.L,2024-01-17,87.385,GBP
GRAB,2024-01-17,2.92,USD
IDTG.L,2024-01-17,3.2335,GBP
IE0008368742,2024-01-17,139.76,USD
IE00B0M63516,2024-01-17,26.44,USD
IGLS.L,2024-01-17,125.72,GBP
IGWD.L,2024-01-17,8244,GBp
INXG.L,2024-01-17,12.816,GBP
ISPE.L,2024-01-17,5.2505,GBP
IUAG.L,2024-01-17,93.08,USD
IWDG.L,2024-01-17,794.875,GBp
JFM0003373,2024-01-17,136.45,USD
KNSL,2024-01-17,392.73,USD
LU0164881194,2024-01-17,280.89,USD
LU0196696453,2024-01-17,17.16,USD
MU0129U00005,2024-01-17,338.69,USD
QQQ,2024-01-17,407.21,USD
SGLN.L,2024-01-17,3088,GBp
0639.HK,2024-01-18,3.04,HKD
0P00000YAN,2024-01-18,136.01,USD
BCHS.L,2024-01-18,5893,GBp
BKCH,2024-01-18,6.601,USD
BN4MYX3,2024-01-18,180.52,GBX
CNX1.L,2024-01-18,76222,GBp
DPYG.L,2024-01-18,4.582,GBP
EWQX.L,2024-01-18,440.875,GBp
FLOS.L,2024-01-18,476.65,GBp
GB00B1FXTF86,2024-01-18,8.53,GBP
GHYS.L,2024-01-18,87.485,GBP
GRAB,2024-01-18,3,USD
IDTG.L,2024-01-18,3.2105,GBP
IE0008368742,2024-01-18,140.55,USD
IE00B0M63516,2024-01-18,26.18,USD
IGLS.L,2024-01-18,125.9,GBP
IGWD.L,2024-01-18,8295,GBp
INXG.L,2024-01-18,12.899,GBP
ISPE.L,2024-01-18,5.239,GBP
IUAG.L,2024-01-18,93.03,USD
IWDG.L,2024-01-18,799.75,GBp
JFM0003373,2024-01-18,136.01,USD
KNSL,2024-01-18,397.43,USD
LU0164881194,2024-01-18,280.78,USD
LU0196696453,2024-01-18,16.95,USD
MU0129U00005,2024-01-18,337.67,USD
QQQ,2024-01-18,412.99,USD
SGLN.L,2024-01-18,3093,GBp
0639.HK,2024-01-19,2.98,HKD
0P00000YAN,2024-01-19,136.63,USD
BCHS.L,2024-01-19,5723,GBp
BKCH,2024-01-19,5.94,USD
BN4MYX3,2024-01-19,170.6,GBX
CNX1.L,2024-01-19,76981,GBp
DPYG.L,2024-01-19,4.60125,GBP
EWQX.L,2024-01-19,445.525,GBp
FLOS.L,2024-01-19,476.8,GBp
GB00B1FXTF86,2024-01-19,8.60,GBP
GHYS.L,2024-01-19,87.545,GBP
GRAB,2024-01-19,3,USD
IDTG.L,2024-01-19,3.2035,GBP
IE0008368742,2024-01-19,139.51,USD
IE00B0M63516,2024-01-19,26.09,USD
IGLS.L,2024-01-19,125.97,GBP
IGWD.L,2024-01-19,8336,GBp
INXG.L,2024-01-19,12.954,GBP
ISPE.L,2024-01-19,5.286,GBP
IUAG.L,2024-01-19,92.79,USD
IWDG.L,2024-01-19,803.75,GBp
JFM0003373,2024-01-19,136.63,USD
KNSL,2024-01-19,398.75,USD
LU0164881194,2024-01-19,284.48,USD
LU0196696453,2024-01-19,16.90,USD
MU0129U00005,2024-01-19,341.49,USD
QQQ,2024-01-19,421.18,USD
SGLN.L,2024-01-19,3111,GBp
0639.HK,2024-01-22,2.93,HKD
0P00000YAN,2024-01-22,136.25,USD
BCHS.L,2024-01-22,5864,GBp
BKCH,2024-01-22,6.3445,USD
BN4MYX3,2024-01-22,177.39,GBX
CNX1.L,2024-01-22,77802,GBp
DPYG.L,2024-01-22,4.66975,GBP
EWQX.L,2024-01-22,450.75,GBp
FLOS.L,2024-01-22,476.95,GBp
GB00B1FXTF86,2024-01-22,8.62,GBP
GHYS.L,2024-01-22,87.83,GBP
GRAB,2024-01-22,3.03,USD
IDTG.L,2024-01-22,3.236,GBP
IE0008368742,2024-01-22,135.57,USD
IE00B0M63516,2024-01-22,25.89,USD
IGLS.L,2024-01-22,125.94,GBP
IGWD.L,2024-01-22,8424,GBp
INXG.L,2024-01-22,13.003,GBP
ISPE.L,2024-01-22,5.3405,GBP
IUAG.L,2024-01-22,93.13,USD
IWDG.L,2024-01-22,813.25,GBp
JFM0003373,2024-01-22,136.25,USD
KNSL,2024-01-22,406.08,USD
LU0164881194,2024-01-22,283.67,USD
LU0196696453,2024-01-22,16.82,USD
QQQ,2024-01-22,421.73,USD
SGLN.L,2024-01-22,3095,GBp
0639.HK,2024-01-23,2.96,HKD
0P00000YAN,2024-01-23,136.1,USD
BCHS.L,2024-01-23,5834.5,GBp
BKCH,2024-01-23,6.276,USD
BN4MYX3,2024-01-23,176.12,GBX
CNX1.L,2024-01-23,77901.5,GBp
DPYG.L,2024-01-23,4.62275,GBP
EWQX.L,2024-01-23,451.6,GBp
FLOS.L,2024-01-23,477.225,GBp
GB00B1FXTF86,2024-01-23,8.43,GBP
GHYS.L,2024-01-23,87.7,GBP
GRAB,2024-01-23,3.13,USD
IDTG.L,2024-01-23,3.193,GBP
IE0008368742,2024-01-23,138.79,USD
IE00B0M63516,2024-01-23,25.96,USD
IGLS.L,2024-01-23,125.68,GBP
IGWD.L,2024-01-23,8406,GBp
INXG.L,2024-01-23,12.859,GBP
ISPE.L,2024-01-23,5.323,GBP
IUAG.L,2024-01-23,92.87,USD
IWDG.L,2024-01-23,810.75,GBp
JFM0003373,2024-01-23,136.1,USD
KNSL,2024-01-23,404.23,USD
LU0164881194,2024-01-23,277.31,USD
LU0196696453,2024-01-23,16.79,USD
MU0129U00005,2024-01-23,334.65,USD
QQQ,2024-01-23,423.48,USD
SGLN.L,2024-01-23,3109,GBp
0639.HK,2024-01-24,3.13,HKD
0P00000YAN,2024-01-24,136.84,USD
BCHS.L,2024-01-24,5898.5,GBp
BKCH,2024-01-24,6.3485,USD
BN4MYX3,2024-01-24,176.87,GBX
CNX1.L,2024-01-24,78604.5,GBp
DPYG.L,2024-01-24,4.63,GBP
EWQX.L,2024-01-24,453.4,GBp
FLOS.L,2024-01-24,477.175,GBp
GB00B1FXTF86,2024-01-24,8.55,GBP
GHYS.L,2024-01-24,87.95,GBP
GRAB,2024-01-24,3.17,USD
IDTG.L,2024-01-24,3.1985,GBP
IE0008368742,2024-01-24,142.72,USD
IE00B0M63516,2024-01-24,26.47,USD
IGLS.L,2024-01-24,125.69,GBP
IGWD.L,2024-01-24,8487.5,GBp
INXG.L,2024-01-24,12.826,GBP
ISPE.L,2024-01-24,5.355,GBP
IUAG.L,2024-01-24,92.905,USD
IWDG.L,2024-01-24,819,GBp
JFM0003373,2024-01-24,136.84,USD
KNSL,2024-01-24,409.4,USD
LU0164881194,2024-01-24,280.71,USD
LU0196696453,2024-01-24,17.10,USD
MU0129U00005,2024-01-24,337.45,USD
QQQ,2024-01-24,425.83,USD
SGLN.L,2024-01-24,3075,GBp
0639.HK,2024-01-25,3.22,HKD
0P00000YAN,2024-01-25,136.01,USD
BCHS.L,2024-01-25,5894.5,GBp
BKCH,2024-01-25,6.2435,USD
BN4MYX3,2024-01-25,175.99,GBX
CNX1.L,2024-01-25,78997,GBp
DPYG.L,2024-01-25,4.618,GBP
EWQX.L,2024-01-25,454.375,GBp
FLOS.L,2024-01-25,477.675,GBp
GB00B1FXTF86,2024-01-25,8.46,GBP
GHYS.L,2024-01-25,88.135,GBP
GRAB,2024-01-25,3.16,USD
IDTG.L,2024-01-25,3.21025,GBP
IE0008368742,2024-01-25,145.64,USD
IE00B0M63516,2024-01-25,26.42,USD
IGLS.L,2024-01-25,125.88,GBP
IGWD.L,2024-01-25,8478,GBp
INXG.L,2024-01-25,12.901,GBP
ISPE.L,2024-01-25,5.3445,GBP
IUAG.L,2024-01-25,92.9,USD
IWDG.L,2024-01-25,818.25,GBp
JFM0003373,2024-01-25,136.01,USD
KNSL,2024-01-25,395.04,USD
LU0164881194,2024-01-25,280.33,USD
LU0196696453,2024-01-25,17.07,USD
MU0129U00005,2024-01-25,336.78,USD
QQQ,2024-01-25,426.35,USD
SGLN.L,2024-01-25,3089,GBp
0639.HK,2024-01-26,3.24,HKD
0P00000YAN,2024-01-26,135.95,USD
BCHS.L,2024-01-26,6016,GBp
BKCH,2024-01-26,6.7695,USD
BN4MYX3,2024-01-26,184.33,GBX
CNX1.L,2024-01-26,78411,GBp
DPYG.L,2024-01-26,4.621,GBP
EWQX.L,2024-01-26,452.25,GBp
FLOS.L,2024-01-26,477.9,GBp
GHYS.L,2024-01-26,88.17,GBP
GRAB,2024-01-26,3.17,USD
IDTG.L,2024-01-26,3.20725,GBP
IE0008368742,2024-01-26,143.92,USD
IE00B0M63516,2024-01-26,26.48,USD
IGLS.L,2024-01-26,125.89,GBP
IGWD.L,2024-01-26,8508,GBp
INXG.L,2024-01-26,12.882,GBP
ISPE.L,2024-01-26,5.378,GBP
IUAG.L,2024-01-26,93.095,USD
IWDG.L,2024-01-26,821.5,GBp
JFM0003373,2024-01-26,135.95,USD
KNSL,2024-01-26,390.58,USD
LU0196696453,2024-01-26,17.10,USD
QQQ,2024-01-26,423.81,USD
SGLN.L,2024-01-26,3086,GBp
0639.HK,2024-01-29,3.22,HKD
0P00000YAN,2024-01-29,136.75,USD
BCHS.L,2024-01-29,6198.5,GBp
BKCH,2024-01-29,7.2845,USD
BN4MYX3,2024-01-29,192.16,GBX
CNX1.L,2024-01-29,78393,GBp
DPYG.L,2024-01-29,4.62925,GBP
EWQX.L,2024-01-29,452.65,GBp
FLOS.L,2024-01-29,477.975,GBp
GB00B1FXTF86,2024-01-29,8.55,GBP
GHYS.L,2024-01-29,88.23,GBP
GRAB,2024-01-29,3.24,USD
IDTG.L,2024-01-29,3.2235,GBP
IE0008368742,2024-01-29,144.81,USD
IE00B0M63516,2024-01-29,26.35,USD
IGLS.L,2024-01-29,126.11,GBP
IGWD.L,2024-01-29,8501,GBp
INXG.L,2024-01-29,13.01,GBP
ISPE.L,2024-01-29,5.365,GBP
IUAG.L,2024-01-29,93.2,USD
IWDG.L,2024-01-29,820.25,GBp
JFM0003373,2024-01-29,136.75,USD
KNSL,2024-01-29,397.45,USD
LU0164881194,2024-01-29,285.71,USD
LU0196696453,2024-01-29,16.94,USD
MU0129U00005,2024-01-29,340.21,USD
QQQ,2024-01-29,428.15,USD
SGLN.L,2024-01-29,3109,GBp
0639.HK,2024-01-30,3.07,HKD
0P00000YAN,2024-01-30,137.01,USD
BCHS.L,2024-01-30,6090.5,GBp
BKCH,2024-01-30,7.105,USD
BN4MYX3,2024-01-30,187.05,GBX
CNX1.L,2024-01-30,78875,GBp
DPYG.L,2024-01-30,4.61925,GBP
EWQX.L,2024-01-30,455.25,GBp
FLOS.L,2024-01-30,477.95,GBp
GB00B1FXTF86,2024-01-30,8.52,GBP
GHYS.L,2024-01-30,88.36,GBP
GRAB,2024-01-30,3.08,USD
IDTG.L,2024-01-30,3.247,GBP
IE0008368742,2024-01-30,141.08,USD
IE00B0M63516,2024-01-30,26.18,USD
IGLS.L,2024-01-30,125.975,GBP
IGWD.L,2024-01-30,8548,GBp
INXG.L,2024-01-30,13.02,GBP
ISPE.L,2024-01-30,5.399,GBP
IUAG.L,2024-01-30,93.31,USD
IWDG.L,2024-01-30,825,GBp
JFM0003373,2024-01-30,137.01,USD
KNSL,2024-01-30,400.03,USD
LU0164881194,2024-01-30,284.26,USD
LU0196696453,2024-01-30,16.73,USD
MU0129U00005,2024-01-30,338.04,USD
QQQ,2024-01-30,425.3,USD
SGLN.L,2024-01-30,3122,GBp
0639.HK,2024-01-31,3.09,HKD
0P00000YAN,2024-01-31,137.08,USD
BCHS.L,2024-01-31,6057,GBp
BKCH,2024-01-31,6.9535,USD
BN4MYX3,2024-01-31,185.99,GBX
CNX1.L,2024-01-31,77257.5,GBp
DPYG.L,2024-01-31,4.64175,GBP
EWQX.L,2024-01-31,448.675,GBp
FLOS.L,2024-01-31,477.75,GBp
GB00B1FXTF86,2024-01-31,8.64,GBP
GHYS.L,2024-01-31,88.075,GBP
GRAB,2024-01-31,3.07,USD
IDTG.L,2024-01-31,3.297,GBP
IE0008368742,2024-01-31,138.96,USD
IE00B0M63516,2024-01-31,26.39,USD
IGLS.L,2024-01-31,126.36,GBP
IGWD.L,2024-01-31,8506,GBp
INXG.L,2024-01-31,13.219,GBP
ISPE.L,2024-01-31,5.386,GBP
IUAG.L,2024-01-31,94.03,USD
IWDG.L,2024-01-31,819,GBp
JFM0003373,2024-01-31,137.08,USD
KNSL,2024-01-31,397.57,USD
LU0164881194,2024-01-31,286.94,USD
LU0196696453,2024-01-31,17.01,USD
MU0129U00005,2024-01-31,341.93,USD
QQQ,2024-01-31,416.97,USD
SGLN.L,2024-01-31,3138.5,GBp
0639.HK,2024-02-01,3.1,HKD
0P00000YAN,2024-02-01,137.43,USD
BCHS.L,2024-02-01,5895,GBp
BKCH,2024-02-01,6.5165,USD
BN4MYX3,2024-02-01,177.69,GBX
CNX1.L,2024-02-01,77068,GBp
DPYG.L,2024-02-01,4.547,GBP
EWQX.L,2024-02-01,446.425,GBp
FLOS.L,2024-02-01,477.825,GBp
GB00B1FXTF86,2024-02-01,8.65,GBP
GHYS.L,2024-02-01,87.98,GBP
GRAB,2024-02-01,3.13,USD
IDTG.L,2024-02-01,3.3685,GBP
IE0008368742,2024-02-01,140.20,USD
IE00B0M63516,2024-02-01,26.40,USD
IGLS.L,2024-02-01,126.57,GBP
IGWD.L,2024-02-01,8459,GBp
INXG.L,2024-02-01,13.274,GBP
ISPE.L,2024-02-01,5.332,GBP
IUAG.L,2024-02-01,94.62,USD
IWDG.L,2024-02-01,816.25,GBp
JFM0003373,2024-02-01,137.43,USD
KNSL,2024-02-01,394.27,USD
LU0164881194,2024-02-01,286.86,USD
LU0196696453,2024-02-01,16.91,USD
MU0129U00005,2024-02-01,342.65,USD
QQQ,2024-02-01,421.88,USD
SGLN.L,2024-02-01,3153,GBp
0639.HK,2024-02-02,3.06,HKD
0P00000YAN,2024-02-02,139.34,USD
BCHS.L,2024-02-02,6064,GBp
BKCH,2024-02-02,6.7765,USD
BN4MYX3,2024-02-02,184.68,GBX
CNX1.L,2024-02-02,79271,GBp
DPYG.L,2024-02-02,4.56375,GBP
EWQX.L,2024-02-02,454.375,GBp
FLOS.L,2024-02-02,478.2,GBp
GB00B1FXTF86,2024-02-02,8.55,GBP
GHYS.L,2024-02-02,87.9,GBP
GRAB,2024-02-02,3.22,USD
IDTG.L,2024-02-02,3.2785,GBP
IE0008368742,2024-02-02,139.54,USD
IE00B0M63516,2024-02-02,26.07,USD
IGLS.L,2024-02-02,125.91,GBP
IGWD.L,2024-02-02,8570.5,GBp
INXG.L,2024-02-02,13.043,GBP
ISPE.L,2024-02-02,5.381,GBP
IUAG.L,2024-02-02,93.62,USD
IWDG.L,2024-02-02,826.5,GBp
JFM0003373,2024-02-02,139.34,USD
KNSL,2024-02-02,395.72,USD
LU0164881194,2024-02-02,288.45,USD
LU0196696453,2024-02-02,16.70,USD
MU0129U00005,2024-02-02,343.01,USD
QQQ,2024-02-02,429.01,USD
SGLN.L,2024-02-02,3132,GBp
0639.HK,2024-02-05,3.01,HKD
0P00000YAN,2024-02-05,137.44,USD
BCHS.L,2024-02-05,5954,GBp
BKCH,2024-02-05,6.3065,USD
BN4MYX3,2024-02-05,178.28,GBX
CNX1.L,2024-02-05,79701.5,GBp
DPYG.L,2024-02-05,4.52825,GBP
EWQX.L,2024-02-05,456.15,GBp
FLOS.L,2024-02-05,478.15,GBp
GB00B1FXTF86,2024-02-05,8.63,GBP
GHYS.L,2024-02-05,87.575,GBP
GRAB,2024-02-05,3.21,USD
IDTG.L,2024-02-05,3.2215,GBP
IE00B0M63516,2024-02-05,25.79,USD
IGLS.L,2024-02-05,125.59,GBP
IGWD.L,2024-02-05,8554,GBp
INXG.L,2024-02-05,12.908,GBP
ISPE.L,2024-02-05,5.339,GBP
IUAG.L,2024-02-05,92.835,USD
IWDG.L,2024-02-05,825,GBp
JFM0003373,2024-02-05,137.44,USD
KNSL,2024-02-05,394.4,USD
LU0164881194,2024-02-05,287.40,USD
LU0196696453,2024-02-05,16.56,USD
MU0129U00005,2024-02-05,341.16,USD
QQQ,2024-02-05,428.45,USD
SGLN.L,2024-02-05,3141,GBp
0639.HK,2024-02-06,3.11,HKD
0P00000YAN,2024-02-06,137.96,USD
BCHS.L,2024-02-06,6001,GBp
BKCH,2024-02-06,6.544,USD
BN4MYX3,2024-02-06,180.29,GBX
CNX1.L,2024-02-06,79530,GBp
DPYG.L,2024-02-06,4.56425,GBP
EWQX.L,2024-02-06,456.425,GBp
FLOS.L,2024-02-06,478.4,GBp
GB00B1FXTF86,2024-02-06,8.80,GBP
GHYS.L,2024-02-06,87.765,GBP
GRAB,2024-02-06,3.25,USD
IDTG.L,2024-02-06,3.2465,GBP
IE0008368742,2024-02-06,145.85,USD
IE00B0M63516,2024-02-06,26.77,USD
IGLS.L,2024-02-06,125.78,GBP
IGWD.L,2024-02-06,8588,GBp
INXG.L,2024-02-06,13.03,GBP
ISPE.L,2024-02-06,5.371,GBP
IUAG.L,2024-02-06,93.31,USD
IWDG.L,2024-02-06,827,GBp
JFM0003373,2024-02-06,137.96,USD
KNSL,2024-02-06,401.39,USD
LU0164881194,2024-02-06,290.17,USD
LU0196696453,2024-02-06,17.17,USD
MU0129U00005,2024-02-06,345.10,USD
QQQ,2024-02-06,427.59,USD
SGLN.L,2024-02-06,3147,GBp
0639.HK,2024-02-07,3.11,HKD
0P00000YAN,2024-02-07,139.46,USD
BCHS.L,2024-02-07,5956.5,GBp
BKCH,2024-02-07,6.41,USD
BN4MYX3,2024-02-07,177.27,GBX
CNX1.L,2024-02-07,80080.5,GBp
DPYG.L,2024-02-07,4.553,GBP
EWQX.L,2024-02-07,459.6,GBp
FLOS.L,2024-02-07,478.375,GBp
GB00B1FXTF86,2024-02-07,8.79,GBP
GHYS.L,2024-02-07,87.825,GBP
GRAB,2024-02-07,3.3,USD
IDTG.L,2024-02-07,3.24775,GBP
IE0008368742,2024-02-07,146.81,USD
IE00B0M63516,2024-02-07,26.64,USD
IGLS.L,2024-02-07,125.82,GBP
IGWD.L,2024-02-07,8636,GBp
INXG.L,2024-02-07,13.022,GBP
ISPE.L,2024-02-07,5.394,GBP
IUAG.L,2024-02-07,93.23,USD
IWDG.L,2024-02-07,832,GBp
JFM0003373,2024-02-07,139.46,USD
KNSL,2024-02-07,407.19,USD
LU0164881194,2024-02-07,291.47,USD
LU0196696453,2024-02-07,17.07,USD
MU0129U00005,2024-02-07,345.20,USD
QQQ,2024-02-07,431.99,USD
SGLN.L,2024-02-07,3144,GBp
0639.HK,2024-02-08,3.07,HKD
0P00000YAN,2024-02-08,138.79,USD
BCHS.L,2024-02-08,6263,GBp
BKCH,2024-02-08,7.2565,USD
BN4MYX3,2024-02-08,193.37,GBX
CNX1.L,2024-02-08,80401,GBp
DPYG.L,2024-02-08,4.55325,GBP
EWQX.L,2024-02-08,460.175,GBp
FLOS.L,2024-02-08,478.7,GBp
GB00B1FXTF86,2024-02-08,8.72,GBP
GHYS.L,2024-02-08,87.91,GBP
GRAB,2024-02-08,3.32,USD
IDTG.L,2024-02-08,3.2085,GBP
IE0008368742,2024-02-08,145.81,USD
IE00B0M63516,2024-02-08,26.20,USD
IGLS.L,2024-02-08,125.6,GBP
IGWD.L,2024-02-08,8641,GBp
INXG.L,2024-02-08,12.951,GBP
ISPE.L,2024-02-08,5.387,GBP
IUAG.L,2024-02-08,92.945,USD
IWDG.L,2024-02-08,832.25,GBp
JFM0003373,2024-02-08,138.79,USD
KNSL,2024-02-08,409.42,USD
LU0164881194,2024-02-08,289.94,USD
LU0196696453,2024-02-08,16.80,USD
MU0129U00005,2024-02-08,340.89,USD
QQQ,2024-02-08,432.79,USD
SGLN.L,2024-02-08,3128,GBp
0639.HK,2024-02-09,3.06,HKD
0P00000YAN,2024-02-09,138.72,USD
BCHS.L,2024-02-09,6599,GBp
BKCH,2024-02-09,8.047,USD
BN4MYX3,2024-02-09,207.175,GBX
CNX1.L,2024-02-09,80761,GBp
DPYG.L,2024-02-09,4.5515,GBP
EWQX.L,2024-02-09,460.75,GBp
FLOS.L,2024-02-09,478.85,GBp
GB00B1FXTF86,2024-02-09,8.68,GBP
GHYS.L,2024-02-09,87.915,GBP
GRAB,2024-02-09,3.43,USD
IDTG.L,2024-02-09,3.212,GBP
IE0008368742,2024-02-09,144.65,USD
IE00B0M63516,2024-02-09,26.24,USD
IGLS.L,2024-02-09,125.525,GBP
IGWD.L,2024-02-09,8672,GBp
INXG.L,2024-02-09,12.946,GBP
ISPE.L,2024-02-09,5.4,GBP
IUAG.L,2024-02-09,92.76,USD
IWDG.L,2024-02-09,835.75,GBp
JFM0003373,2024-02-09,138.72,USD
KNSL,2024-02-09,419.09,USD
LU0164881194,2024-02-09,290.35,USD
LU0196696453,2024-02-09,16.73,USD
MU0129U00005,2024-02-09,340.58,USD
QQQ,2024-02-09,437.05,USD
SGLN.L,2024-02-09,3114.5,GBp
BCHS.L,2024-02-12,7078,GBp
BKCH,2024-02-12,9.2405,USD
BN4MYX3,2024-02-12,228.7,GBX
CNX1.L,2024-02-12,81305.5,GBp
DPYG.L,2024-02-12,4.601,GBP
EWQX.L,2024-02-12,464.25,GBp
FLOS.L,2024-02-12,478.9,GBp
GB00B1FXTF86,2024-02-12,8.62,GBP
GHYS.L,2024-02-12,88.015,GBP
GRAB,2024-02-12,3.34,USD
IDTG.L,2024-02-12,3.20575,GBP
IE00B0M63516,2024-02-12,26.64,USD
IGLS.L,2024-02-12,125.66,GBP
IGWD.L,2024-02-12,8742,GBp
INXG.L,2024-02-12,12.951,GBP
ISPE.L,2024-02-12,5.459,GBP
IUAG.L,2024-02-12,92.8,USD
IWDG.L,2024-02-12,841.5,GBp
KNSL,2024-02-12,415.41,USD
LU0164881194,2024-02-12,287.06,USD
QQQ,2024-02-12,435.34,USD
SGLN.L,2024-02-12,3104.5,GBp
BCHS.L,2024-02-13,6888.5,GBp
BKCH,2024-02-13,8.791,USD
BN4MYX3,2024-02-13,219.775,GBX
CNX1.L,2024-02-13,79985.5,GBp
DPYG.L,2024-02-13,4.4955,GBP
EWQX.L,2024-02-13,456.8,GBp
FLOS.L,2024-02-13,479.25,GBp
GB00B1FXTF86,2024-02-13,8.59,GBP
GHYS.L,2024-02-13,87.575,GBP
GRAB,2024-02-13,3.3,USD
IDTG.L,2024-02-13,3.179,GBP
IE00B0M63516,2024-02-13,25.80,USD
IGLS.L,2024-02-13,125.25,GBP
IGWD.L,2024-02-13,8626,GBp
INXG.L,2024-02-13,12.911,GBP
ISPE.L,2024-02-13,5.371,GBP
IUAG.L,2024-02-13,92.255,USD
IWDG.L,2024-02-13,830.75,GBp
KNSL,2024-02-13,412.08,USD
LU0164881194,2024-02-13,288.31,USD
QQQ,2024-02-13,428.55,USD
SGLN.L,2024-02-13,3080,GBp
0639.HK,2024-02-14,3.04,HKD
0P00000YAN,2024-02-14,138.64,USD
BCHS.L,2024-02-14,7253.5,GBp
BKCH,2024-02-14,9.793,USD
BN4MYX3,2024-02-14,237.575,GBX
CNX1.L,2024-02-14,80283.5,GBp
DPYG.L,2024-02-14,4.5135,GBP
EWQX.L,2024-02-14,459.25,GBp
FLOS.L,2024-02-14,479.25,GBp
GB00B1FXTF86,2024-02-14,8.69,GBP
GHYS.L,2024-02-14,87.765,GBP
GRAB,2024-02-14,3.41,USD
IDTG.L,2024-02-14,3.171,GBP
IE0008368742,2024-02-14,145.80,USD
IE00B0M63516,2024-02-14,26.32,USD
IGLS.L,2024-02-14,125.61,GBP
IGWD.L,2024-02-14,8639.5,GBp
INXG.L,2024-02-14,13.013,GBP
ISPE.L,2024-02-14,5.391,GBP
IUAG.L,2024-02-14,92.33,USD
IWDG.L,2024-02-14,832.75,GBp
JFM0003373,2024-02-14,138.64,USD
KNSL,2024-02-14,426.26,USD
LU0164881194,2024-02-14,290.29,USD
LU0196696453,2024-02-14,16.78,USD
MU0129U00005,2024-02-14,341.28,USD
QQQ,2024-02-14,433.22,USD
SGLN.L,2024-02-14,3087,GBp
0639.HK,2024-02-15,2.98,HKD
0P00000YAN,2024-02-15,140.07,USD
BCHS.L,2024-02-15,7373,GBp
BKCH,2024-02-15,9.943,USD
BN4MYX3,2024-02-15,242.2,GBX
CNX1.L,2024-02-15,80530.5,GBp
DPYG.L,2024-02-15,4.545,GBP
EWQX.L,2024-02-15,462.55,GBp
FLOS.L,2024-02-15,479.6,GBp
GB00B1FXTF86,2024-02-15,8.75,GBP
GHYS.L,2024-02-15,87.91,GBP
GRAB,2024-02-15,3.52,USD
IDTG.L,2024-02-15,3.18325,GBP
IE0008368742,2024-02-15,146.06,USD
IE00B0M63516,2024-02-15,26.17,USD
IGLS.L,2024-02-15,125.65,GBP
IGWD.L,2024-02-15,8700,GBp
INXG.L,2024-02-15,12.942,GBP
ISPE.L,2024-02-15,5.4535,GBP
IUAG.L,2024-02-15,92.59,USD
IWDG.L,2024-02-15,838.125,GBp
JFM0003373,2024-02-15,140.07,USD
KNSL,2024-02-15,437.57,USD
LU0164881194,2024-02-15,292.23,USD
LU0196696453,2024-02-15,16.63,USD
MU0129U00005,2024-02-15,342.75,USD
QQQ,2024-02-15,434.51,USD
SGLN.L,2024-02-15,3092,GBp
0639.HK,2024-02-16,3.02,HKD
0P00000YAN,2024-02-16,141.31,USD
BCHS.L,2024-02-16,7406.5,GBp
BKCH,2024-02-16,10.115,USD
BN4MYX3,2024-02-16,244.225,GBX
CNX1.L,2024-02-16,80585.5,GBp
DPYG.L,2024-02-16,4.5635,GBP
EWQX.L,2024-02-16,463.5,GBp
FLOS.L,2024-02-16,479.55,GBp
GB00B1FXTF86,2024-02-16,8.82,GBP
GHYS.L,2024-02-16,87.945,GBP
GRAB,2024-02-16,3.53,USD
IDTG.L,2024-02-16,3.169,GBP
IE0008368742,2024-02-16,150.22,USD
IE00B0M63516,2024-02-16,26.45,USD
IGLS.L,2024-02-16,125.515,GBP
IGWD.L,2024-02-16,8754,GBp
INXG.L,2024-02-16,12.902,GBP
ISPE.L,2024-02-16,5.4795,GBP
IUAG.L,2024-02-16,92.38,USD
IWDG.L,2024-02-16,842.875,GBp
JFM0003373,2024-02-16,141.31,USD
KNSL,2024-02-16,505.03,USD
LU0164881194,2024-02-16,294.73,USD
LU0196696453,2024-02-16,16.79,USD
MU0129U00005,2024-02-16,346.36,USD
QQQ,2024-02-16,430.57,USD
SGLN.L,2024-02-16,3102,GBp
0639.HK,2024-02-19,3.16,HKD
BCHS.L,2024-02-19,7380,GBp
BN4MYX3,2024-02-19,241.25,GBX
CNX1.L,2024-02-19,80278,GBp
DPYG.L,2024-02-19,4.5345,GBP
EWQX.L,2024-02-19,461.35,GBp
FLOS.L,2024-02-19,479.8,GBp
GB00B1FXTF86,2024-02-19,8.82,GBP
GHYS.L,2024-02-19,87.83,GBP
IDTG.L,2024-02-19,3.1595,GBP
IE0008368742,2024-02-19,147.85,USD
IE00B0M63516,2024-02-19,26.55,USD
IGLS.L,2024-02-19,125.5,GBP
IGWD.L,2024-02-19,8734,GBp
INXG.L,2024-02-19,12.872,GBP
ISPE.L,2024-02-19,5.4485,GBP
IUAG.L,2024-02-19,92.38,USD
IWDG.L,2024-02-19,840.875,GBp
LU0164881194,2024-02-19,295.20,USD
LU0196696453,2024-02-19,16.79,USD
MU0129U00005,2024-02-19,348.01,USD
SGLN.L,2024-02-19,3115,GBp
0639.HK,2024-02-20,3.12,HKD
0P00000YAN,2024-02-20,142.3,USD
BCHS.L,2024-02-20,7096,GBp
BN4MYX3,2024-02-20,227.425,GBX
CNX1.L,2024-02-20,78757,GBp
DPYG.L,2024-02-20,4.5365,GBP
EWQX.L,2024-02-20,455.1,GBp
FLOS.L,2024-02-20,480,GBp
GB00B1FXTF86,2024-02-20,8.84,GBP
GHYS.L,2024-02-20,88.02,GBP
GRAB,2024-02-20,3.49,USD
IDTG.L,2024-02-20,3.185,GBP
IE0008368742,2024-02-20,148.96,USD
IE00B0M63516,2024-02-20,26.81,USD
IGLS.L,2024-02-20,125.725,GBP
IGWD.L,2024-02-20,8681,GBp
INXG.L,2024-02-20,12.932,GBP
ISPE.L,2024-02-20,5.4435,GBP
IUAG.L,2024-02-20,92.67,USD
IWDG.L,2024-02-20,835.25,GBp
JFM0003373,2024-02-20,142.3,USD
KNSL,2024-02-20,496.46,USD
LU0164881194,2024-02-20,296.78,USD
LU0196696453,2024-02-20,17.10,USD
MU0129U00005,2024-02-20,347.48,USD
QQQ,2024-02-20,427.32,USD
SGLN.L,2024-02-20,3121,GBp
0639.HK,2024-02-21,3.11,HKD
0P00000YAN,2024-02-21,142.31,USD
BCHS.L,2024-02-21,7000.5,GBp
BN4MYX3,2024-02-21,223.075,GBX
CNX1.L,2024-02-21,78714,GBp
DPYG.L,2024-02-21,4.55475,GBP
EWQX.L,2024-02-21,453.05,GBp
FLOS.L,2024-02-21,479.8,GBp
GB00B1FXTF86,2024-02-21,8.76,GBP
GHYS.L,2024-02-21,88.045,GBP
GRAB,2024-02-21,3.45,USD
IDTG.L,2024-02-21,3.169,GBP
IE0008368742,2024-02-21,151.54,USD
IE00B0M63516,2024-02-21,27.12,USD
IGLS.L,2024-02-21,125.57,GBP
IGWD.L,2024-02-21,8674,GBp
INXG.L,2024-02-21,12.892,GBP
ISPE.L,2024-02-21,5.4305,GBP
IUAG.L,2024-02-21,92.43,USD
IWDG.L,2024-02-21,834.75,GBp
JFM0003373,2024-02-21,142.31,USD
KNSL,2024-02-21,495.02,USD
LU0164881194,2024-02-21,295.81,USD
LU0196696453,2024-02-21,17.11,USD
MU0129U00005,2024-02-21,345.35,USD
QQQ,2024-02-21,425.61,USD
SGLN.L,2024-02-21,3120,GBp
0639.HK,2024-02-22,3.37,HKD
0P00000YAN,2024-02-22,142.16,USD
BCHS.L,2024-02-22,7105,GBp
BN4MYX3,2024-02-22,227.975,GBX
CNX1.L,2024-02-22,80752.5,GBp
DPYG.L,2024-02-22,4.5665,GBP
EWQX.L,2024-02-22,461.675,GBp
FLOS.L,2024-02-22,480.3,GBp
GB00B1FXTF86,2024-02-22,8.80,GBP
GHYS.L,2024-02-22,88.34,GBP
GRAB,2024-02-22,3.16,USD
IDTG.L,2024-02-22,3.16825,GBP
IE0008368742,2024-02-22,152.78,USD
IE00B0M63516,2024-02-22,27.23,USD
IGLS.L,2024-02-22,125.62,GBP
IGWD.L,2024-02-22,8820,GBp
INXG.L,2024-02-22,12.88,GBP
ISPE.L,2024-02-22,5.4955,GBP
IUAG.L,2024-02-22,92.22,USD
IWDG.L,2024-02-22,848.25,GBp
JFM0003373,2024-02-22,142.16,USD
KNSL,2024-02-22,505.95,USD
LU0164881194,2024-02-22,298.46,USD
LU0196696453,2024-02-22,17.15,USD
MU0129U00005,2024-02-22,348.91,USD
QQQ,2024-02-22,438.07,USD
SGLN.L,2024-02-22,3111,GBp
0639.HK,2024-02-23,3.21,HKD
0P00000YAN,2024-02-23,141.02,USD
BCHS.L,2024-02-23,6976,GBp
BN4MYX3,2024-02-23,220.05,GBX
CNX1.L,2024-02-23,80781,GBp
DPYG.L,2024-02-23,4.55725,GBP
EWQX.L,2024-02-23,461.15,GBp
FLOS.L,2024-02-23,480.6,GBp
GB00B1FXTF86,2024-02-23,8.79,GBP
GHYS.L,2024-02-23,88.38,GBP
GRAB,2024-02-23,3.16,USD
IDTG.L,2024-02-23,3.20775,GBP
IE0008368742,2024-02-23,153.20,USD
IE00B0M63516,2024-02-23,26.70,USD
IGLS.L,2024-02-23,125.83,GBP
IGWD.L,2024-02-23,8852.5,GBp
INXG.L,2024-02-23,12.946,GBP
ISPE.L,2024-02-23,5.5245,GBP
IUAG.L,2024-02-23,92.49,USD
IWDG.L,2024-02-23,852.25,GBp
JFM0003373,2024-02-23,141.02,USD
KNSL,2024-02-23,508.1,USD
LU0164881194,2024-02-23,299.03,USD
LU0196696453,2024-02-23,16.86,USD
MU0129U00005,2024-02-23,349.23,USD
QQQ,2024-02-23,436.78,USD
SGLN.L,2024-02-23,3121,GBp
0639.HK,2024-02-26,3.19,HKD
0P00000YAN,2024-02-26,140.61,USD
BCHS.L,2024-02-26,7375,GBp
BN4MYX3,2024-02-26,242.45,GBX
CNX1.L,2024-02-26,80848,GBp
DPYG.L,2024-02-26,4.513,GBP
EWQX.L,2024-02-26,462,GBp
FLOS.L,2024-02-26,480.75,GBp
GB00B1FXTF86,2024-02-26,8.75,GBP
GHYS.L,2024-02-26,88.175,GBP
GRAB,2024-02-26,3.19,USD
IDTG.L,2024-02-26,3.199,GBP
IE0008368742,2024-02-26,153.16,USD
IE00B0M63516,2024-02-26,26.82,USD
IGLS.L,2024-02-26,125.7,GBP
IGWD.L,2024-02-26,8845,GBp
INXG.L,2024-02-26,12.906,GBP
ISPE.L,2024-02-26,5.513,GBP
IUAG.L,2024-02-26,92.45,USD
IWDG.L,2024-02-26,851.5,GBp
JFM0003373,2024-02-26,140.61,USD
KNSL,2024-02-26,511.62,USD
LU0164881194,2024-02-26,298.10,USD
LU0196696453,2024-02-26,16.88,USD
MU0129U00005,2024-02-26,347.04,USD
QQQ,2024-02-26,436.55,USD
SGLN.L,2024-02-26,3111,GBp
0639.HK,2024-02-27,3.2,HKD
0P00000YAN,2024-02-27,140.88,USD
BCHS.L,2024-02-27,7545,GBp
BN4MYX3,2024-02-27,250.05,GBX
CNX1.L,2024-02-27,80560,GBp
DPYG.L,2024-02-27,4.526,GBP
EWQX.L,2024-02-27,463.05,GBp
FLOS.L,2024-02-27,480.8,GBp
GB00B1FXTF86,2024-02-27,8.78,GBP
GHYS.L,2024-02-27,88.03,GBP
GRAB,2024-02-27,3.145,USD
IDTG.L,2024-02-27,3.192,GBP
IE0008368742,2024-02-27,153.36,USD
IE00B0M63516,2024-02-27,27.46,USD
IGLS.L,2024-02-27,125.61,GBP
IGWD.L,2024-02-27,8825,GBp
INXG.L,2024-02-27,12.932,GBP
ISPE.L,2024-02-27,5.518,GBP
IUAG.L,2024-02-27,92.5,USD
IWDG.L,2024-02-27,850.25,GBp
JFM0003373,2024-02-27,140.88,USD
KNSL,2024-02-27,512.22,USD
LU0164881194,2024-02-27,298.92,USD
LU0196696453,2024-02-27,17.21,USD
MU0129U00005,2024-02-27,348.15,USD
QQQ,2024-02-27,437.6,USD
SGLN.L,2024-02-27,3120,GBp
0639.HK,2024-02-28,3.22,HKD
0P00000YAN,2024-02-28,140.13,USD
BCHS.L,2024-02-28,7667,GBp
BN4MYX3,2024-02-28,257.325,GBX
CNX1.L,2024-02-28,80732.5,GBp
DPYG.L,2024-02-28,4.512,GBP
EWQX.L,2024-02-28,463.6,GBp
FLOS.L,2024-02-28,481.075,GBp
GB00B1FXTF86,2024-02-28,8.68,GBP
GHYS.L,2024-02-28,88.21,GBP
GRAB,2024-02-28,3.08,USD
IDTG.L,2024-02-28,3.19025,GBP
IE0008368742,2024-02-28,150.70,USD
IE00B0M63516,2024-02-28,27.25,USD
IGLS.L,2024-02-28,125.49,GBP
IGWD.L,2024-02-28,8823,GBp
INXG.L,2024-02-28,12.988,GBP
ISPE.L,2024-02-28,5.5265,GBP
IUAG.L,2024-02-28,92.43,USD
IWDG.L,2024-02-28,849.25,GBp
JFM0003373,2024-02-28,140.13,USD
KNSL,2024-02-28,513.09,USD
LU0164881194,2024-02-28,295.35,USD
LU0196696453,2024-02-28,17.10,USD
MU0129U00005,2024-02-28,344.88,USD
QQQ,2024-02-28,435.27,USD
SGLN.L,2024-02-28,3126.5,GBp
0639.HK,2024-02-29,3.26,HKD
0P00000YAN,2024-02-29,140.14,USD
BCHS.L,2024-02-29,7155.5,GBp
BN4MYX3,2024-02-29,237,GBX
CNX1.L,2024-02-29,80887,GBp
DPYG.L,2024-02-29,4.53525,GBP
EWQX.L,2024-02-29,462.9,GBp
FLOS.L,2024-02-29,481.25,GBp
GB00B1FXTF86,2024-02-29,8.79,GBP
GHYS.L,2024-02-29,88.17,GBP
GRAB,2024-02-29,3.07,USD
IDTG.L,2024-02-29,3.224,GBP
IE0008368742,2024-02-29,152.22,USD
IE00B0M63516,2024-02-29,26.74,USD
IGLS.L,2024-02-29,125.69,GBP
IGWD.L,2024-02-29,8831,GBp
INXG.L,2024-02-29,13.25,GBP
ISPE.L,2024-02-29,5.539,GBP
IUAG.L,2024-02-29,92.84,USD
IWDG.L,2024-02-29,849.5,GBp
JFM0003373,2024-02-29,140.14,USD
KNSL,2024-02-29,516.18,USD
LU0164881194,2024-02-29,296.75,USD
LU0196696453,2024-02-29,16.83,USD
MU0129U00005,2024-02-29,345.77,USD
QQQ,2024-02-29,439,USD
SGLN.L,2024-02-29,3149,GBp
0639.HK,2024-03-01,3.27,HKD
0P00000YAN,2024-03-01,140.2,USD
BCHS.L,2024-03-01,7393.5,GBp
BN4MYX3,2024-03-01,241.55,GBX
CNX1.L,2024-03-01,82115.5,GBp
DPYG.L,2024-03-01,4.558,GBP
EWQX.L,2024-03-01,468.5,GBp
FLOS.L,2024-03-01,481.3,GBp
GB00B1FXTF86,2024-03-01,8.88,GBP
GHYS.L,2024-03-01,88.325,GBP
GRAB,2024-03-01,3.1,USD
IDTG.L,2024-03-01,3.233,GBP
IE0008368742,2024-03-01,152.04,USD
IE00B0M63516,2024-03-01,26.99,USD
IGLS.L,2024-03-01,125.83,GBP
IGWD.L,2024-03-01,8899,GBp
INXG.L,2024-03-01,13.184,GBP
ISPE.L,2024-03-01,5.572,GBP
IUAG.L,2024-03-01,92.78,USD
IWDG.L,2024-03-01,857.25,GBp
JFM0003373,2024-03-01,140.2,USD
KNSL,2024-03-01,517.28,USD
LU0164881194,2024-03-01,301.55,USD
LU0196696453,2024-03-01,16.99,USD
MU0129U00005,2024-03-01,349.89,USD
QQQ,2024-03-01,445.61,USD
SGLN.L,2024-03-01,3193.5,GBp
0639.HK,2024-03-04,3.36,HKD
0P00000YAN,2024-03-04,140.22,USD
BCHS.L,2024-03-04,7502.5,GBp
BN4MYX3,2024-03-04,250.65,GBX
CNX1.L,2024-03-04,82009,GBp
DPYG.L,2024-03-04,4.5735,GBP
EWQX.L,2024-03-04,467.775,GBp
FLOS.L,2024-03-04,481.125,GBp
GB00B1FXTF86,2024-03-04,8.83,GBP
GHYS.L,2024-03-04,88.475,GBP
GRAB,2024-03-04,3.07,USD
IDTG.L,2024-03-04,3.22375,GBP
IE0008368742,2024-03-04,151.84,USD
IE00B0M63516,2024-03-04,26.95,USD
IGLS.L,2024-03-04,125.64,GBP
IGWD.L,2024-03-04,8922,GBp
INXG.L,2024-03-04,13.216,GBP
ISPE.L,2024-03-04,5.5975,GBP
IUAG.L,2024-03-04,92.74,USD
IWDG.L,2024-03-04,859.125,GBp
JFM0003373,2024-03-04,140.22,USD
KNSL,2024-03-04,524.82,USD
LU0164881194,2024-03-04,301.98,USD
LU0196696453,2024-03-04,16.82,USD
MU0129U00005,2024-03-04,349.20,USD
QQQ,2024-03-04,444.02,USD
SGLN.L,2024-03-04,3247,GBp
0639.HK,2024-03-05,3.31,HKD
0P00000YAN,2024-03-05,140.28,USD
BCHS.L,2024-03-05,7171,GBp
BN4MYX3,2024-03-05,231.35,GBX
CNX1.L,2024-03-05,80301,GBp
DPYG.L,2024-03-05,4.59125,GBP
EWQX.L,2024-03-05,459.5,GBp
FLOS.L,2024-03-05,481.525,GBp
GB00B1FXTF86,2024-03-05,8.78,GBP
GHYS.L,2024-03-05,88.545,GBP
GRAB,2024-03-05,3.09,USD
IDTG.L,2024-03-05,3.2705,GBP
IE0008368742,2024-03-05,149.17,USD
IE00B0M63516,2024-03-05,26.69,USD
IGLS.L,2024-03-05,125.885,GBP
IGWD.L,2024-03-05,8860.5,GBp
INXG.L,2024-03-05,13.375,GBP
ISPE.L,2024-03-05,5.5875,GBP
IUAG.L,2024-03-05,93.29,USD
IWDG.L,2024-03-05,854.25,GBp
JFM0003373,2024-03-05,140.28,USD
KNSL,2024-03-05,528.86,USD
LU0164881194,2024-03-05,300.78,USD
LU0196696453,2024-03-05,16.86,USD
MU0129U00005,2024-03-05,346.23,USD
QQQ,2024-03-05,436.05,USD
SGLN.L,2024-03-05,3253,GBp
0639.HK,2024-03-06,3.29,HKD
0P00000YAN,2024-03-06,141.78,USD
BCHS.L,2024-03-06,7439.5,GBp
BN4MYX3,2024-03-06,240.25,GBX
CNX1.L,2024-03-06,80826.5,GBp
DPYG.L,2024-03-06,4.58525,GBP
EWQX.L,2024-03-06,462.8,GBp
FLOS.L,2024-03-06,481.55,GBp
GB00B1FXTF86,2024-03-06,8.77,GBP
GHYS.L,2024-03-06,88.525,GBP
GRAB,2024-03-06,3.1,USD
IDTG.L,2024-03-06,3.28125,GBP
IE0008368742,2024-03-06,151.20,USD
IE00B0M63516,2024-03-06,26.81,USD
IGLS.L,2024-03-06,126.01,GBP
IGWD.L,2024-03-06,8917,GBp
INXG.L,2024-03-06,13.357,GBP
ISPE.L,2024-03-06,5.61,GBP
IUAG.L,2024-03-06,93.42,USD
IWDG.L,2024-03-06,858,GBp
JFM0003373,2024-03-06,141.78,USD
KNSL,2024-03-06,547.98,USD
LU0164881194,2024-03-06,302.29,USD
LU0196696453,2024-03-06,16.90,USD
MU0129U00005,2024-03-06,347.58,USD
QQQ,2024-03-06,438.79,USD
SGLN.L,2024-03-06,3271,GBp
0639.HK,2024-03-07,3.32,HKD
0P00000YAN,2024-03-07,142.48,USD
BCHS.L,2024-03-07,7461,GBp
BN4MYX3,2024-03-07,238.875,GBX
CNX1.L,2024-03-07,81410,GBp
DPYG.L,2024-03-07,4.5855,GBP
EWQX.L,2024-03-07,465.35,GBp
FLOS.L,2024-03-07,481.75,GBp
GB00B1FXTF86,2024-03-07,8.77,GBP
GHYS.L,2024-03-07,88.75,GBP
GRAB,2024-03-07,3.2,USD
IDTG.L,2024-03-07,3.2885,GBP
IE0008368742,2024-03-07,150.40,USD
IE00B0M63516,2024-03-07,26.81,USD
IGLS.L,2024-03-07,125.95,GBP
IGWD.L,2024-03-07,8967,GBp
INXG.L,2024-03-07,13.436,GBP
ISPE.L,2024-03-07,5.635,GBP
IUAG.L,2024-03-07,93.62,USD
IWDG.L,2024-03-07,864.125,GBp
JFM0003373,2024-03-07,142.48,USD
KNSL,2024-03-07,532.97,USD
LU0164881194,2024-03-07,301.98,USD
LU0196696453,2024-03-07,16.84,USD
MU0129U00005,2024-03-07,348.13,USD
QQQ,2024-03-07,445.45,USD
SGLN.L,2024-03-07,3277,GBp
0639.HK,2024-03-08,3.3,HKD
0P00000YAN,2024-03-08,143.6,USD
BCHS.L,2024-03-08,7487,GBp
BN4MYX3,2024-03-08,241.85,GBX
CNX1.L,2024-03-08,80650,GBp
DPYG.L,2024-03-08,4.6335,GBP
EWQX.L,2024-03-08,461.05,GBp
FLOS.L,2024-03-08,481.825,GBp
GHYS.L,2024-03-08,88.845,GBP
GRAB,2024-03-08,3.08,USD
IDTG.L,2024-03-08,3.28075,GBP
IE0008368742,2024-03-08,151.11,USD
IE00B0M63516,2024-03-08,26.19,USD
IGLS.L,2024-03-08,126.12,GBP
IGWD.L,2024-03-08,8973,GBp
INXG.L,2024-03-08,13.367,GBP
ISPE.L,2024-03-08,5.655,GBP
IUAG.L,2024-03-08,93.7,USD
IWDG.L,2024-03-08,863.75,GBp
JFM0003373,2024-03-08,143.6,USD
KNSL,2024-03-08,525.7,USD
LU0196696453,2024-03-08,16.70,USD
QQQ,2024-03-08,439.02,USD
SGLN.L,2024-03-08,3295,GBp
0639.HK,2024-03-11,3.18,HKD
0P00000YAN,2024-03-11,143.31,USD
BCHS.L,2024-03-11,7662.5,GBp
BN4MYX3,2024-03-11,248,GBX
CNX1.L,2024-03-11,80030,GBp
DPYG.L,2024-03-11,4.625,GBP
EWQX.L,2024-03-11,459.3,GBp
FLOS.L,2024-03-11,481.7,GBp
GB00B1FXTF86,2024-03-11,8.62,GBP
GHYS.L,2024-03-11,88.79,GBP
GRAB,2024-03-11,3.17,USD
IDTG.L,2024-03-11,3.28575,GBP
IE0008368742,2024-03-11,154.09,USD
IE00B0M63516,2024-03-11,25.99,USD
IGLS.L,2024-03-11,126.14,GBP
IGWD.L,2024-03-11,8896,GBp
INXG.L,2024-03-11,13.382,GBP
ISPE.L,2024-03-11,5.6275,GBP
IUAG.L,2024-03-11,93.65,USD
IWDG.L,2024-03-11,856.75,GBp
JFM0003373,2024-03-11,143.31,USD
KNSL,2024-03-11,505.99,USD
LU0164881194,2024-03-11,301.32,USD
LU0196696453,2024-03-11,16.64,USD
MU0129U00005,2024-03-11,346.59,USD
QQQ,2024-03-11,437.39,USD
SGLN.L,2024-03-11,3311,GBp
0639.HK,2024-03-12,3.18,HKD
0P00000YAN,2024-03-12,143.11,USD
BCHS.L,2024-03-12,7436.5,GBp
BN4MYX3,2024-03-12,236.45,GBX
CNX1.L,2024-03-12,80885,GBp
DPYG.L,2024-03-12,4.6125,GBP
EWQX.L,2024-03-12,462.7,GBp
FLOS.L,2024-03-12,481.9,GBp
GB00B1FXTF86,2024-03-12,8.61,GBP
GHYS.L,2024-03-12,88.975,GBP
GRAB,2024-03-12,3.22,USD
IDTG.L,2024-03-12,3.26,GBP
IE0008368742,2024-03-12,158.11,USD
IE00B0M63516,2024-03-12,26.18,USD
IGLS.L,2024-03-12,126.29,GBP
IGWD.L,2024-03-12,8972,GBp
INXG.L,2024-03-12,13.404,GBP
ISPE.L,2024-03-12,5.645,GBP
IUAG.L,2024-03-12,93.47,USD
IWDG.L,2024-03-12,864,GBp
JFM0003373,2024-03-12,143.11,USD
KNSL,2024-03-12,510.84,USD
LU0164881194,2024-03-12,298.23,USD
LU0196696453,2024-03-12,16.74,USD
MU0129U00005,2024-03-12,346.16,USD
QQQ,2024-03-12,443.66,USD
SGLN.L,2024-03-12,3295,GBp
0639.HK,2024-03-13,3.2,HKD
0P00000YAN,2024-03-13,144.17,USD
BCHS.L,2024-03-13,7724.5,GBp
BN4MYX3,2024-03-13,247.875,GBX
CNX1.L,2024-03-13,80530,GBp
DPYG.L,2024-03-13,4.628,GBP
EWQX.L,2024-03-13,460.95,GBp
FLOS.L,2024-03-13,482.075,GBp
GB00B1FXTF86,2024-03-13,8.40,GBP
GHYS.L,2024-03-13,88.925,GBP
GRAB,2024-03-13,3.23,USD
IDTG.L,2024-03-13,3.2375,GBP
IE0008368742,2024-03-13,157.05,USD
IE00B0M63516,2024-03-13,26.33,USD
IGLS.L,2024-03-13,126.15,GBP
IGWD.L,2024-03-13,8986,GBp
INXG.L,2024-03-13,13.34,GBP
ISPE.L,2024-03-13,5.673,GBP
IUAG.L,2024-03-13,93.35,USD
IWDG.L,2024-03-13,866.375,GBp
JFM0003373,2024-03-13,144.17,USD
KNSL,2024-03-13,514.02,USD
LU0164881194,2024-03-13,290.68,USD
LU0196696453,2024-03-13,16.90,USD
MU0129U00005,2024-03-13,341.65,USD
QQQ,2024-03-13,440.25,USD
SGLN.L,2024-03-13,3301,GBp
0639.HK,2024-03-14,3.08,HKD
0P00000YAN,2024-03-14,145.51,USD
BCHS.L,2024-03-14,7334.5,GBp
CNX1.L,2024-03-14,80613,GBp
DPYG.L,2024-03-14,4.55125,GBP
EWQX.L,2024-03-14,458.7,GBp
FLOS.L,2024-03-14,482.2,GBp
GB00B1FXTF86,2024-03-14,8.56,GBP
GHYS.L,2024-03-14,88.73,GBP
GRAB,2024-03-14,3.24,USD
IDTG.L,2024-03-14,3.197,GBP
IE0008368742,2024-03-14,156.84,USD
IE00B0M63516,2024-03-14,25.90,USD
IGLS.L,2024-03-14,126.02,GBP
IGWD.L,2024-03-14,8954,GBp
INXG.L,2024-03-14,13.302,GBP
ISPE.L,2024-03-14,5.612,GBP
IUAG.L,2024-03-14,92.75,USD
IWDG.L,2024-03-14,863.75,GBp
JFM0003373,2024-03-14,145.51,USD
KNSL,2024-03-14,505.89,USD
LU0164881194,2024-03-14,293.97,USD
LU0196696453,2024-03-14,16.91,USD
MU0129U00005,2024-03-14,345.34,USD
QQQ,2024-03-14,439.14,USD
SGLN.L,2024-03-14,3293.5,GBp
0639.HK,2024-03-15,2.99,HKD
0P00000YAN,2024-03-15,143.92,USD
BCHS.L,2024-03-15,7471,GBp
CNX1.L,2024-03-15,79683,GBp
DPYG.L,2024-03-15,4.54575,GBP
EWQX.L,2024-03-15,455.25,GBp
FLOS.L,2024-03-15,482.4,GBp
GB00B1FXTF86,2024-03-15,8.52,GBP
GHYS.L,2024-03-15,88.59,GBP
GRAB,2024-03-15,3.17,USD
IDTG.L,2024-03-15,3.198,GBP
IE0008368742,2024-03-15,155.89,USD
IE00B0M63516,2024-03-15,25.62,USD
IGLS.L,2024-03-15,126.03,GBP
IGWD.L,2024-03-15,8909,GBp
INXG.L,2024-03-15,13.28,GBP
ISPE.L,2024-03-15,5.598,GBP
IUAG.L,2024-03-15,92.72,USD
IWDG.L,2024-03-15,858.875,GBp
JFM0003373,2024-03-15,143.92,USD
KNSL,2024-03-15,516.12,USD
LU0164881194,2024-03-15,292.44,USD
LU0196696453,2024-03-15,16.66,USD
MU0129U00005,2024-03-15,343.99,USD
QQQ,2024-03-15,433.92,USD
SGLN.L,2024-03-15,3304,GBp
0639.HK,2024-03-18,2.92,HKD
0P00000YAN,2024-03-18,143.41,USD
BCHS.L,2024-03-18,7607.5,GBp
CNX1.L,2024-03-18,80875,GBp
DPYG.L,2024-03-18,4.569,GBP
EWQX.L,2024-03-18,460.475,GBp
FLOS.L,2024-03-18,482.6,GBp
GB00B1FXTF86,2024-03-18,8.55,GBP
GHYS.L,2024-03-18,88.69,GBP
GRAB,2024-03-18,3.17,USD
IDTG.L,2024-03-18,3.1815,GBP
IE00B0M63516,2024-03-18,25.47,USD
IGLS.L,2024-03-18,126.04,GBP
IGWD.L,2024-03-18,8975,GBp
INXG.L,2024-03-18,13.322,GBP
ISPE.L,2024-03-18,5.632,GBP
IUAG.L,2024-03-18,92.48,USD
IWDG.L,2024-03-18,865.5,GBp
JFM0003373,2024-03-18,143.41,USD
KNSL,2024-03-18,515.81,USD
LU0164881194,2024-03-18,293.35,USD
LU0196696453,2024-03-18,16.51,USD
MU0129U00005,2024-03-18,342.80,USD
QQQ,2024-03-18,437.48,USD
SGLN.L,2024-03-18,3300,GBp
0639.HK,2024-03-19,2.95,HKD
0P00000YAN,2024-03-19,142.89,USD
BCHS.L,2024-03-19,7330,GBp
CNX1.L,2024-03-19,80477.5,GBp
DPYG.L,2024-03-19,4.5825,GBP
EWQX.L,2024-03-19,458.05,GBp
FLOS.L,2024-03-19,482.45,GBp
GB00B1FXTF86,2024-03-19,8.51,GBP
GHYS.L,2024-03-19,88.71,GBP
GRAB,2024-03-19,3.18,USD
IDTG.L,2024-03-19,3.188,GBP
IE0008368742,2024-03-19,154.43,USD
IE00B0M63516,2024-03-19,25.70,USD
IGLS.L,2024-03-19,126.16,GBP
IGWD.L,2024-03-19,8986,GBp
INXG.L,2024-03-19,13.358,GBP
ISPE.L,2024-03-19,5.634,GBP
IUAG.L,2024-03-19,92.64,USD
IWDG.L,2024-03-19,866.5,GBp
JFM0003373,2024-03-19,142.89,USD
KNSL,2024-03-19,512.89,USD
LU0164881194,2024-03-19,289.85,USD
LU0196696453,2024-03-19,16.62,USD
MU0129U00005,2024-03-19,338.83,USD
QQQ,2024-03-19,438.57,USD
SGLN.L,2024-03-19,3296,GBp
0639.HK,2024-03-20,2.95,HKD
0P00000YAN,2024-03-20,142.7,USD
BCHS.L,2024-03-20,7462.5,GBp
CNX1.L,2024-03-20,80886,GBp
DPYG.L,2024-03-20,4.5955,GBP
EWQX.L,2024-03-20,460.2,GBp
FLOS.L,2024-03-20,482.7,GBp
GB00B1FXTF86,2024-03-20,8.52,GBP
GHYS.L,2024-03-20,88.81,GBP
GRAB,2024-03-20,3.2,USD
IDTG.L,2024-03-20,3.201,GBP
IE0008368742,2024-03-20,154.59,USD
IE00B0M63516,2024-03-20,25.84,USD
IGLS.L,2024-03-20,126.29,GBP
IGWD.L,2024-03-20,9003.5,GBp
INXG.L,2024-03-20,13.448,GBP
ISPE.L,2024-03-20,5.646,GBP
IUAG.L,2024-03-20,92.8,USD
IWDG.L,2024-03-20,869,GBp
JFM0003373,2024-03-20,142.7,USD
KNSL,2024-03-20,514.97,USD
LU0164881194,2024-03-20,289.92,USD
LU0196696453,2024-03-20,16.73,USD
MU0129U00005,2024-03-20,339.32,USD
QQQ,2024-03-20,443.77,USD
SGLN.L,2024-03-20,3302,GBp
0639.HK,2024-03-21,2.97,HKD
0P00000YAN,2024-03-21,144.16,USD
BCHS.L,2024-03-21,8051.5,GBp
BMV7ZZ3,2024-03-21,849.00,GBX
CNX1.L,2024-03-21,83080,GBp
DPYG.L,2024-03-21,4.6505,GBP
EWQX.L,2024-03-21,473.3,GBp
FLOS.L,2024-03-21,482.725,GBp
GB00B1FXTF86,2024-03-21,8.65,GBP
GHYS.L,2024-03-21,89.05,GBP
GRAB,2024-03-21,3.25,USD
IDTG.L,2024-03-21,3.19525,GBP
IE0008368742,2024-03-21,156.38,USD
IE00B0M63516,2024-03-21,26.03,USD
IGLS.L,2024-03-21,126.53,GBP
IGWD.L,2024-03-21,9140.5,GBp
INXG.L,2024-03-21,13.434,GBP
ISPE.L,2024-03-21,5.745,GBP
IUAG.L,2024-03-21,92.98,USD
IWDG.L,2024-03-21,882,GBp
JFM0003373,2024-03-21,144.16,USD
KNSL,2024-03-21,519.14,USD
LU0164881194,2024-03-21,293.42,USD
LU0196696453,2024-03-21,16.95,USD
MU0129U00005,2024-03-21,342.45,USD
QQQ,2024-03-21,445.87,USD
SGLN.L,2024-03-21,3342,GBp
0639.HK,2024-03-22,2.96,HKD
0P00000YAN,2024-03-22,142.9,USD
BCHS.L,2024-03-22,7869,GBp
BMV7ZZ3,2024-03-22,837.35,GBX
CNX1.L,2024-03-22,82934.5,GBp
DPYG.L,2024-03-22,4.63375,GBP
EWQX.L,2024-03-22,469.925,GBp
FLOS.L,2024-03-22,482.775,GBp
GB00B1FXTF86,2024-03-22,8.75,GBP
GHYS.L,2024-03-22,88.99,GBP
GRAB,2024-03-22,3.15,USD
IDTG.L,2024-03-22,3.2265,GBP
IE0008368742,2024-03-22,153.03,USD
IE00B0M63516,2024-03-22,25.65,USD
IGLS.L,2024-03-22,126.66,GBP
IGWD.L,2024-03-22,9106,GBp
INXG.L,2024-03-22,13.498,GBP
ISPE.L,2024-03-22,5.706,GBP
IUAG.L,2024-03-22,93.29,USD
IWDG.L,2024-03-22,877.75,GBp
JFM0003373,2024-03-22,142.9,USD
KNSL,2024-03-22,522.71,USD
LU0164881194,2024-03-22,294.23,USD
LU0196696453,2024-03-22,16.80,USD
MU0129U00005,2024-03-22,342.50,USD
QQQ,2024-03-22,446.38,USD
SGLN.L,2024-03-22,3344,GBp
0639.HK,2024-03-25,2.92,HKD
0P00000YAN,2024-03-25,142.63,USD
BCHS.L,2024-03-25,8194.5,GBp
BMV7ZZ3,2024-03-25,832.00,GBX
CNX1.L,2024-03-25,82520.5,GBp
DPYG.L,2024-03-25,4.62475,GBP
EWQX.L,2024-03-25,467.8,GBp
FLOS.L,2024-03-25,483.025,GBp
GHYS.L,2024-03-25,88.6,GBP
GRAB,2024-03-25,3.14,USD
IDTG.L,2024-03-25,3.21125,GBP
IE0008368742,2024-03-25,152.46,USD
IE00B0M63516,2024-03-25,25.63,USD
IGLS.L,2024-03-25,126.51,GBP
IGWD.L,2024-03-25,9088,GBp
INXG.L,2024-03-25,13.461,GBP
ISPE.L,2024-03-25,5.7005,GBP
IUAG.L,2024-03-25,93.1,USD
IWDG.L,2024-03-25,877.375,GBp
JFM0003373,2024-03-25,142.63,USD
KNSL,2024-03-25,531.3,USD
LU0196696453,2024-03-25,16.75,USD
QQQ,2024-03-25,444.76,USD
SGLN.L,2024-03-25,3350.5,GBp
0639.HK,2024-03-26,2.79,HKD
0P00000YAN,2024-03-26,143.43,USD
BCHS.L,2024-03-26,8361,GBp
BMV7ZZ3,2024-03-26,839.95,GBX
CNX1.L,2024-03-26,82761,GBp
DPYG.L,2024-03-26,4.614,GBP
EWQX.L,2024-03-26,469.075,GBp
FLOS.L,2024-03-26,483.15,GBp
GB00B1FXTF86,2024-03-26,8.73,GBP
GHYS.L,2024-03-26,88.67,GBP
GRAB,2024-03-26,3.16,USD
IDTG.L,2024-03-26,3.2165,GBP
IE0008368742,2024-03-26,153.50,USD
IE00B0M63516,2024-03-26,25.73,USD
IGLS.L,2024-03-26,126.51,GBP
IGWD.L,2024-03-26,9111,GBp
INXG.L,2024-03-26,13.547,GBP
ISPE.L,2024-03-26,5.7015,GBP
IUAG.L,2024-03-26,93.23,USD
IWDG.L,2024-03-26,878.25,GBp
JFM0003373,2024-03-26,143.43,USD
KNSL,2024-03-26,529.72,USD
LU0164881194,2024-03-26,294.67,USD
LU0196696453,2024-03-26,16.75,USD
MU0129U00005,2024-03-26,341.73,USD
QQQ,2024-03-26,443.32,USD
SGLN.L,2024-03-26,3352,GBp
0639.HK,2024-03-27,2.77,HKD
0P00000YAN,2024-03-27,143.31,USD
BCHS.L,2024-03-27,8178,GBp
BMV7ZZ3,2024-03-27,830.00,GBX
CNX1.L,2024-03-27,82296,GBp
DPYG.L,2024-03-27,4.6635,GBP
EWQX.L,2024-03-27,469.8,GBp
FLOS.L,2024-03-27,483.4,GBp
GB00B1FXTF86,2024-03-27,8.81,GBP
GHYS.L,2024-03-27,88.74,GBP
GRAB,2024-03-27,3.2,USD
IDTG.L,2024-03-27,3.2425,GBP
IE0008368742,2024-03-27,152.33,USD
IE00B0M63516,2024-03-27,25.80,USD
IGLS.L,2024-03-27,126.74,GBP
IGWD.L,2024-03-27,9103,GBp
INXG.L,2024-03-27,13.548,GBP
ISPE.L,2024-03-27,5.737,GBP
IUAG.L,2024-03-27,93.45,USD
IWDG.L,2024-03-27,877.625,GBp
JFM0003373,2024-03-27,143.31,USD
KNSL,2024-03-27,532.18,USD
LU0164881194,2024-03-27,295.55,USD
LU0196696453,2024-03-27,16.74,USD
MU0129U00005,2024-03-27,343.22,USD
QQQ,2024-03-27,444.83,USD
SGLN.L,2024-03-27,3379,GBp
0639.HK,2024-03-28,2.68,HKD
0P00000YAN,2024-03-28,142.25,USD
BCHS.L,2024-03-28,8169.5,GBp
BMV7ZZ3,2024-03-28,837.50,GBX
CNX1.L,2024-03-28,82381,GBp
DPYG.L,2024-03-28,4.716,GBP
EWQX.L,2024-03-28,471.55,GBp
FLOS.L,2024-03-28,483.625,GBp
GB00B1FXTF86,2024-03-28,8.83,GBP
GHYS.L,2024-03-28,88.83,GBP
GRAB,2024-03-28,3.14,USD
IDTG.L,2024-03-28,3.25975,GBP
IE0008368742,2024-03-28,153.26,USD
IE00B0M63516,2024-03-28,25.78,USD
IGLS.L,2024-03-28,126.68,GBP
IGWD.L,2024-03-28,9145,GBp
INXG.L,2024-03-28,13.572,GBP
ISPE.L,2024-03-28,5.79,GBP
IUAG.L,2024-03-28,93.54,USD
IWDG.L,2024-03-28,881.25,GBp
JFM0003373,2024-03-28,142.25,USD
KNSL,2024-03-28,524.74,USD
LU0164881194,2024-03-28,299.17,USD
LU0196696453,2024-03-28,16.82,USD
MU0129U00005,2024-03-28,345.37,USD
QQQ,2024-03-28,444.01,USD
SGLN.L,2024-03-28,3416,GBp
GRAB,2024-04-01,3.19,USD
KNSL,2024-04-01,512.65,USD
QQQ,2024-04-01,444.95,USD
0639.HK,2024-04-02,2.74,HKD
0P00000YAN,2024-04-02,142.02,USD
BCHS.L,2024-04-02,7604,GBp
BMV7ZZ3,2024-04-02,819.80,GBX
CNX1.L,2024-04-02,81941,GBp
DPYG.L,2024-04-02,4.61225,GBP
EWQX.L,2024-04-02,466.55,GBp
FLOS.L,2024-04-02,484.05,GBp
GB00B1FXTF86,2024-04-02,8.99,GBP
GHYS.L,2024-04-02,88.62,GBP
GRAB,2024-04-02,3.21,USD
IDTG.L,2024-04-02,3.1645,GBP
IE0008368742,2024-04-02,155.79,USD
IE00B0M63516,2024-04-02,25.44,USD
IGLS.L,2024-04-02,126.41,GBP
IGWD.L,2024-04-02,9050,GBp
INXG.L,2024-04-02,13.315,GBP
ISPE.L,2024-04-02,5.7005,GBP
IUAG.L,2024-04-02,92.54,USD
IWDG.L,2024-04-02,872,GBp
JFM0003373,2024-04-02,142.02,USD
KNSL,2024-04-02,467.85,USD
LU0164881194,2024-04-02,300.83,USD
LU0196696453,2024-04-02,16.46,USD
MU0129U00005,2024-04-02,347.30,USD
QQQ,2024-04-02,441.11,USD
SGLN.L,2024-04-02,3489.5,GBp
0639.HK,2024-04-03,2.88,HKD
0P00000YAN,2024-04-03,140.47,USD
BCHS.L,2024-04-03,7677.5,GBp
BMV7ZZ3,2024-04-03,830.10,GBX
CNX1.L,2024-04-03,82344.5,GBp
DPYG.L,2024-04-03,4.5955,GBP
EWQX.L,2024-04-03,467.35,GBp
FLOS.L,2024-04-03,483.6,GBp
GB00B1FXTF86,2024-04-03,8.96,GBP
GHYS.L,2024-04-03,88.66,GBP
GRAB,2024-04-03,3.23,USD
IDTG.L,2024-04-03,3.1545,GBP
IE0008368742,2024-04-03,154.63,USD
IE00B0M63516,2024-04-03,25.19,USD
IGLS.L,2024-04-03,126.46,GBP
IGWD.L,2024-04-03,9095,GBp
INXG.L,2024-04-03,13.368,GBP
ISPE.L,2024-04-03,5.723,GBP
IUAG.L,2024-04-03,92.535,USD
IWDG.L,2024-04-03,877,GBp
JFM0003373,2024-04-03,140.47,USD
KNSL,2024-04-03,453.15,USD
LU0164881194,2024-04-03,300.30,USD
LU0196696453,2024-04-03,16.35,USD
MU0129U00005,2024-04-03,346.02,USD
QQQ,2024-04-03,442.1,USD
SGLN.L,2024-04-03,3519,GBp
BCHS.L,2024-04-04,7704,GBp
BMV7ZZ3,2024-04-04,829.55,GBX
CNX1.L,2024-04-04,82411.5,GBp
DPYG.L,2024-04-04,4.64,GBP
EWQX.L,2024-04-04,466.75,GBp
FLOS.L,2024-04-04,484.075,GBp
GB00B1FXTF86,2024-04-04,8.98,GBP
GHYS.L,2024-04-04,88.58,GBP
GRAB,2024-04-04,3.16,USD
IDTG.L,2024-04-04,3.176,GBP
IE00B0M63516,2024-04-04,26.01,USD
IGLS.L,2024-04-04,126.63,GBP
IGWD.L,2024-04-04,9127,GBp
INXG.L,2024-04-04,13.394,GBP
ISPE.L,2024-04-04,5.751,GBP
IUAG.L,2024-04-04,92.805,USD
IWDG.L,2024-04-04,881.25,GBp
KNSL,2024-04-04,445.44,USD
LU0164881194,2024-04-04,299.69,USD
LU0196696453,2024-04-04,16.81,USD
QQQ,2024-04-04,435.34,USD
SGLN.L,2024-04-04,3521.5,GBp
0639.HK,2024-04-05,2.83,HKD
0P00000YAN,2024-04-05,141.43,USD
BCHS.L,2024-04-05,7531,GBp
BMV7ZZ3,2024-04-05,820.25,GBX
CNX1.L,2024-04-05,81744.5,GBp
DPYG.L,2024-04-05,4.5875,GBP
EWQX.L,2024-04-05,462.525,GBp
FLOS.L,2024-04-05,484.325,GBp
GB00B1FXTF86,2024-04-05,9.07,GBP
GHYS.L,2024-04-05,88.6,GBP
GRAB,2024-04-05,3.24,USD
IDTG.L,2024-04-05,3.158,GBP
IE0008368742,2024-04-05,153.71,USD
IE00B0M63516,2024-04-05,25.24,USD
IGLS.L,2024-04-05,126.53,GBP
IGWD.L,2024-04-05,9033,GBp
INXG.L,2024-04-05,13.312,GBP
ISPE.L,2024-04-05,5.679,GBP
IUAG.L,2024-04-05,92.71,USD
IWDG.L,2024-04-05,872.5,GBp
JFM0003373,2024-04-05,141.43,USD
KNSL,2024-04-05,448.14,USD
LU0164881194,2024-04-05,302.07,USD
LU0196696453,2024-04-05,16.52,USD
MU0129U00005,2024-04-05,348.28,USD
QQQ,2024-04-05,440.47,USD
SGLN.L,2024-04-05,3583,GBp
0639.HK,2024-04-08,2.93,HKD
0P00000YAN,2024-04-08,141.5,USD
BCHS.L,2024-04-08,7532,GBp
BMV7ZZ3,2024-04-08,826.80,GBX
CNX1.L,2024-04-08,81722,GBp
DPYG.L,2024-04-08,4.6515,GBP
EWQX.L,2024-04-08,463.175,GBp
FLOS.L,2024-04-08,484.6,GBp
GB00B1FXTF86,2024-04-08,9.06,GBP
GHYS.L,2024-04-08,88.71,GBP
GRAB,2024-04-08,3.3,USD
IDTG.L,2024-04-08,3.144,GBP
IE0008368742,2024-04-08,152.65,USD
IE00B0M63516,2024-04-08,25.74,USD
IGLS.L,2024-04-08,126.53,GBP
IGWD.L,2024-04-08,9076,GBp
INXG.L,2024-04-08,13.278,GBP
ISPE.L,2024-04-08,5.713,GBP
IUAG.L,2024-04-08,92.33,USD
IWDG.L,2024-04-08,876.5,GBp
JFM0003373,2024-04-08,141.5,USD
KNSL,2024-04-08,459.11,USD
LU0164881194,2024-04-08,303.65,USD
LU0196696453,2024-04-08,16.71,USD
MU0129U00005,2024-04-08,349.76,USD
QQQ,2024-04-08,440.6,USD
SGLN.L,2024-04-08,3582,GBp
0639.HK,2024-04-09,2.99,HKD
0P00000YAN,2024-04-09,142.49,USD
BCHS.L,2024-04-09,7374,GBp
BMV7ZZ3,2024-04-09,819.50,GBX
CNX1.L,2024-04-09,81196,GBp
DPYG.L,2024-04-09,4.68,GBP
EWQX.L,2024-04-09,462.175,GBp
FLOS.L,2024-04-09,484.425,GBp
GB00B1FXTF86,2024-04-09,8.96,GBP
GHYS.L,2024-04-09,88.9,GBP
GRAB,2024-04-09,3.29,USD
IDTG.L,2024-04-09,3.1745,GBP
IE0008368742,2024-04-09,153.85,USD
IE00B0M63516,2024-04-09,26.01,USD
IGLS.L,2024-04-09,126.57,GBP
IGWD.L,2024-04-09,9020,GBp
INXG.L,2024-04-09,13.412,GBP
ISPE.L,2024-04-09,5.6965,GBP
IUAG.L,2024-04-09,92.62,USD
IWDG.L,2024-04-09,870.75,GBp
JFM0003373,2024-04-09,142.49,USD
KNSL,2024-04-09,450.43,USD
LU0164881194,2024-04-09,304.91,USD
LU0196696453,2024-04-09,16.92,USD
MU0129U00005,2024-04-09,349.69,USD
QQQ,2024-04-09,442.23,USD
SGLN.L,2024-04-09,3601,GBp
0639.HK,2024-04-10,2.98,HKD
BCHS.L,2024-04-10,7340,GBp
BMV7ZZ3,2024-04-10,826.35,GBX
CNX1.L,2024-04-10,81702,GBp
DPYG.L,2024-04-10,4.57,GBP
EWQX.L,2024-04-10,462.175,GBp
FLOS.L,2024-04-10,484.3,GBp
GB00B1FXTF86,2024-04-10,9.01,GBP
GHYS.L,2024-04-10,88.565,GBP
GRAB,2024-04-10,3.33,USD
IDTG.L,2024-04-10,3.12975,GBP
IE0008368742,2024-04-10,154.99,USD
IE00B0M63516,2024-04-10,25.54,USD
IGLS.L,2024-04-10,126.24,GBP
IGWD.L,2024-04-10,8998,GBp
INXG.L,2024-04-10,13.286,GBP
ISPE.L,2024-04-10,5.642,GBP
IUAG.L,2024-04-10,91.88,USD
IWDG.L,2024-04-10,868.625,GBp
KNSL,2024-04-10,447.84,USD
LU0164881194,2024-04-10,305.94,USD
LU0196696453,2024-04-10,16.62,USD
MU0129U00005,2024-04-10,351.41,USD
QQQ,2024-04-10,438.37,USD
SGLN.L,2024-04-10,3626,GBp
0639.HK,2024-04-11,2.97,HKD
0P00000YAN,2024-04-11,141.47,USD
BCHS.L,2024-04-11,7368,GBp
BMV7ZZ3,2024-04-11,827.15,GBX
CNX1.L,2024-04-11,82358,GBp
DPYG.L,2024-04-11,4.544,GBP
EWQX.L,2024-04-11,463.525,GBp
FLOS.L,2024-04-11,484.5,GBp
GHYS.L,2024-04-11,88.24,GBP
GRAB,2024-04-11,3.39,USD
IDTG.L,2024-04-11,3.08175,GBP
IE0008368742,2024-04-11,154.51,USD
IE00B0M63516,2024-04-11,25.28,USD
IGLS.L,2024-04-11,126,GBP
IGWD.L,2024-04-11,8980,GBp
INXG.L,2024-04-11,13.128,GBP
ISPE.L,2024-04-11,5.595,GBP
IUAG.L,2024-04-11,91.36,USD
IWDG.L,2024-04-11,867.25,GBp
JFM0003373,2024-04-11,141.47,USD
KNSL,2024-04-11,452.83,USD
LU0196696453,2024-04-11,16.35,USD
QQQ,2024-04-11,445.37,USD
SGLN.L,2024-04-11,3634.5,GBp
0639.HK,2024-04-12,2.95,HKD
0P00000YAN,2024-04-12,140.81,USD
BCHS.L,2024-04-12,7407.5,GBp
BMV7ZZ3,2024-04-12,827.65,GBX
CNX1.L,2024-04-12,82859,GBp
DPYG.L,2024-04-12,4.54375,GBP
EWQX.L,2024-04-12,464.575,GBp
FLOS.L,2024-04-12,484.575,GBp
GB00B1FXTF86,2024-04-12,9.11,GBP
GHYS.L,2024-04-12,88.225,GBP
GRAB,2024-04-12,3.33,USD
IDTG.L,2024-04-12,3.11725,GBP
IE0008368742,2024-04-12,151.82,USD
IE00B0M63516,2024-04-12,24.94,USD
IGLS.L,2024-04-12,126.33,GBP
IGWD.L,2024-04-12,8975.5,GBp
INXG.L,2024-04-12,13.278,GBP
ISPE.L,2024-04-12,5.569,GBP
IUAG.L,2024-04-12,91.86,USD
IWDG.L,2024-04-12,867.25,GBp
JFM0003373,2024-04-12,140.81,USD
KNSL,2024-04-12,450.96,USD
LU0164881194,2024-04-12,301.35,USD
LU0196696453,2024-04-12,16.09,USD
MU0129U00005,2024-04-12,348.33,USD
QQQ,2024-04-12,438.27,USD
SGLN.L,2024-04-12,3736,GBp
0639.HK,2024-04-15,3.03,HKD
0P00000YAN,2024-04-15,139.68,USD
BCHS.L,2024-04-15,7185.5,GBp
BMV7ZZ3,2024-04-15,818.35,GBX
CNX1.L,2024-04-15,82564,GBp
DPYG.L,2024-04-15,4.50475,GBP
EWQX.L,2024-04-15,461.625,GBp
FLOS.L,2024-04-15,484.4,GBp
GB00B1FXTF86,2024-04-15,8.97,GBP
GHYS.L,2024-04-15,87.95,GBP
GRAB,2024-04-15,3.31,USD
IDTG.L,2024-04-15,3.05925,GBP
IE0008368742,2024-04-15,151.03,USD
IE00B0M63516,2024-04-15,24.59,USD
IGLS.L,2024-04-15,126.115,GBP
IGWD.L,2024-04-15,8956,GBp
INXG.L,2024-04-15,13.211,GBP
ISPE.L,2024-04-15,5.5425,GBP
IUAG.L,2024-04-15,91.34,USD
IWDG.L,2024-04-15,865,GBp
JFM0003373,2024-04-15,139.68,USD
KNSL,2024-04-15,447.27,USD
LU0164881194,2024-04-15,297.86,USD
LU0196696453,2024-04-15,15.82,USD
MU0129U00005,2024-04-15,343.26,USD
QQQ,2024-04-15,431.06,USD
SGLN.L,2024-04-15,3670,GBp
0639.HK,2024-04-16,2.98,HKD
0P00000YAN,2024-04-16,137.12,USD
BCHS.L,2024-04-16,6829,GBp
BMV7ZZ3,2024-04-16,804.65,GBX
CNX1.L,2024-04-16,81380,GBp
DPYG.L,2024-04-16,4.42675,GBP
EWQX.L,2024-04-16,456.4,GBp
FLOS.L,2024-04-16,484.65,GBp
GB00B1FXTF86,2024-04-16,9.00,GBP
GHYS.L,2024-04-16,87.66,GBP
GRAB,2024-04-16,3.27,USD
IDTG.L,2024-04-16,3.0435,GBP
IE0008368742,2024-04-16,148.21,USD
IE00B0M63516,2024-04-16,24.02,USD
IGLS.L,2024-04-16,125.92,GBP
IGWD.L,2024-04-16,8813.5,GBp
INXG.L,2024-04-16,13.25,GBP
ISPE.L,2024-04-16,5.4575,GBP
IUAG.L,2024-04-16,91.03,USD
IWDG.L,2024-04-16,850.25,GBp
JFM0003373,2024-04-16,137.12,USD
KNSL,2024-04-16,452.28,USD
LU0164881194,2024-04-16,297.70,USD
LU0196696453,2024-04-16,15.37,USD
MU0129U00005,2024-04-16,341.40,USD
QQQ,2024-04-16,431.1,USD
SGLN.L,2024-04-16,3732,GBp
0639.HK,2024-04-17,3.06,HKD
0P00000YAN,2024-04-17,136.65,USD
BCHS.L,2024-04-17,6739,GBp
BMV7ZZ3,2024-04-17,797.05,GBX
CNX1.L,2024-04-17,80525,GBp
DPYG.L,2024-04-17,4.39,GBP
EWQX.L,2024-04-17,451.975,GBp
FLOS.L,2024-04-17,484.9,GBp
GHYS.L,2024-04-17,87.85,GBP
GRAB,2024-04-17,3.21,USD
IDTG.L,2024-04-17,3.0585,GBP
IE0008368742,2024-04-17,149.39,USD
IE00B0M63516,2024-04-17,24.04,USD
IGLS.L,2024-04-17,125.86,GBP
IGWD.L,2024-04-17,8782,GBp
INXG.L,2024-04-17,13.244,GBP
ISPE.L,2024-04-17,5.437,GBP
IUAG.L,2024-04-17,91.36,USD
IWDG.L,2024-04-17,848,GBp
JFM0003373,2024-04-17,136.65,USD
KNSL,2024-04-17,451.41,USD
LU0196696453,2024-04-17,15.42,USD
QQQ,2024-04-17,425.84,USD
SGLN.L,2024-04-17,3726,GBp
0639.HK,2024-04-18,3.11,HKD
0P00000YAN,2024-04-18,137.95,USD
BCHS.L,2024-04-18,7008.5,GBp
BMV7ZZ3,2024-04-18,799.20,GBX
CNX1.L,2024-04-18,80339,GBp
DPYG.L,2024-04-18,4.4105,GBP
EWQX.L,2024-04-18,450.675,GBp
FLOS.L,2024-04-18,484.975,GBp
GB00B1FXTF86,2024-04-18,8.95,GBP
GHYS.L,2024-04-18,85.265,GBP
GRAB,2024-04-18,3.39,USD
IDTG.L,2024-04-18,3.06,GBP
IE0008368742,2024-04-18,151.54,USD
IE00B0M63516,2024-04-18,23.98,USD
IGLS.L,2024-04-18,125.99,GBP
IGWD.L,2024-04-18,8813,GBp
INXG.L,2024-04-18,13.216,GBP
ISPE.L,2024-04-18,5.475,GBP
IUAG.L,2024-04-18,91.18,USD
IWDG.L,2024-04-18,847.75,GBp
JFM0003373,2024-04-18,137.95,USD
KNSL,2024-04-18,451.92,USD
LU0164881194,2024-04-18,295.87,USD
LU0196696453,2024-04-18,15.47,USD
MU0129U00005,2024-04-18,340.92,USD
QQQ,2024-04-18,423.41,USD
SGLN.L,2024-04-18,3720,GBp
0639.HK,2024-04-19,3.12,HKD
0P00000YAN,2024-04-19,136.34,USD
BCHS.L,2024-04-19,6997,GBp
BMV7ZZ3,2024-04-19,790.65,GBX
CNX1.L,2024-04-19,78963,GBp
DPYG.L,2024-04-19,4.4225,GBP
EWQX.L,2024-04-19,446.5,GBp
FLOS.L,2024-04-19,485.125,GBp
GB00B1FXTF86,2024-04-19,9.00,GBP
GHYS.L,2024-04-19,85.43,GBP
GRAB,2024-04-19,3.37,USD
IDTG.L,2024-04-19,3.071,GBP
IE0008368742,2024-04-19,149.57,USD
IE00B0M63516,2024-04-19,24.39,USD
IGLS.L,2024-04-19,126.19,GBP
IGWD.L,2024-04-19,8732.5,GBp
INXG.L,2024-04-19,13.258,GBP
ISPE.L,2024-04-19,5.466,GBP
IUAG.L,2024-04-19,91.275,USD
IWDG.L,2024-04-19,840,GBp
JFM0003373,2024-04-19,136.34,USD
KNSL,2024-04-19,451.81,USD
LU0164881194,2024-04-19,297.00,USD
LU0196696453,2024-04-19,15.65,USD
MU0129U00005,2024-04-19,341.90,USD
QQQ,2024-04-19,414.65,USD
SGLN.L,2024-04-19,3750,GBp
0639.HK,2024-04-22,2.98,HKD
0P00000YAN,2024-04-22,137.59,USD
BCHS.L,2024-04-22,7092,GBp
BMV7ZZ3,2024-04-22,791.10,GBX
CNX1.L,2024-04-22,78896.5,GBp
DPYG.L,2024-04-22,4.435,GBP
EWQX.L,2024-04-22,448.775,GBp
FLOS.L,2024-04-22,485.125,GBp
GB00B1FXTF86,2024-04-22,9.14,GBP
GHYS.L,2024-04-22,85.69,GBP
GRAB,2024-04-22,3.35,USD
IDTG.L,2024-04-22,3.061,GBP
IE0008368742,2024-04-22,151.47,USD
IE00B0M63516,2024-04-22,24.50,USD
IGLS.L,2024-04-22,126.33,GBP
IGWD.L,2024-04-22,8728,GBp
INXG.L,2024-04-22,13.252,GBP
ISPE.L,2024-04-22,5.4705,GBP
IUAG.L,2024-04-22,91.25,USD
IWDG.L,2024-04-22,840,GBp
JFM0003373,2024-04-22,137.59,USD
KNSL,2024-04-22,463.23,USD
LU0164881194,2024-04-22,300.97,USD
LU0196696453,2024-04-22,15.64,USD
MU0129U00005,2024-04-22,345.60,USD
QQQ,2024-04-22,418.82,USD
SGLN.L,2024-04-22,3685,GBp
0639.HK,2024-04-23,2.92,HKD
0P00000YAN,2024-04-23,139.39,USD
BCHS.L,2024-04-23,7512,GBp
BMV7ZZ3,2024-04-23,810.10,GBX
CNX1.L,2024-04-23,80007,GBp
DPYG.L,2024-04-23,4.4995,GBP
EWQX.L,2024-04-23,454.525,GBp
FLOS.L,2024-04-23,485.3,GBp
GB00B1FXTF86,2024-04-23,9.13,GBP
GHYS.L,2024-04-23,86.18,GBP
GRAB,2024-04-23,3.51,USD
IDTG.L,2024-04-23,3.072,GBP
IE0008368742,2024-04-23,153.09,USD
IE00B0M63516,2024-04-23,24.58,USD
IGLS.L,2024-04-23,126.26,GBP
IGWD.L,2024-04-23,8871,GBp
INXG.L,2024-04-23,13.14,GBP
ISPE.L,2024-04-23,5.555,GBP
IUAG.L,2024-04-23,91.45,USD
IWDG.L,2024-04-23,852.75,GBp
JFM0003373,2024-04-23,139.39,USD
KNSL,2024-04-23,464.36,USD
LU0164881194,2024-04-23,301.45,USD
LU0196696453,2024-04-23,15.69,USD
MU0129U00005,2024-04-23,346.29,USD
QQQ,2024-04-23,425.07,USD
SGLN.L,2024-04-23,3627,GBp
0639.HK,2024-04-24,2.9,HKD
0P00000YAN,2024-04-24,140.47,USD
BCHS.L,2024-04-24,7391,GBp
BMV7ZZ3,2024-04-24,809.65,GBX
CNX1.L,2024-04-24,80396.5,GBp
DPYG.L,2024-04-24,4.46725,GBP
EWQX.L,2024-04-24,454.1,GBp
FLOS.L,2024-04-24,485.25,GBp
GB00B1FXTF86,2024-04-24,9.10,GBP
GHYS.L,2024-04-24,85.815,GBP
GRAB,2024-04-24,3.48,USD
IDTG.L,2024-04-24,3.03725,GBP
IE0008368742,2024-04-24,156.05,USD
IE00B0M63516,2024-04-24,24.58,USD
IGLS.L,2024-04-24,126,GBP
IGWD.L,2024-04-24,8868,GBp
INXG.L,2024-04-24,13.042,GBP
ISPE.L,2024-04-24,5.542,GBP
IUAG.L,2024-04-24,91.13,USD
IWDG.L,2024-04-24,852.5,GBp
JFM0003373,2024-04-24,140.47,USD
KNSL,2024-04-24,458.59,USD
LU0164881194,2024-04-24,300.15,USD
LU0196696453,2024-04-24,15.71,USD
MU0129U00005,2024-04-24,346.52,USD
QQQ,2024-04-24,426.51,USD
SGLN.L,2024-04-24,3642,GBp
0639.HK,2024-04-25,2.95,HKD
0P00000YAN,2024-04-25,140.3,USD
BCHS.L,2024-04-25,7201,GBp
BMV7ZZ3,2024-04-25,792.75,GBX
CNX1.L,2024-04-25,78748,GBp
DPYG.L,2024-04-25,4.44575,GBP
EWQX.L,2024-04-25,450.9,GBp
FLOS.L,2024-04-25,485.375,GBp
GB00B1FXTF86,2024-04-25,9.02,GBP
GHYS.L,2024-04-25,85.57,GBP
GRAB,2024-04-25,3.5,USD
IDTG.L,2024-04-25,3.023,GBP
IE0008368742,2024-04-25,155.55,USD
IE00B0M63516,2024-04-25,24.50,USD
IGLS.L,2024-04-25,126.04,GBP
IGWD.L,2024-04-25,8783.5,GBp
INXG.L,2024-04-25,13,GBP
ISPE.L,2024-04-25,5.508,GBP
IUAG.L,2024-04-25,90.96,USD
IWDG.L,2024-04-25,844.5,GBp
JFM0003373,2024-04-25,140.3,USD
KNSL,2024-04-25,453.09,USD
LU0164881194,2024-04-25,303.83,USD
LU0196696453,2024-04-25,15.60,USD
MU0129U00005,2024-04-25,346.43,USD
QQQ,2024-04-25,424.45,USD
SGLN.L,2024-04-25,3631,GBp
0639.HK,2024-04-26,2.92,HKD
0P00000YAN,2024-04-26,139.36,USD
BCHS.L,2024-04-26,7263.5,GBp
BMV7ZZ3,2024-04-26,819.20,GBX
CNX1.L,2024-04-26,81038,GBp
DPYG.L,2024-04-26,4.4965,GBP
EWQX.L,2024-04-26,457.825,GBp
FLOS.L,2024-04-26,485.85,GBp
GB00B1FXTF86,2024-04-26,9.07,GBP
GHYS.L,2024-04-26,85.985,GBP
GRAB,2024-04-26,3.5,USD
IDTG.L,2024-04-26,3.03925,GBP
IE0008368742,2024-04-26,158.05,USD
IE00B0M63516,2024-04-26,25.06,USD
IGLS.L,2024-04-26,126.02,GBP
IGWD.L,2024-04-26,8920,GBp
INXG.L,2024-04-26,13.066,GBP
ISPE.L,2024-04-26,5.5505,GBP
IUAG.L,2024-04-26,91.16,USD
IWDG.L,2024-04-26,858.25,GBp
JFM0003373,2024-04-26,139.36,USD
KNSL,2024-04-26,374.64,USD
LU0164881194,2024-04-26,303.20,USD
LU0196696453,2024-04-26,15.99,USD
MU0129U00005,2024-04-26,345.60,USD
QQQ,2024-04-26,431,USD
SGLN.L,2024-04-26,3644,GBp
0639.HK,2024-04-29,2.93,HKD
0P00000YAN,2024-04-29,140.44,USD
BCHS.L,2024-04-29,7240,GBp
BMV7ZZ3,2024-04-29,822.65,GBX
CNX1.L,2024-04-29,80685,GBp
DPYG.L,2024-04-29,4.5265,GBP
EWQX.L,2024-04-29,456.3,GBp
FLOS.L,2024-04-29,485.725,GBp
GB00B1FXTF86,2024-04-29,9.09,GBP
GHYS.L,2024-04-29,85.99,GBP
GRAB,2024-04-29,3.5,USD
IDTG.L,2024-04-29,3.058,GBP
IE0008368742,2024-04-29,159.64,USD
IE00B0M63516,2024-04-29,25.23,USD
IGLS.L,2024-04-29,126.155,GBP
IGWD.L,2024-04-29,8947.5,GBp
INXG.L,2024-04-29,13.144,GBP
ISPE.L,2024-04-29,5.5865,GBP
IUAG.L,2024-04-29,91.39,USD
IWDG.L,2024-04-29,860.5,GBp
JFM0003373,2024-04-29,140.44,USD
KNSL,2024-04-29,358,USD
LU0164881194,2024-04-29,303.84,USD
LU0196696453,2024-04-29,16.11,USD
MU0129U00005,2024-04-29,348.54,USD
QQQ,2024-04-29,432.75,USD
SGLN.L,2024-04-29,3623,GBp
0639.HK,2024-04-30,2.99,HKD
0P00000YAN,2024-04-30,140.31,USD
BCHS.L,2024-04-30,6901,GBp
BMV7ZZ3,2024-04-30,813.80,GBX
CNX1.L,2024-04-30,80388,GBp
DPYG.L,2024-04-30,4.51725,GBP
EWQX.L,2024-04-30,453.425,GBp
FLOS.L,2024-04-30,485.825,GBp
GB00B1FXTF86,2024-04-30,9.07,GBP
GHYS.L,2024-04-30,85.86,GBP
GRAB,2024-04-30,3.5,USD
IDTG.L,2024-04-30,3.04775,GBP
IE0008368742,2024-04-30,160.56,USD
IE00B0M63516,2024-04-30,24.78,USD
IGLS.L,2024-04-30,125.96,GBP
IGWD.L,2024-04-30,8901.5,GBp
INXG.L,2024-04-30,13.096,GBP
ISPE.L,2024-04-30,5.5415,GBP
IUAG.L,2024-04-30,91.33,USD
IWDG.L,2024-04-30,856.75,GBp
JFM0003373,2024-04-30,140.31,USD
KNSL,2024-04-30,363.25,USD
LU0164881194,2024-04-30,304.17,USD
LU0196696453,2024-04-30,15.81,USD
MU0129U00005,2024-04-30,349.19,USD
QQQ,2024-04-30,424.59,USD
SGLN.L,2024-04-30,3570,GBp
BCHS.L,2024-05-01,6658,GBp
BMV7ZZ3,2024-05-01,802.80,GBX
CNX1.L,2024-05-01,79168.5,GBp
DPYG.L,2024-05-01,4.4915,GBP
EWQX.L,2024-05-01,447.425,GBp
FLOS.L,2024-05-01,486.025,GBp
GHYS.L,2024-05-01,85.815,GBP
GRAB,2024-05-01,3.49,USD
IDTG.L,2024-05-01,3.052,GBP
IE00B0M63516,2024-05-01,24.68,USD
IGLS.L,2024-05-01,125.9,GBP
IGWD.L,2024-05-01,8804.5,GBp
INXG.L,2024-05-01,13.008,GBP
ISPE.L,2024-05-01,5.485,GBP
IUAG.L,2024-05-01,91.145,USD
IWDG.L,2024-05-01,847.75,GBp
KNSL,2024-05-01,378.61,USD
QQQ,2024-05-01,421.52,USD
SGLN.L,2024-05-01,3595,GBp
0639.HK,2024-05-02,2.87,HKD
0P00000YAN,2024-05-02,140.05,USD
BCHS.L,2024-05-02,6853.5,GBp
BMV7ZZ3,2024-05-02,818.50,GBX
CNX1.L,2024-05-02,79463,GBp
DPYG.L,2024-05-02,4.5085,GBP
EWQX.L,2024-05-02,448.875,GBp
FLOS.L,2024-05-02,486.45,GBp
GB00B1FXTF86,2024-05-02,9.18,GBP
GHYS.L,2024-05-02,86.16,GBP
GRAB,2024-05-02,3.5,USD
IDTG.L,2024-05-02,3.055,GBP
IE0008368742,2024-05-02,162.21,USD
IE00B0M63516,2024-05-02,25.20,USD
IGLS.L,2024-05-02,126.24,GBP
IGWD.L,2024-05-02,8833,GBp
INXG.L,2024-05-02,13.056,GBP
ISPE.L,2024-05-02,5.4965,GBP
IUAG.L,2024-05-02,91.61,USD
IWDG.L,2024-05-02,848.5,GBp
JFM0003373,2024-05-02,140.05,USD
KNSL,2024-05-02,373.11,USD
LU0164881194,2024-05-02,304.85,USD
LU0196696453,2024-05-02,16.05,USD
MU0129U00005,2024-05-02,349.71,USD
QQQ,2024-05-02,426.9,USD
SGLN.L,2024-05-02,3586.5,GBp
0639.HK,2024-05-03,2.94,HKD
0P00000YAN,2024-05-03,141.55,USD
BCHS.L,2024-05-03,7012,GBp
BMV7ZZ3,2024-05-03,825.60,GBX
CNX1.L,2024-05-03,81072.5,GBp
DPYG.L,2024-05-03,4.5825,GBP
EWQX.L,2024-05-03,454.85,GBp
FLOS.L,2024-05-03,486.675,GBp
GB00B1FXTF86,2024-05-03,9.13,GBP
GHYS.L,2024-05-03,86.505,GBP
GRAB,2024-05-03,3.53,USD
IDTG.L,2024-05-03,3.0945,GBP
IE0008368742,2024-05-03,164.71,USD
IE00B0M63516,2024-05-03,25.68,USD
IGLS.L,2024-05-03,126.5,GBP
IGWD.L,2024-05-03,8946,GBp
INXG.L,2024-05-03,13.154,GBP
ISPE.L,2024-05-03,5.548,GBP
IUAG.L,2024-05-03,92.3,USD
IWDG.L,2024-05-03,860,GBp
JFM0003373,2024-05-03,141.55,USD
KNSL,2024-05-03,382.37,USD
LU0164881194,2024-05-03,302.48,USD
LU0196696453,2024-05-03,16.41,USD
MU0129U00005,2024-05-03,347.64,USD
QQQ,2024-05-03,435.48,USD
SGLN.L,2024-05-03,3554,GBp
0639.HK,2024-05-06,2.97,HKD
0P00000YAN,2024-05-06,141.94,USD
GRAB,2024-05-06,3.53,USD
JFM0003373,2024-05-06,141.94,USD
KNSL,2024-05-06,393.98,USD
LU0164881194,2024-05-06,301.48,USD
MU0129U00005,2024-05-06,349.82,USD
QQQ,2024-05-06,440.25,USD
0639.HK,2024-05-07,3.05,HKD
0P00000YAN,2024-05-07,141.55,USD
BCHS.L,2024-05-07,7128,GBp
BMV7ZZ3,2024-05-07,846.75,GBX
CNX1.L,2024-05-07,82467.5,GBp
DPYG.L,2024-05-07,4.63425,GBP
EWQX.L,2024-05-07,460.775,GBp
FLOS.L,2024-05-07,486.6,GBp
GB00B1FXTF86,2024-05-07,9.19,GBP
GHYS.L,2024-05-07,86.715,GBP
GRAB,2024-05-07,3.5,USD
IDTG.L,2024-05-07,3.148,GBP
IE0008368742,2024-05-07,167.06,USD
IE00B0M63516,2024-05-07,25.91,USD
IGLS.L,2024-05-07,126.66,GBP
IGWD.L,2024-05-07,9081,GBp
INXG.L,2024-05-07,13.329,GBP
ISPE.L,2024-05-07,5.631,GBP
IUAG.L,2024-05-07,92.62,USD
IWDG.L,2024-05-07,873.75,GBp
JFM0003373,2024-05-07,141.55,USD
KNSL,2024-05-07,396.29,USD
LU0164881194,2024-05-07,297.67,USD
LU0196696453,2024-05-07,16.58,USD
MU0129U00005,2024-05-07,348.55,USD
QQQ,2024-05-07,440.32,USD
SGLN.L,2024-05-07,3588,GBp
0639.HK,2024-05-08,3.12,HKD
0P00000YAN,2024-05-08,140.85,USD
BCHS.L,2024-05-08,6995,GBp
BMV7ZZ3,2024-05-08,838.80,GBX
CNX1.L,2024-05-08,82546,GBp
DPYG.L,2024-05-08,4.5995,GBP
EWQX.L,2024-05-08,459.975,GBp
FLOS.L,2024-05-08,486.55,GBp
GB00B1FXTF86,2024-05-08,9.26,GBP
GHYS.L,2024-05-08,86.66,GBP
GRAB,2024-05-08,3.5,USD
IDTG.L,2024-05-08,3.12025,GBP
IE0008368742,2024-05-08,164.52,USD
IE00B0M63516,2024-05-08,25.73,USD
IGLS.L,2024-05-08,126.63,GBP
IGWD.L,2024-05-08,9076,GBp
INXG.L,2024-05-08,13.35,GBP
ISPE.L,2024-05-08,5.616,GBP
IUAG.L,2024-05-08,92.4,USD
IWDG.L,2024-05-08,873,GBp
JFM0003373,2024-05-08,140.85,USD
KNSL,2024-05-08,386.07,USD
LU0164881194,2024-05-08,298.45,USD
LU0196696453,2024-05-08,16.40,USD
MU0129U00005,2024-05-08,347.92,USD
QQQ,2024-05-08,440.06,USD
SGLN.L,2024-05-08,3607,GBp
0639.HK,2024-05-09,3.23,HKD
0P00000YAN,2024-05-09,140.91,USD
BCHS.L,2024-05-09,7071.5,GBp
BMV7ZZ3,2024-05-09,833.00,GBX
CNX1.L,2024-05-09,82657,GBp
DPYG.L,2024-05-09,4.60725,GBP
EWQX.L,2024-05-09,461.075,GBp
FLOS.L,2024-05-09,486.7,GBp
GB00B1FXTF86,2024-05-09,9.11,GBP
GHYS.L,2024-05-09,86.66,GBP
GRAB,2024-05-09,3.55,USD
IDTG.L,2024-05-09,3.11175,GBP
IE0008368742,2024-05-09,167.37,USD
IE00B0M63516,2024-05-09,25.20,USD
IGLS.L,2024-05-09,126.83,GBP
IGWD.L,2024-05-09,9108,GBp
INXG.L,2024-05-09,13.35,GBP
ISPE.L,2024-05-09,5.645,GBP
IUAG.L,2024-05-09,92.35,USD
IWDG.L,2024-05-09,876.625,GBp
JFM0003373,2024-05-09,140.91,USD
KNSL,2024-05-09,381.27,USD
MU0129U00005,2024-05-09,344.10,USD
QQQ,2024-05-09,441.02,USD
SGLN.L,2024-05-09,3627.5,GBp
0639.HK,2024-05-10,3.25,HKD
0P00000YAN,2024-05-10,141.19,USD
BCHS.L,2024-05-10,6953,GBp
BMV7ZZ3,2024-05-10,828.00,GBX
CNX1.L,2024-05-10,82701,GBp
DPYG.L,2024-05-10,4.62875,GBP
EWQX.L,2024-05-10,462.075,GBp
FLOS.L,2024-05-10,487.15,GBp
GB00B1FXTF86,2024-05-10,9.14,GBP
GHYS.L,2024-05-10,86.455,GBP
GRAB,2024-05-10,3.5,USD
IDTG.L,2024-05-10,3.111,GBP
IE0008368742,2024-05-10,168.90,USD
IE00B0M63516,2024-05-10,25.16,USD
IGLS.L,2024-05-10,126.76,GBP
IGWD.L,2024-05-10,9136,GBp
INXG.L,2024-05-10,13.316,GBP
ISPE.L,2024-05-10,5.6705,GBP
IUAG.L,2024-05-10,92.35,USD
IWDG.L,2024-05-10,879.25,GBp
JFM0003373,2024-05-10,141.19,USD
KNSL,2024-05-10,380.65,USD
LU0164881194,2024-05-10,295.36,USD
LU0196696453,2024-05-10,16.06,USD
MU0129U00005,2024-05-10,346.58,USD
QQQ,2024-05-10,442.06,USD
SGLN.L,2024-05-10,3674.5,GBp
0639.HK,2024-05-13,3.34,HKD
0P00000YAN,2024-05-13,141.54,USD
BCHS.L,2024-05-13,6910.5,GBp
BMV7ZZ3,2024-05-13,822.60,GBX
CNX1.L,2024-05-13,82646,GBp
DPYG.L,2024-05-13,4.626,GBP
EWQX.L,2024-05-13,462.725,GBp
FLOS.L,2024-05-13,487.275,GBp
GB00B1FXTF86,2024-05-13,9.13,GBP
GHYS.L,2024-05-13,86.49,GBP
GRAB,2024-05-13,3.54,USD
IDTG.L,2024-05-13,3.119,GBP
IE0008368742,2024-05-13,169.61,USD
IE00B0M63516,2024-05-13,25.15,USD
IGLS.L,2024-05-13,126.67,GBP
IGWD.L,2024-05-13,9141.5,GBp
INXG.L,2024-05-13,13.324,GBP
ISPE.L,2024-05-13,5.682,GBP
IUAG.L,2024-05-13,92.43,USD
IWDG.L,2024-05-13,879,GBp
JFM0003373,2024-05-13,141.54,USD
KNSL,2024-05-13,375.41,USD
LU0164881194,2024-05-13,296.21,USD
LU0196696453,2024-05-13,16.07,USD
MU0129U00005,2024-05-13,348.57,USD
QQQ,2024-05-13,443.08,USD
SGLN.L,2024-05-13,3614,GBp
0639.HK,2024-05-14,3.16,HKD
0P00000YAN,2024-05-14,142.1,USD
BCHS.L,2024-05-14,6922.5,GBp
BMV7ZZ3,2024-05-14,829.10,GBX
CNX1.L,2024-05-14,82809.5,GBp
DPYG.L,2024-05-14,4.655,GBP
EWQX.L,2024-05-14,462.375,GBp
FLOS.L,2024-05-14,487.175,GBp
GB00B1FXTF86,2024-05-14,9.17,GBP
GHYS.L,2024-05-14,86.475,GBP
GRAB,2024-05-14,3.56,USD
IDTG.L,2024-05-14,3.126,GBP
IE0008368742,2024-05-14,168.68,USD
IE00B0M63516,2024-05-14,25.43,USD
IGLS.L,2024-05-14,126.75,GBP
IGWD.L,2024-05-14,9159.5,GBp
INXG.L,2024-05-14,13.341,GBP
ISPE.L,2024-05-14,5.685,GBP
IUAG.L,2024-05-14,92.51,USD
IWDG.L,2024-05-14,880.25,GBp
JFM0003373,2024-05-14,142.1,USD
KNSL,2024-05-14,378.15,USD
LU0164881194,2024-05-14,298.36,USD
LU0196696453,2024-05-14,16.20,USD
MU0129U00005,2024-05-14,349.30,USD
QQQ,2024-05-14,445.93,USD
SGLN.L,2024-05-14,3636,GBp
BCHS.L,2024-05-15,7048.5,GBp
BMV7ZZ3,2024-05-15,831.00,GBX
CNX1.L,2024-05-15,83321.5,GBp
DPYG.L,2024-05-15,4.7055,GBP
EWQX.L,2024-05-15,463.275,GBp
FLOS.L,2024-05-15,487.4,GBp
GB00B1FXTF86,2024-05-15,9.20,GBP
GHYS.L,2024-05-15,86.64,GBP
GRAB,2024-05-15,3.6,USD
IDTG.L,2024-05-15,3.174,GBP
IE00B0M63516,2024-05-15,25.22,USD
IGLS.L,2024-05-15,127.04,GBP
IGWD.L,2024-05-15,9245.5,GBp
INXG.L,2024-05-15,13.538,GBP
ISPE.L,2024-05-15,5.732,GBP
IUAG.L,2024-05-15,93.15,USD
IWDG.L,2024-05-15,889.5,GBp
KNSL,2024-05-15,382.6,USD
LU0164881194,2024-05-15,298.34,USD
LU0196696453,2024-05-15,16.11,USD
QQQ,2024-05-15,452.9,USD
SGLN.L,2024-05-15,3660.5,GBp
0639.HK,2024-05-16,3.2,HKD
0P00000YAN,2024-05-16,144.26,USD
BCHS.L,2024-05-16,7148.5,GBp
BMV7ZZ3,2024-05-16,841.05,GBX
CNX1.L,2024-05-16,84015.5,GBp
DPYG.L,2024-05-16,4.667,GBP
EWQX.L,2024-05-16,466.825,GBp
FLOS.L,2024-05-16,473.45,GBp
GB00B1FXTF86,2024-05-16,9.28,GBP
GHYS.L,2024-05-16,86.94,GBP
GRAB,2024-05-16,3.65,USD
IDTG.L,2024-05-16,3.182,GBP
IE0008368742,2024-05-16,170.39,USD
IE00B0M63516,2024-05-16,25.22,USD
IGLS.L,2024-05-16,127.01,GBP
IGWD.L,2024-05-16,9291,GBp
INXG.L,2024-05-16,13.366,GBP
ISPE.L,2024-05-16,5.747,GBP
IUAG.L,2024-05-16,91.66,USD
IWDG.L,2024-05-16,893.5,GBp
JFM0003373,2024-05-16,144.26,USD
KNSL,2024-05-16,383.87,USD
LU0164881194,2024-05-16,301.40,USD
LU0196696453,2024-05-16,16.20,USD
MU0129U00005,2024-05-16,352.47,USD
QQQ,2024-05-16,451.98,USD
SGLN.L,2024-05-16,3655,GBp
0639.HK,2024-05-17,3.22,HKD
0P00000YAN,2024-05-17,145.28,USD
BCHS.L,2024-05-17,7183,GBp
BMV7ZZ3,2024-05-17,840.25,GBX
CNX1.L,2024-05-17,83382,GBp
DPYG.L,2024-05-17,4.6535,GBP
EWQX.L,2024-05-17,464.025,GBp
FLOS.L,2024-05-17,473.45,GBp
GB00B1FXTF86,2024-05-17,9.42,GBP
GHYS.L,2024-05-17,86.62,GBP
GRAB,2024-05-17,3.72,USD
IDTG.L,2024-05-17,3.16275,GBP
IE0008368742,2024-05-17,170.84,USD
IE00B0M63516,2024-05-17,25.23,USD
IGLS.L,2024-05-17,126.82,GBP
IGWD.L,2024-05-17,9255,GBp
INXG.L,2024-05-17,13.25,GBP
ISPE.L,2024-05-17,5.724,GBP
IUAG.L,2024-05-17,91.26,USD
IWDG.L,2024-05-17,890.25,GBp
JFM0003373,2024-05-17,145.28,USD
KNSL,2024-05-17,390.92,USD
LU0164881194,2024-05-17,303.39,USD
LU0196696453,2024-05-17,16.16,USD
MU0129U00005,2024-05-17,356.99,USD
QQQ,2024-05-17,451.76,USD
SGLN.L,2024-05-17,3684.5,GBp
0639.HK,2024-05-20,3.31,HKD
0P00000YAN,2024-05-20,144.67,USD
BCHS.L,2024-05-20,7197.5,GBp
BMV7ZZ3,2024-05-20,841.75,GBX
CNX1.L,2024-05-20,83827,GBp
DPYG.L,2024-05-20,4.6685,GBP
EWQX.L,2024-05-20,465.825,GBp
FLOS.L,2024-05-20,473.525,GBp
GB00B1FXTF86,2024-05-20,9.42,GBP
GHYS.L,2024-05-20,86.67,GBP
GRAB,2024-05-20,3.74,USD
IDTG.L,2024-05-20,3.1435,GBP
IE0008368742,2024-05-20,171.85,USD
IE00B0M63516,2024-05-20,25.42,USD
IGLS.L,2024-05-20,126.78,GBP
IGWD.L,2024-05-20,9303,GBp
INXG.L,2024-05-20,13.151,GBP
ISPE.L,2024-05-20,5.753,GBP
IUAG.L,2024-05-20,91.145,USD
IWDG.L,2024-05-20,895.25,GBp
JFM0003373,2024-05-20,144.67,USD
KNSL,2024-05-20,385.36,USD
QQQ,2024-05-20,454.91,USD
SGLN.L,2024-05-20,3706,GBp
0639.HK,2024-05-21,3.23,HKD
0P00000YAN,2024-05-21,143.43,USD
BCHS.L,2024-05-21,7356.5,GBp
BMV7ZZ3,2024-05-21,837.50,GBX
CNX1.L,2024-05-21,83760,GBp
DPYG.L,2024-05-21,4.62725,GBP
EWQX.L,2024-05-21,464.475,GBp
FLOS.L,2024-05-21,473.45,GBp
GB00B1FXTF86,2024-05-21,9.31,GBP
GHYS.L,2024-05-21,86.77,GBP
GRAB,2024-05-21,3.72,USD
IDTG.L,2024-05-21,3.15925,GBP
IE0008368742,2024-05-21,168.06,USD
IE00B0M63516,2024-05-21,25.16,USD
IGLS.L,2024-05-21,126.87,GBP
IGWD.L,2024-05-21,9281,GBp
INXG.L,2024-05-21,13.158,GBP
ISPE.L,2024-05-21,5.722,GBP
IUAG.L,2024-05-21,91.35,USD
IWDG.L,2024-05-21,892.5,GBp
JFM0003373,2024-05-21,143.43,USD
KNSL,2024-05-21,385.44,USD
LU0164881194,2024-05-21,303.37,USD
LU0196696453,2024-05-21,16.08,USD
MU0129U00005,2024-05-21,355.30,USD
QQQ,2024-05-21,455.8,USD
SGLN.L,2024-05-21,3718,GBp
0639.HK,2024-05-22,3.48,HKD
BCHS.L,2024-05-22,7426,GBp
BMV7ZZ3,2024-05-22,839.00,GBX
CNX1.L,2024-05-22,84081,GBp
DPYG.L,2024-05-22,4.62475,GBP
EWQX.L,2024-05-22,466,GBp
FLOS.L,2024-05-22,473.55,GBp
GB00B1FXTF86,2024-05-22,9.36,GBP
GHYS.L,2024-05-22,86.675,GBP
GRAB,2024-05-22,3.7,USD
IDTG.L,2024-05-22,3.1665,GBP
IE0008368742,2024-05-22,167.45,USD
IE00B0M63516,2024-05-22,24.71,USD
IGLS.L,2024-05-22,126.49,GBP
IGWD.L,2024-05-22,9273,GBp
INXG.L,2024-05-22,13.096,GBP
ISPE.L,2024-05-22,5.724,GBP
IUAG.L,2024-05-22,91.18,USD
IWDG.L,2024-05-22,892.25,GBp
KNSL,2024-05-22,393.41,USD
LU0164881194,2024-05-22,304.22,USD
LU0196696453,2024-05-22,15.77,USD
MU0129U00005,2024-05-22,356.09,USD
QQQ,2024-05-22,455.71,USD
SGLN.L,2024-05-22,3650,GBp
0639.HK,2024-05-23,3.43,HKD
0P00000YAN,2024-05-23,143.22,USD
BCHS.L,2024-05-23,7253.5,GBp
BMV7ZZ3,2024-05-23,832.00,GBX
CNX1.L,2024-05-23,84503,GBp
DPYG.L,2024-05-23,4.556,GBP
EWQX.L,2024-05-23,466.125,GBp
FLOS.L,2024-05-23,473.825,GBp
GB00B1FXTF86,2024-05-23,9.40,GBP
GHYS.L,2024-05-23,86.535,GBP
GRAB,2024-05-23,3.67,USD
IDTG.L,2024-05-23,3.1425,GBP
IE0008368742,2024-05-23,165.08,USD
IE00B0M63516,2024-05-23,24.54,USD
IGLS.L,2024-05-23,126.46,GBP
IGWD.L,2024-05-23,9271,GBp
INXG.L,2024-05-23,13.042,GBP
ISPE.L,2024-05-23,5.677,GBP
IUAG.L,2024-05-23,90.8,USD
IWDG.L,2024-05-23,892,GBp
JFM0003373,2024-05-23,143.22,USD
KNSL,2024-05-23,387.24,USD
LU0164881194,2024-05-23,306.96,USD
LU0196696453,2024-05-23,15.55,USD
MU0129U00005,2024-05-23,360.79,USD
QQQ,2024-05-23,453.66,USD
SGLN.L,2024-05-23,3586,GBp
0639.HK,2024-05-24,3.41,HKD
0P00000YAN,2024-05-24,142.59,USD
BCHS.L,2024-05-24,7294.5,GBp
BMV7ZZ3,2024-05-24,830.60,GBX
CNX1.L,2024-05-24,84354,GBp
DPYG.L,2024-05-24,4.52675,GBP
EWQX.L,2024-05-24,464.925,GBp
FLOS.L,2024-05-24,474.1,GBp
GB00B1FXTF86,2024-05-24,9.39,GBP
GHYS.L,2024-05-24,86.645,GBP
GRAB,2024-05-24,3.66,USD
IDTG.L,2024-05-24,3.15,GBP
IE0008368742,2024-05-24,162.93,USD
IE00B0M63516,2024-05-24,24.47,USD
IGLS.L,2024-05-24,126.53,GBP
IGWD.L,2024-05-24,9260,GBp
INXG.L,2024-05-24,13.024,GBP
ISPE.L,2024-05-24,5.6725,GBP
IUAG.L,2024-05-24,91.06,USD
IWDG.L,2024-05-24,890.5,GBp
JFM0003373,2024-05-24,142.59,USD
KNSL,2024-05-24,391.99,USD
LU0164881194,2024-05-24,307.46,USD
LU0196696453,2024-05-24,15.61,USD
MU0129U00005,2024-05-24,361.00,USD
QQQ,2024-05-24,457.95,USD
SGLN.L,2024-05-24,3559,GBp
0639.HK,2024-05-27,3.44,HKD
IE0008368742,2024-05-27,165.27,USD
IE00B0M63516,2024-05-27,24.27,USD
LU0164881194,2024-05-27,307.15,USD
MU0129U00005,2024-05-27,360.15,USD
0639.HK,2024-05-28,3.54,HKD
0P00000YAN,2024-05-28,141.97,USD
BCHS.L,2024-05-28,7326,GBp
BMV7ZZ3,2024-05-28,826.00,GBX
CNX1.L,2024-05-28,84228,GBp
DPYG.L,2024-05-28,4.51925,GBP
EWQX.L,2024-05-28,459.775,GBp
FLOS.L,2024-05-28,473.9,GBp
GB00B1FXTF86,2024-05-28,9.26,GBP
GHYS.L,2024-05-28,86.7,GBP
GRAB,2024-05-28,3.65,USD
IDTG.L,2024-05-28,3.1325,GBP
IE0008368742,2024-05-28,164.73,USD
IE00B0M63516,2024-05-28,24.46,USD
IGLS.L,2024-05-28,126.41,GBP
IGWD.L,2024-05-28,9251,GBp
INXG.L,2024-05-28,12.971,GBP
ISPE.L,2024-05-28,5.651,GBP
IUAG.L,2024-05-28,90.92,USD
IWDG.L,2024-05-28,890.25,GBp
JFM0003373,2024-05-28,141.97,USD
KNSL,2024-05-28,378.95,USD
LU0164881194,2024-05-28,305.25,USD
LU0196696453,2024-05-28,15.48,USD
MU0129U00005,2024-05-28,359.63,USD
QQQ,2024-05-28,459.68,USD
SGLN.L,2024-05-28,3590.5,GBp
0639.HK,2024-05-29,3.52,HKD
0P00000YAN,2024-05-29,140.15,USD
BCHS.L,2024-05-29,7193,GBp
BMV7ZZ3,2024-05-29,822.00,GBX
CNX1.L,2024-05-29,84261,GBp
DPYG.L,2024-05-29,4.4415,GBP
EWQX.L,2024-05-29,457,GBp
FLOS.L,2024-05-29,474.2,GBp
GB00B1FXTF86,2024-05-29,9.21,GBP
GHYS.L,2024-05-29,86.325,GBP
GRAB,2024-05-29,3.64,USD
IDTG.L,2024-05-29,3.0745,GBP
IE0008368742,2024-05-29,161.84,USD
IE00B0M63516,2024-05-29,23.92,USD
IGLS.L,2024-05-29,126.23,GBP
IGWD.L,2024-05-29,9179.5,GBp
INXG.L,2024-05-29,12.777,GBP
ISPE.L,2024-05-29,5.566,GBP
IUAG.L,2024-05-29,90.16,USD
IWDG.L,2024-05-29,883.25,GBp
JFM0003373,2024-05-29,140.15,USD
KNSL,2024-05-29,377.31,USD
LU0164881194,2024-05-29,302.07,USD
LU0196696453,2024-05-29,15.20,USD
MU0129U00005,2024-05-29,355.50,USD
QQQ,2024-05-29,456.44,USD
SGLN.L,2024-05-29,3576,GBp
0639.HK,2024-05-30,3.5,HKD
0P00000YAN,2024-05-30,139.49,USD
BCHS.L,2024-05-30,7136.5,GBp
BMV7ZZ3,2024-05-30,810.90,GBX
CNX1.L,2024-05-30,83375.5,GBp
DPYG.L,2024-05-30,4.50275,GBP
EWQX.L,2024-05-30,453.95,GBp
FLOS.L,2024-05-30,474.55,GBp
GB00B1FXTF86,2024-05-30,9.19,GBP
GHYS.L,2024-05-30,86.59,GBP
GRAB,2024-05-30,3.65,USD
IDTG.L,2024-05-30,3.1035,GBP
IE0008368742,2024-05-30,160.18,USD
IE00B0M63516,2024-05-30,23.97,USD
IGLS.L,2024-05-30,126.45,GBP
IGWD.L,2024-05-30,9167,GBp
INXG.L,2024-05-30,12.853,GBP
ISPE.L,2024-05-30,5.584,GBP
IUAG.L,2024-05-30,90.59,USD
IWDG.L,2024-05-30,882,GBp
JFM0003373,2024-05-30,139.49,USD
KNSL,2024-05-30,385.96,USD
LU0164881194,2024-05-30,299.74,USD
MU0129U00005,2024-05-30,351.08,USD
QQQ,2024-05-30,451.55,USD
SGLN.L,2024-05-30,3578,GBp
0639.HK,2024-05-31,3.57,HKD
0P00000YAN,2024-05-31,139.96,USD
BCHS.L,2024-05-31,7055,GBp
BMV7ZZ3,2024-05-31,803.05,GBX
CNX1.L,2024-05-31,82017.5,GBp
DPYG.L,2024-05-31,4.543,GBP
EWQX.L,2024-05-31,449.275,GBp
FLOS.L,2024-05-31,474.55,GBp
GB00B1FXTF86,2024-05-31,9.13,GBP
GHYS.L,2024-05-31,86.81,GBP
GRAB,2024-05-31,3.67,USD
IDTG.L,2024-05-31,3.125,GBP
IE0008368742,2024-05-31,158.18,USD
IE00B0M63516,2024-05-31,23.68,USD
IGLS.L,2024-05-31,126.6,GBP
IGWD.L,2024-05-31,9123,GBp
INXG.L,2024-05-31,13.022,GBP
ISPE.L,2024-05-31,5.587,GBP
IUAG.L,2024-05-31,90.99,USD
IWDG.L,2024-05-31,877,GBp
JFM0003373,2024-05-31,139.96,USD
KNSL,2024-05-31,383.62,USD
LU0164881194,2024-05-31,301.05,USD
LU0196696453,2024-05-31,14.94,USD
MU0129U00005,2024-05-31,350.53,USD
QQQ,2024-05-31,450.71,USD
SGLN.L,2024-05-31,3563,GBp
0639.HK,2024-06-03,3.53,HKD
0P00000YAN,2024-06-03,141.02,USD
BCHS.L,2024-06-03,7171,GBp
BMV7ZZ3,2024-06-03,813.20,GBX
CNX1.L,2024-06-03,82838.5,GBp
DPYG.L,2024-06-03,4.578,GBP
EWQX.L,2024-06-03,451.275,GBp
FLOS.L,2024-06-03,474.6,GBp
GB00B1FXTF86,2024-06-03,9.38,GBP
GHYS.L,2024-06-03,86.87,GBP
GRAB,2024-06-03,3.67,USD
IDTG.L,2024-06-03,3.166,GBP
IE00B0M63516,2024-06-03,23.70,USD
IGLS.L,2024-06-03,126.7,GBP
IGWD.L,2024-06-03,9205,GBp
INXG.L,2024-06-03,13.124,GBP
ISPE.L,2024-06-03,5.6265,GBP
IUAG.L,2024-06-03,91.5,USD
IWDG.L,2024-06-03,884.75,GBp
JFM0003373,2024-06-03,141.02,USD
KNSL,2024-06-03,384.4,USD
LU0164881194,2024-06-03,311.56,USD
LU0196696453,2024-06-03,15.00,USD
MU0129U00005,2024-06-03,360.34,USD
QQQ,2024-06-03,453.13,USD
SGLN.L,2024-06-03,3562.5,GBp
0639.HK,2024-06-04,3.47,HKD
0P00000YAN,2024-06-04,141.44,USD
BCHS.L,2024-06-04,7174.5,GBp
BMV7ZZ3,2024-06-04,810.80,GBX
CNX1.L,2024-06-04,82796,GBp
DPYG.L,2024-06-04,4.605,GBP
EWQX.L,2024-06-04,450.675,GBp
FLOS.L,2024-06-04,474.7,GBp
GB00B1FXTF86,2024-06-04,8.97,GBP
GHYS.L,2024-06-04,86.73,GBP
GRAB,2024-06-04,3.66,USD
IDTG.L,2024-06-04,3.1985,GBP
IE0008368742,2024-06-04,161.58,USD
IE00B0M63516,2024-06-04,23.36,USD
IGLS.L,2024-06-04,126.79,GBP
IGWD.L,2024-06-04,9178,GBp
INXG.L,2024-06-04,13.222,GBP
ISPE.L,2024-06-04,5.606,GBP
IUAG.L,2024-06-04,91.59,USD
IWDG.L,2024-06-04,883,GBp
JFM0003373,2024-06-04,141.44,USD
KNSL,2024-06-04,380.61,USD
LU0164881194,2024-06-04,292.20,USD
LU0196696453,2024-06-04,14.74,USD
MU0129U00005,2024-06-04,344.51,USD
QQQ,2024-06-04,454.37,USD
SGLN.L,2024-06-04,3540,GBp
0639.HK,2024-06-05,3.31,HKD
0P00000YAN,2024-06-05,141.26,USD
BCHS.L,2024-06-05,7283,GBp
BMV7ZZ3,2024-06-05,822.15,GBX
CNX1.L,2024-06-05,84606,GBp
DPYG.L,2024-06-05,4.612,GBP
EWQX.L,2024-06-05,457.6,GBp
FLOS.L,2024-06-05,474.525,GBp
GB00B1FXTF86,2024-06-05,9.31,GBP
GHYS.L,2024-06-05,87.04,GBP
GRAB,2024-06-05,3.68,USD
IDTG.L,2024-06-05,3.224,GBP
IE0008368742,2024-06-05,161.14,USD
IE00B0M63516,2024-06-05,23.46,USD
IGLS.L,2024-06-05,126.73,GBP
IGWD.L,2024-06-05,9280.5,GBp
INXG.L,2024-06-05,13.194,GBP
ISPE.L,2024-06-05,5.6285,GBP
IUAG.L,2024-06-05,92.12,USD
IWDG.L,2024-06-05,892.75,GBp
JFM0003373,2024-06-05,141.26,USD
KNSL,2024-06-05,382.99,USD
LU0164881194,2024-06-05,301.87,USD
LU0196696453,2024-06-05,14.79,USD
MU0129U00005,2024-06-05,356.93,USD
QQQ,2024-06-05,463.53,USD
SGLN.L,2024-06-05,3582,GBp
0639.HK,2024-06-06,3.32,HKD
0P00000YAN,2024-06-06,142.04,USD
BCHS.L,2024-06-06,7442,GBp
BMV7ZZ3,2024-06-06,829.10,GBX
CNX1.L,2024-06-06,84962,GBp
DPYG.L,2024-06-06,4.6085,GBP
EWQX.L,2024-06-06,459.3,GBp
FLOS.L,2024-06-06,474.45,GBp
GB00B1FXTF86,2024-06-06,9.39,GBP
GHYS.L,2024-06-06,87.06,GBP
GRAB,2024-06-06,3.68,USD
IDTG.L,2024-06-06,3.2225,GBP
IE0008368742,2024-06-06,161.91,USD
IE00B0M63516,2024-06-06,23.83,USD
IGLS.L,2024-06-06,126.985,GBP
IGWD.L,2024-06-06,9324,GBp
INXG.L,2024-06-06,13.201,GBP
ISPE.L,2024-06-06,5.644,GBP
IUAG.L,2024-06-06,92.01,USD
IWDG.L,2024-06-06,896.75,GBp
JFM0003373,2024-06-06,142.04,USD
KNSL,2024-06-06,388.39,USD
LU0164881194,2024-06-06,306.37,USD
LU0196696453,2024-06-06,14.99,USD
MU0129U00005,2024-06-06,361.70,USD
QQQ,2024-06-06,463.37,USD
SGLN.L,2024-06-06,3612,GBp
0639.HK,2024-06-07,3.17,HKD
0P00000YAN,2024-06-07,142.02,USD
BCHS.L,2024-06-07,7480,GBp
BMV7ZZ3,2024-06-07,834.75,GBX
CNX1.L,2024-06-07,85382.5,GBp
DPYG.L,2024-06-07,4.56475,GBP
EWQX.L,2024-06-07,460.825,GBp
FLOS.L,2024-06-07,474.3,GBp
GB00B1FXTF86,2024-06-07,9.56,GBP
GHYS.L,2024-06-07,86.87,GBP
GRAB,2024-06-07,3.67,USD
IDTG.L,2024-06-07,3.179,GBP
IE0008368742,2024-06-07,160.52,USD
IE00B0M63516,2024-06-07,23.54,USD
IGLS.L,2024-06-07,126.815,GBP
IGWD.L,2024-06-07,9327,GBp
INXG.L,2024-06-07,13.052,GBP
ISPE.L,2024-06-07,5.6305,GBP
IUAG.L,2024-06-07,91.37,USD
IWDG.L,2024-06-07,896.5,GBp
JFM0003373,2024-06-07,142.02,USD
KNSL,2024-06-07,387.36,USD
LU0164881194,2024-06-07,310.64,USD
LU0196696453,2024-06-07,14.92,USD
MU0129U00005,2024-06-07,366.50,USD
QQQ,2024-06-07,462.96,USD
SGLN.L,2024-06-07,3528,GBp
BCHS.L,2024-06-10,7337,GBp
BMV7ZZ3,2024-06-10,833.25,GBX
CNX1.L,2024-06-10,85502,GBp
DPYG.L,2024-06-10,4.5605,GBP
EWQX.L,2024-06-10,459.875,GBp
FLOS.L,2024-06-10,475.15,GBp
GB00B1FXTF86,2024-06-10,9.61,GBP
GHYS.L,2024-06-10,86.82,GBP
GRAB,2024-06-10,3.64,USD
IDTG.L,2024-06-10,3.1545,GBP
IE00B0M63516,2024-06-10,22.93,USD
IGLS.L,2024-06-10,126.7,GBP
IGWD.L,2024-06-10,9314,GBp
INXG.L,2024-06-10,12.907,GBP
ISPE.L,2024-06-10,5.6095,GBP
IUAG.L,2024-06-10,91.2,USD
IWDG.L,2024-06-10,896,GBp
KNSL,2024-06-10,382.55,USD
LU0164881194,2024-06-10,310.74,USD
LU0196696453,2024-06-10,14.54,USD
QQQ,2024-06-10,464.83,USD
SGLN.L,2024-06-10,3522,GBp
0639.HK,2024-06-11,3.1,HKD
0P00000YAN,2024-06-11,140.46,USD
BCHS.L,2024-06-11,7082.5,GBp
BMV7ZZ3,2024-06-11,834.70,GBX
CNX1.L,2024-06-11,85662,GBp
DPYG.L,2024-06-11,4.5405,GBP
EWQX.L,2024-06-11,459.925,GBp
FLOS.L,2024-06-11,474.9,GBp
GB00B1FXTF86,2024-06-11,9.65,GBP
GHYS.L,2024-06-11,86.785,GBP
GRAB,2024-06-11,3.62,USD
IDTG.L,2024-06-11,3.1575,GBP
IE0008368742,2024-06-11,158.64,USD
IE00B0M63516,2024-06-11,22.98,USD
IGLS.L,2024-06-11,126.87,GBP
IGWD.L,2024-06-11,9289,GBp
INXG.L,2024-06-11,12.934,GBP
ISPE.L,2024-06-11,5.6,GBP
IUAG.L,2024-06-11,91.34,USD
IWDG.L,2024-06-11,893.125,GBp
JFM0003373,2024-06-11,140.46,USD
KNSL,2024-06-11,384.77,USD
LU0164881194,2024-06-11,311.93,USD
LU0196696453,2024-06-11,14.61,USD
MU0129U00005,2024-06-11,364.24,USD
QQQ,2024-06-11,468.02,USD
SGLN.L,2024-06-11,3531,GBp
0639.HK,2024-06-12,3.17,HKD
0P00000YAN,2024-06-12,141.17,USD
BCHS.L,2024-06-12,7426,GBp
BMV7ZZ3,2024-06-12,847.00,GBX
CNX1.L,2024-06-12,86676,GBp
DPYG.L,2024-06-12,4.61075,GBP
EWQX.L,2024-06-12,462.125,GBp
FLOS.L,2024-06-12,475.175,GBp
GB00B1FXTF86,2024-06-12,9.69,GBP
GHYS.L,2024-06-12,87.255,GBP
GRAB,2024-06-12,3.65,USD
IDTG.L,2024-06-12,3.2375,GBP
IE0008368742,2024-06-12,156.77,USD
IE00B0M63516,2024-06-12,22.54,USD
IGLS.L,2024-06-12,127.23,GBP
IGWD.L,2024-06-12,9400,GBp
INXG.L,2024-06-12,13.164,GBP
ISPE.L,2024-06-12,5.661,GBP
IUAG.L,2024-06-12,92.3,USD
IWDG.L,2024-06-12,905.5,GBp
JFM0003373,2024-06-12,141.17,USD
KNSL,2024-06-12,386.62,USD
LU0164881194,2024-06-12,311.69,USD
LU0196696453,2024-06-12,14.32,USD
MU0129U00005,2024-06-12,365.74,USD
QQQ,2024-06-12,474.15,USD
SGLN.L,2024-06-12,3532,GBp
0639.HK,2024-06-13,3.18,HKD
0P00000YAN,2024-06-13,141.36,USD
BCHS.L,2024-06-13,7361,GBp
BMV7ZZ3,2024-06-13,835.85,GBX
CNX1.L,2024-06-13,87507,GBp
DPYG.L,2024-06-13,4.558,GBP
EWQX.L,2024-06-13,461.625,GBp
FLOS.L,2024-06-13,475.175,GBp
GB00B1FXTF86,2024-06-13,9.79,GBP
GHYS.L,2024-06-13,86.995,GBP
GRAB,2024-06-13,3.64,USD
IDTG.L,2024-06-13,3.1655,GBP
IE0008368742,2024-06-13,157.95,USD
IE00B0M63516,2024-06-13,22.03,USD
IGLS.L,2024-06-13,127.235,GBP
IGWD.L,2024-06-13,9359,GBp
INXG.L,2024-06-13,13.174,GBP
ISPE.L,2024-06-13,5.6035,GBP
IUAG.L,2024-06-13,92.4,USD
IWDG.L,2024-06-13,900.25,GBp
JFM0003373,2024-06-13,141.36,USD
KNSL,2024-06-13,387.35,USD
LU0164881194,2024-06-13,314.67,USD
LU0196696453,2024-06-13,14.24,USD
MU0129U00005,2024-06-13,367.67,USD
QQQ,2024-06-13,476.72,USD
SGLN.L,2024-06-13,3519,GBp
0639.HK,2024-06-14,3.16,HKD
0P00000YAN,2024-06-14,140.03,USD
BCHS.L,2024-06-14,7492,GBp
BMV7ZZ3,2024-06-14,842.30,GBX
CNX1.L,2024-06-14,88224.5,GBp
DPYG.L,2024-06-14,4.56275,GBP
EWQX.L,2024-06-14,463.375,GBp
FLOS.L,2024-06-14,475.3,GBp
GB00B1FXTF86,2024-06-14,9.91,GBP
GHYS.L,2024-06-14,86.675,GBP
GRAB,2024-06-14,3.6,USD
IDTG.L,2024-06-14,3.20575,GBP
IE0008368742,2024-06-14,157.94,USD
IE00B0M63516,2024-06-14,22.13,USD
IGLS.L,2024-06-14,127.33,GBP
IGWD.L,2024-06-14,9341,GBp
INXG.L,2024-06-14,13.304,GBP
ISPE.L,2024-06-14,5.5755,GBP
IUAG.L,2024-06-14,92.52,USD
IWDG.L,2024-06-14,898,GBp
JFM0003373,2024-06-14,140.03,USD
KNSL,2024-06-14,381.71,USD
LU0164881194,2024-06-14,315.55,USD
LU0196696453,2024-06-14,14.42,USD
MU0129U00005,2024-06-14,368.86,USD
QQQ,2024-06-14,479.19,USD
SGLN.L,2024-06-14,3570,GBp
0639.HK,2024-06-17,3.19,HKD
BCHS.L,2024-06-17,7400,GBp
BMV7ZZ3,2024-06-17,842.30,GBX
CNX1.L,2024-06-17,88781.5,GBp
DPYG.L,2024-06-17,4.5465,GBP
EWQX.L,2024-06-17,465.55,GBp
FLOS.L,2024-06-17,475.4,GBp
GHYS.L,2024-06-17,86.79,GBP
GRAB,2024-06-17,3.59,USD
IDTG.L,2024-06-17,3.1625,GBP
IE0008368742,2024-06-17,157.78,USD
IE00B0M63516,2024-06-17,21.74,USD
IGLS.L,2024-06-17,127.32,GBP
IGWD.L,2024-06-17,9368,GBp
INXG.L,2024-06-17,13.158,GBP
ISPE.L,2024-06-17,5.592,GBP
IUAG.L,2024-06-17,92.26,USD
IWDG.L,2024-06-17,900,GBp
KNSL,2024-06-17,389.75,USD
LU0196696453,2024-06-17,14.15,USD
QQQ,2024-06-17,485.06,USD
SGLN.L,2024-06-17,3546,GBp
0639.HK,2024-06-18,3.2,HKD
0P00000YAN,2024-06-18,139.79,USD
BCHS.L,2024-06-18,7561,GBp
BMV7ZZ3,2024-06-18,846.20,GBX
CNX1.L,2024-06-18,89392.5,GBp
DPYG.L,2024-06-18,4.5715,GBP
EWQX.L,2024-06-18,469.625,GBp
FLOS.L,2024-06-18,475.55,GBp
GB00B1FXTF86,2024-06-18,10.01,GBP
GHYS.L,2024-06-18,87.025,GBP
GRAB,2024-06-18,3.53,USD
IDTG.L,2024-06-18,3.1915,GBP
IE0008368742,2024-06-18,157.49,USD
IE00B0M63516,2024-06-18,21.94,USD
IGLS.L,2024-06-18,127.49,GBP
IGWD.L,2024-06-18,9424,GBp
INXG.L,2024-06-18,13.326,GBP
ISPE.L,2024-06-18,5.635,GBP
IUAG.L,2024-06-18,92.49,USD
IWDG.L,2024-06-18,906.25,GBp
JFM0003373,2024-06-18,139.79,USD
KNSL,2024-06-18,394.23,USD
LU0164881194,2024-06-18,317.89,USD
LU0196696453,2024-06-18,14.26,USD
MU0129U00005,2024-06-18,369.86,USD
QQQ,2024-06-18,485.21,USD
SGLN.L,2024-06-18,3561,GBp
0639.HK,2024-06-19,3.29,HKD
BCHS.L,2024-06-19,7555.5,GBp
BMV7ZZ3,2024-06-19,842.30,GBX
CNX1.L,2024-06-19,89550,GBp
DPYG.L,2024-06-19,4.5515,GBP
EWQX.L,2024-06-19,468.25,GBp
FLOS.L,2024-06-19,475.65,GBp
GB00B1FXTF86,2024-06-19,9.96,GBP
GHYS.L,2024-06-19,87.07,GBP
IDTG.L,2024-06-19,3.205,GBP
IE0008368742,2024-06-19,159.33,USD
IE00B0M63516,2024-06-19,21.64,USD
IGLS.L,2024-06-19,127.41,GBP
IGWD.L,2024-06-19,9443,GBp
INXG.L,2024-06-19,13.29,GBP
ISPE.L,2024-06-19,5.6285,GBP
IUAG.L,2024-06-19,92.45,USD
IWDG.L,2024-06-19,907,GBp
LU0164881194,2024-06-19,316.30,USD
LU0196696453,2024-06-19,14.03,USD
MU0129U00005,2024-06-19,368.97,USD
SGLN.L,2024-06-19,3555,GBp
0639.HK,2024-06-20,3.29,HKD
0P00000YAN,2024-06-20,140.04,USD
BCHS.L,2024-06-20,7637,GBp
BMV7ZZ3,2024-06-20,845.10,GBX
CNX1.L,2024-06-20,89700,GBp
DPYG.L,2024-06-20,4.5575,GBP
EWQX.L,2024-06-20,470.55,GBp
FLOS.L,2024-06-20,475.925,GBp
GB00B1FXTF86,2024-06-20,9.94,GBP
GHYS.L,2024-06-20,86.925,GBP
GRAB,2024-06-20,3.52,USD
IDTG.L,2024-06-20,3.179,GBP
IE0008368742,2024-06-20,157.07,USD
IE00B0M63516,2024-06-20,22.00,USD
IGLS.L,2024-06-20,127.605,GBP
IGWD.L,2024-06-20,9465,GBp
INXG.L,2024-06-20,13.212,GBP
ISPE.L,2024-06-20,5.646,GBP
IUAG.L,2024-06-20,92.26,USD
IWDG.L,2024-06-20,910.25,GBp
JFM0003373,2024-06-20,140.04,USD
KNSL,2024-06-20,395.43,USD
LU0164881194,2024-06-20,315.48,USD
LU0196696453,2024-06-20,14.31,USD
MU0129U00005,2024-06-20,367.98,USD
QQQ,2024-06-20,481.47,USD
SGLN.L,2024-06-20,3608.5,GBp
0639.HK,2024-06-21,3.22,HKD
0P00000YAN,2024-06-21,140.37,USD
BCHS.L,2024-06-21,7403,GBp
BMV7ZZ3,2024-06-21,847.40,GBX
CNX1.L,2024-06-21,89159,GBp
DPYG.L,2024-06-21,4.55475,GBP
EWQX.L,2024-06-21,470.75,GBp
FLOS.L,2024-06-21,475.975,GBp
GB00B1FXTF86,2024-06-21,9.94,GBP
GHYS.L,2024-06-21,86.96,GBP
GRAB,2024-06-21,3.54,USD
IDTG.L,2024-06-21,3.1795,GBP
IE0008368742,2024-06-21,154.84,USD
IE00B0M63516,2024-06-21,22.00,USD
IGLS.L,2024-06-21,127.57,GBP
IGWD.L,2024-06-21,9407,GBp
INXG.L,2024-06-21,13.182,GBP
ISPE.L,2024-06-21,5.6385,GBP
IUAG.L,2024-06-21,92.31,USD
IWDG.L,2024-06-21,904.25,GBp
JFM0003373,2024-06-21,140.37,USD
KNSL,2024-06-21,392.62,USD
LU0164881194,2024-06-21,315.22,USD
LU0196696453,2024-06-21,14.28,USD
MU0129U00005,2024-06-21,367.46,USD
QQQ,2024-06-21,480.18,USD
SGLN.L,2024-06-21,3583.5,GBp
0639.HK,2024-06-24,3.13,HKD
0P00000YAN,2024-06-24,140.95,USD
BCHS.L,2024-06-24,7250,GBp
BMV7ZZ3,2024-06-24,847.20,GBX
CNX1.L,2024-06-24,88352,GBp
DPYG.L,2024-06-24,4.619,GBP
EWQX.L,2024-06-24,470.25,GBp
FLOS.L,2024-06-24,475.75,GBp
GB00B1FXTF86,2024-06-24,10.06,GBP
GHYS.L,2024-06-24,87.08,GBP
GRAB,2024-06-24,3.53,USD
IDTG.L,2024-06-24,3.1815,GBP
IE0008368742,2024-06-24,154.27,USD
IE00B0M63516,2024-06-24,22.48,USD
IGLS.L,2024-06-24,127.47,GBP
IGWD.L,2024-06-24,9455,GBp
INXG.L,2024-06-24,13.146,GBP
ISPE.L,2024-06-24,5.699,GBP
IUAG.L,2024-06-24,92.34,USD
IWDG.L,2024-06-24,909.25,GBp
JFM0003373,2024-06-24,140.95,USD
KNSL,2024-06-24,390.58,USD
LU0164881194,2024-06-24,315.79,USD
LU0196696453,2024-06-24,14.64,USD
MU0129U00005,2024-06-24,370.61,USD
QQQ,2024-06-24,473.96,USD
SGLN.L,2024-06-24,3569,GBp
0639.HK,2024-06-25,3.16,HKD
0P00000YAN,2024-06-25,141.1,USD
BCHS.L,2024-06-25,7356,GBp
BMV7ZZ3,2024-06-25,847.20,GBX
CNX1.L,2024-06-25,88598.5,GBp
DPYG.L,2024-06-25,4.558,GBP
EWQX.L,2024-06-25,469.9,GBp
FLOS.L,2024-06-25,476,GBp
GB00B1FXTF86,2024-06-25,10.03,GBP
GHYS.L,2024-06-25,87.17,GBP
GRAB,2024-06-25,3.52,USD
IDTG.L,2024-06-25,3.1965,GBP
IE0008368742,2024-06-25,155.01,USD
IE00B0M63516,2024-06-25,22.22,USD
IGLS.L,2024-06-25,127.58,GBP
IGWD.L,2024-06-25,9430.5,GBp
INXG.L,2024-06-25,13.15,GBP
ISPE.L,2024-06-25,5.637,GBP
IUAG.L,2024-06-25,92.41,USD
IWDG.L,2024-06-25,907.75,GBp
JFM0003373,2024-06-25,141.1,USD
KNSL,2024-06-25,385.48,USD
LU0164881194,2024-06-25,318.83,USD
LU0196696453,2024-06-25,14.53,USD
MU0129U00005,2024-06-25,372.59,USD
QQQ,2024-06-25,479.38,USD
SGLN.L,2024-06-25,3555,GBp
0639.HK,2024-06-26,3.12,HKD
0P00000YAN,2024-06-26,141.07,USD
BCHS.L,2024-06-26,7396,GBp
BMV7ZZ3,2024-06-26,854.60,GBX
CNX1.L,2024-06-26,89081,GBp
DPYG.L,2024-06-26,4.5535,GBP
EWQX.L,2024-06-26,470.55,GBp
FLOS.L,2024-06-26,475.975,GBp
GB00B1FXTF86,2024-06-26,10.04,GBP
GHYS.L,2024-06-26,87.03,GBP
GRAB,2024-06-26,3.51,USD
IDTG.L,2024-06-26,3.16125,GBP
IE0008368742,2024-06-26,155.43,USD
IE00B0M63516,2024-06-26,21.90,USD
IGLS.L,2024-06-26,127.435,GBP
IGWD.L,2024-06-26,9425,GBp
INXG.L,2024-06-26,13.062,GBP
ISPE.L,2024-06-26,5.607,GBP
IUAG.L,2024-06-26,92.03,USD
IWDG.L,2024-06-26,905.5,GBp
JFM0003373,2024-06-26,141.07,USD
KNSL,2024-06-26,378.98,USD
LU0164881194,2024-06-26,318.92,USD
LU0196696453,2024-06-26,14.29,USD
MU0129U00005,2024-06-26,372.43,USD
QQQ,2024-06-26,480.37,USD
SGLN.L,2024-06-26,3543,GBp
0639.HK,2024-06-27,3.06,HKD
0P00000YAN,2024-06-27,141.66,USD
BCHS.L,2024-06-27,7317,GBp
BMV7ZZ3,2024-06-27,857.40,GBX
CNX1.L,2024-06-27,89009,GBp
DPYG.L,2024-06-27,4.5615,GBP
EWQX.L,2024-06-27,468.625,GBp
FLOS.L,2024-06-27,476.25,GBp
GB00B1FXTF86,2024-06-27,10.07,GBP
GHYS.L,2024-06-27,87.04,GBP
GRAB,2024-06-27,3.54,USD
IDTG.L,2024-06-27,3.17225,GBP
IE0008368742,2024-06-27,152.84,USD
IE00B0M63516,2024-06-27,22.09,USD
IGLS.L,2024-06-27,127.475,GBP
IGWD.L,2024-06-27,9443.5,GBp
INXG.L,2024-06-27,13.092,GBP
ISPE.L,2024-06-27,5.615,GBP
IUAG.L,2024-06-27,92.31,USD
IWDG.L,2024-06-27,907.25,GBp
JFM0003373,2024-06-27,141.66,USD
KNSL,2024-06-27,386.53,USD
LU0164881194,2024-06-27,320.30,USD
LU0196696453,2024-06-27,14.40,USD
MU0129U00005,2024-06-27,374.90,USD
QQQ,2024-06-27,481.61,USD
SGLN.L,2024-06-27,3576,GBp
0639.HK,2024-06-28,3.2,HKD
0P00000YAN,2024-06-28,141.93,USD
BCHS.L,2024-06-28,7333.5,GBp
BMV7ZZ3,2024-06-28,862.70,GBX
CNX1.L,2024-06-28,89717.5,GBp
DPYG.L,2024-06-28,4.59025,GBP
EWQX.L,2024-06-28,471.55,GBp
FLOS.L,2024-06-28,476.475,GBp
GB00B1FXTF86,2024-06-28,10.13,GBP
GHYS.L,2024-06-28,87.11,GBP
GRAB,2024-06-28,3.55,USD
IDTG.L,2024-06-28,3.1415,GBP
IE0008368742,2024-06-28,151.62,USD
IE00B0M63516,2024-06-28,22.09,USD
IGLS.L,2024-06-28,127.51,GBP
IGWD.L,2024-06-28,9488,GBp
INXG.L,2024-06-28,13.076,GBP
ISPE.L,2024-06-28,5.639,GBP
IUAG.L,2024-06-28,92.2,USD
IWDG.L,2024-06-28,912,GBp
JFM0003373,2024-06-28,141.93,USD
KNSL,2024-06-28,385.28,USD
LU0164881194,2024-06-28,320.90,USD
LU0196696453,2024-06-28,14.44,USD
MU0129U00005,2024-06-28,374.66,USD
QQQ,2024-06-28,479.11,USD
SGLN.L,2024-06-28,3583,GBp
BCHS.L,2024-07-01,7422,GBp
BMV7ZZ3,2024-07-01,856.15,GBX
CNX1.L,2024-07-01,89048.5,GBp
DPYG.L,2024-07-01,4.5635,GBP
EWQX.L,2024-07-01,467.275,GBp
FLOS.L,2024-07-01,476.575,GBp
GB00B1FXTF86,2024-07-01,10.21,GBP
GHYS.L,2024-07-01,87.11,GBP
GRAB,2024-07-01,3.53,USD
IDTG.L,2024-07-01,3.0595,GBP
IE00B0M63516,2024-07-01,22.20,USD
IGLS.L,2024-07-01,127.27,GBP
IGWD.L,2024-07-01,9437,GBp
INXG.L,2024-07-01,12.851,GBP
ISPE.L,2024-07-01,5.5895,GBP
IUAG.L,2024-07-01,91.42,USD
IWDG.L,2024-07-01,907.5,GBp
KNSL,2024-07-01,391.71,USD
LU0164881194,2024-07-01,322.56,USD
LU0196696453,2024-07-01,14.41,USD
QQQ,2024-07-01,481.92,USD
SGLN.L,2024-07-01,3581,GBp
0639.HK,2024-07-02,3.21,HKD
0P00000YAN,2024-07-02,142.09,USD
BCHS.L,2024-07-02,7423.5,GBp
BMV7ZZ3,2024-07-02,860.10,GBX
CNX1.L,2024-07-02,89569,GBp
DPYG.L,2024-07-02,4.597,GBP
EWQX.L,2024-07-02,468.9,GBp
FLOS.L,2024-07-02,476.525,GBp
GB00B1FXTF86,2024-07-02,10.17,GBP
GHYS.L,2024-07-02,87.205,GBP
GRAB,2024-07-02,3.5,USD
IDTG.L,2024-07-02,3.068,GBP
IE0008368742,2024-07-02,149.84,USD
IE00B0M63516,2024-07-02,21.85,USD
IGLS.L,2024-07-02,127.355,GBP
IGWD.L,2024-07-02,9465,GBp
INXG.L,2024-07-02,12.84,GBP
ISPE.L,2024-07-02,5.592,GBP
IUAG.L,2024-07-02,91.64,USD
IWDG.L,2024-07-02,909.25,GBp
JFM0003373,2024-07-02,142.09,USD
KNSL,2024-07-02,381.44,USD
LU0164881194,2024-07-02,322.28,USD
LU0196696453,2024-07-02,14.24,USD
MU0129U00005,2024-07-02,376.11,USD
QQQ,2024-07-02,486.98,USD
SGLN.L,2024-07-02,3570.5,GBp
0639.HK,2024-07-03,3.21,HKD
0P00000YAN,2024-07-03,144.19,USD
BCHS.L,2024-07-03,7295,GBp
BMV7ZZ3,2024-07-03,855.15,GBX
CNX1.L,2024-07-03,89950.5,GBp
DPYG.L,2024-07-03,4.6225,GBP
EWQX.L,2024-07-03,468.55,GBp
FLOS.L,2024-07-03,476.6,GBp
GB00B1FXTF86,2024-07-03,10.22,GBP
GHYS.L,2024-07-03,87.38,GBP
GRAB,2024-07-03,3.54,USD
IDTG.L,2024-07-03,3.117,GBP
IE0008368742,2024-07-03,150.80,USD
IE00B0M63516,2024-07-03,22.37,USD
IGLS.L,2024-07-03,127.42,GBP
IGWD.L,2024-07-03,9535.5,GBp
INXG.L,2024-07-03,12.958,GBP
ISPE.L,2024-07-03,5.6105,GBP
IUAG.L,2024-07-03,92.06,USD
IWDG.L,2024-07-03,916.375,GBp
JFM0003373,2024-07-03,144.19,USD
KNSL,2024-07-03,382.62,USD
LU0164881194,2024-07-03,324.46,USD
LU0196696453,2024-07-03,14.58,USD
MU0129U00005,2024-07-03,378.70,USD
QQQ,2024-07-03,491.04,USD
SGLN.L,2024-07-03,3600,GBp
0639.HK,2024-07-04,3.24,HKD
BCHS.L,2024-07-04,7215.5,GBp
BMV7ZZ3,2024-07-04,857.95,GBX
CNX1.L,2024-07-04,90203,GBp
DPYG.L,2024-07-04,4.613,GBP
EWQX.L,2024-07-04,467.075,GBp
FLOS.L,2024-07-04,476.775,GBp
GB00B1FXTF86,2024-07-04,10.17,GBP
GHYS.L,2024-07-04,87.69,GBP
IDTG.L,2024-07-04,3.113,GBP
IE0008368742,2024-07-04,150.90,USD
IE00B0M63516,2024-07-04,22.68,USD
IGLS.L,2024-07-04,127.48,GBP
IGWD.L,2024-07-04,9568,GBp
INXG.L,2024-07-04,12.941,GBP
ISPE.L,2024-07-04,5.609,GBP
IUAG.L,2024-07-04,92.14,USD
IWDG.L,2024-07-04,919.5,GBp
LU0164881194,2024-07-04,324.77,USD
LU0196696453,2024-07-04,14.81,USD
MU0129U00005,2024-07-04,381.10,USD
SGLN.L,2024-07-04,3594,GBp
0639.HK,2024-07-05,3.272442,HKD
0P00000YAN,2024-07-05,145.35,USD
BCHS.L,2024-07-05,7264,GBp
BMV7ZZ3,2024-07-05,860.25,GBX
CNX1.L,2024-07-05,90687,GBp
DPYG.L,2024-07-05,4.625,GBP
EWQX.L,2024-07-05,469.25,GBp
FLOS.L,2024-07-05,476.85,GBp
GB00B1FXTF86,2024-07-05,10.13,GBP
GHYS.L,2024-07-05,87.695,GBP
GRAB,2024-07-05,3.55,USD
IDTG.L,2024-07-05,3.1495,GBP
IE0008368742,2024-07-05,149.99,USD
IE00B0M63516,2024-07-05,22.71,USD
IGLS.L,2024-07-05,127.58,GBP
IGWD.L,2024-07-05,9582,GBp
INXG.L,2024-07-05,13.047,GBP
ISPE.L,2024-07-05,5.587,GBP
IUAG.L,2024-07-05,92.69,USD
IWDG.L,2024-07-05,920.125,GBp
JFM0003373,2024-07-05,145.35,USD
KNSL,2024-07-05,382.07,USD
LU0164881194,2024-07-05,325.96,USD
LU0196696453,2024-07-05,14.78,USD
MU0129U00005,2024-07-05,380.67,USD
QQQ,2024-07-05,496.16,USD
SGLN.L,2024-07-05,3623,GBp
0639.HK,2024-07-08,3.22,HKD
0P00000YAN,2024-07-08,145.65,USD
BCHS.L,2024-07-08,7425.5,GBp
BMV7ZZ3,2024-07-08,884.40,GBX
CNX1.L,2024-07-08,90951.5,GBp
DPYG.L,2024-07-08,4.615,GBP
EWQX.L,2024-07-08,469.275,GBp
FLOS.L,2024-07-08,477.05,GBp
GB00B1FXTF86,2024-07-08,10.14,GBP
GHYS.L,2024-07-08,87.63,GBP
GRAB,2024-07-08,3.55,USD
IDTG.L,2024-07-08,3.141,GBP
IE0008368742,2024-07-08,148.24,USD
IE00B0M63516,2024-07-08,22.67,USD
IGLS.L,2024-07-08,127.71,GBP
IGWD.L,2024-07-08,9609,GBp
INXG.L,2024-07-08,13.092,GBP
ISPE.L,2024-07-08,5.613,GBP
IUAG.L,2024-07-08,92.58,USD
IWDG.L,2024-07-08,922.75,GBp
JFM0003373,2024-07-08,145.65,USD
KNSL,2024-07-08,379.62,USD
LU0164881194,2024-07-08,324.72,USD
LU0196696453,2024-07-08,14.82,USD
MU0129U00005,2024-07-08,380.30,USD
QQQ,2024-07-08,497.34,USD
SGLN.L,2024-07-08,3589,GBp
0639.HK,2024-07-09,3.21,HKD
0P00000YAN,2024-07-09,146.47,USD
BCHS.L,2024-07-09,7339,GBp
BMV7ZZ3,2024-07-09,879.95,GBX
CNX1.L,2024-07-09,91458,GBp
DPYG.L,2024-07-09,4.608,GBP
EWQX.L,2024-07-09,469.5,GBp
FLOS.L,2024-07-09,477,GBp
GB00B1FXTF86,2024-07-09,10.17,GBP
GHYS.L,2024-07-09,87.57,GBP
GRAB,2024-07-09,3.58,USD
IDTG.L,2024-07-09,3.1255,GBP
IE0008368742,2024-07-09,148.67,USD
IE00B0M63516,2024-07-09,22.92,USD
IGLS.L,2024-07-09,127.62,GBP
IGWD.L,2024-07-09,9608,GBp
INXG.L,2024-07-09,12.95,GBP
ISPE.L,2024-07-09,5.609,GBP
IUAG.L,2024-07-09,92.33,USD
IWDG.L,2024-07-09,922.75,GBp
JFM0003373,2024-07-09,146.47,USD
KNSL,2024-07-09,376.04,USD
LU0164881194,2024-07-09,326.64,USD
LU0196696453,2024-07-09,15.02,USD
MU0129U00005,2024-07-09,383.18,USD
QQQ,2024-07-09,497.77,USD
SGLN.L,2024-07-09,3579.5,GBp
0639.HK,2024-07-10,3.08,HKD
0P00000YAN,2024-07-10,147.36,USD
BCHS.L,2024-07-10,7320.5,GBp
BMV7ZZ3,2024-07-10,885.45,GBX
CNX1.L,2024-07-10,91272.5,GBp
DPYG.L,2024-07-10,4.6415,GBP
EWQX.L,2024-07-10,467.5,GBp
FLOS.L,2024-07-10,477,GBp
GB00B1FXTF86,2024-07-10,10.13,GBP
GHYS.L,2024-07-10,87.685,GBP
GRAB,2024-07-10,3.58,USD
IDTG.L,2024-07-10,3.14025,GBP
IE0008368742,2024-07-10,148.24,USD
IE00B0M63516,2024-07-10,23.18,USD
IGLS.L,2024-07-10,127.8,GBP
IGWD.L,2024-07-10,9658.5,GBp
INXG.L,2024-07-10,13.038,GBP
ISPE.L,2024-07-10,5.6185,GBP
IUAG.L,2024-07-10,92.47,USD
IWDG.L,2024-07-10,927.5,GBp
JFM0003373,2024-07-10,147.36,USD
KNSL,2024-07-10,375.87,USD
LU0164881194,2024-07-10,326.50,USD
LU0196696453,2024-07-10,15.17,USD
MU0129U00005,2024-07-10,380.77,USD
QQQ,2024-07-10,502.96,USD
SGLN.L,2024-07-10,3605,GBp
0639.HK,2024-07-11,3.09,HKD
0P00000YAN,2024-07-11,148.18,USD
BCHS.L,2024-07-11,7347,GBp
BMV7ZZ3,2024-07-11,871.10,GBX
CNX1.L,2024-07-11,89856,GBp
DPYG.L,2024-07-11,4.7535,GBP
EWQX.L,2024-07-11,468.85,GBp
FLOS.L,2024-07-11,477.4,GBp
GB00B1FXTF86,2024-07-11,10.02,GBP
GHYS.L,2024-07-11,87.87,GBP
GRAB,2024-07-11,3.59,USD
IDTG.L,2024-07-11,3.19175,GBP
IE0008368742,2024-07-11,151.12,USD
IE00B0M63516,2024-07-11,23.25,USD
IGLS.L,2024-07-11,127.89,GBP
IGWD.L,2024-07-11,9662,GBp
INXG.L,2024-07-11,13.136,GBP
ISPE.L,2024-07-11,5.724,GBP
IUAG.L,2024-07-11,93.14,USD
IWDG.L,2024-07-11,927,GBp
JFM0003373,2024-07-11,148.18,USD
KNSL,2024-07-11,381.83,USD
LU0164881194,2024-07-11,325.50,USD
LU0196696453,2024-07-11,15.25,USD
MU0129U00005,2024-07-11,378.99,USD
QQQ,2024-07-11,491.93,USD
SGLN.L,2024-07-11,3647,GBp
0639.HK,2024-07-12,3.08,HKD
0P00000YAN,2024-07-12,148.86,USD
BCHS.L,2024-07-12,7358,GBp
BMV7ZZ3,2024-07-12,872.10,GBX
CNX1.L,2024-07-12,89886,GBp
DPYG.L,2024-07-12,4.79325,GBP
EWQX.L,2024-07-12,470.05,GBp
FLOS.L,2024-07-12,477.35,GBp
GB00B1FXTF86,2024-07-12,9.99,GBP
GHYS.L,2024-07-12,87.85,GBP
GRAB,2024-07-12,3.61,USD
IDTG.L,2024-07-12,3.187,GBP
IE0008368742,2024-07-12,153.87,USD
IE00B0M63516,2024-07-12,23.29,USD
IGLS.L,2024-07-12,127.91,GBP
IGWD.L,2024-07-12,9730.5,GBp
INXG.L,2024-07-12,13.126,GBP
ISPE.L,2024-07-12,5.793,GBP
IUAG.L,2024-07-12,92.92,USD
IWDG.L,2024-07-12,933.75,GBp
JFM0003373,2024-07-12,148.86,USD
KNSL,2024-07-12,389.49,USD
LU0164881194,2024-07-12,326.91,USD
LU0196696453,2024-07-12,15.22,USD
MU0129U00005,2024-07-12,382.30,USD
QQQ,2024-07-12,494.82,USD
SGLN.L,2024-07-12,3608,GBp
0639.HK,2024-07-15,3.06,HKD
0P00000YAN,2024-07-15,148.39,USD
BCHS.L,2024-07-15,7716.5,GBp
BMV7ZZ3,2024-07-15,895.45,GBX
CNX1.L,2024-07-15,90269,GBp
DPYG.L,2024-07-15,4.814,GBP
EWQX.L,2024-07-15,469.25,GBp
FLOS.L,2024-07-15,478.05,GBp
GB00B1FXTF86,2024-07-15,9.99,GBP
GHYS.L,2024-07-15,88.07,GBP
GRAB,2024-07-15,3.55,USD
IDTG.L,2024-07-15,3.1685,GBP
IE0008368742,2024-07-15,151.50,USD
IE00B0M63516,2024-07-15,23.39,USD
IGLS.L,2024-07-15,127.92,GBP
IGWD.L,2024-07-15,9735,GBp
INXG.L,2024-07-15,13.152,GBP
ISPE.L,2024-07-15,5.7945,GBP
IUAG.L,2024-07-15,93.04,USD
IWDG.L,2024-07-15,935.25,GBp
JFM0003373,2024-07-15,148.39,USD
KNSL,2024-07-15,397.97,USD
LU0164881194,2024-07-15,328.09,USD
LU0196696453,2024-07-15,15.30,USD
MU0129U00005,2024-07-15,383.68,USD
QQQ,2024-07-15,496.15,USD
SGLN.L,2024-07-15,3644,GBp
0639.HK,2024-07-16,3.06,HKD
0P00000YAN,2024-07-16,147.68,USD
BCHS.L,2024-07-16,8069,GBp
BMV7ZZ3,2024-07-16,898.80,GBX
CNX1.L,2024-07-16,89643,GBp
DPYG.L,2024-07-16,4.83275,GBP
EWQX.L,2024-07-16,472.675,GBp
FLOS.L,2024-07-16,477.6,GBp
GB00B1FXTF86,2024-07-16,10.04,GBP
GHYS.L,2024-07-16,88.145,GBP
GRAB,2024-07-16,3.55,USD
IDTG.L,2024-07-16,3.1925,GBP
IE0008368742,2024-07-16,149.81,USD
IE00B0M63516,2024-07-16,23.59,USD
IGLS.L,2024-07-16,128.14,GBP
IGWD.L,2024-07-16,9738.5,GBp
INXG.L,2024-07-16,13.274,GBP
ISPE.L,2024-07-16,5.8435,GBP
IUAG.L,2024-07-16,93.35,USD
IWDG.L,2024-07-16,934.25,GBp
JFM0003373,2024-07-16,147.68,USD
KNSL,2024-07-16,403.07,USD
LU0164881194,2024-07-16,327.89,USD
LU0196696453,2024-07-16,15.41,USD
MU0129U00005,2024-07-16,383.63,USD
QQQ,2024-07-16,496.34,USD
SGLN.L,2024-07-16,3692.5,GBp
0639.HK,2024-07-17,2.95,HKD
0P00000YAN,2024-07-17,148.07,USD
BCHS.L,2024-07-17,8046,GBp
BMV7ZZ3,2024-07-17,883.85,GBX
CNX1.L,2024-07-17,87525,GBp
DPYG.L,2024-07-17,4.8895,GBP
EWQX.L,2024-07-17,467.075,GBp
FLOS.L,2024-07-17,478.05,GBp
GHYS.L,2024-07-17,88.29,GBP
GRAB,2024-07-17,3.49,USD
IDTG.L,2024-07-17,3.2035,GBP
IE0008368742,2024-07-17,151.15,USD
IE00B0M63516,2024-07-17,23.43,USD
IGLS.L,2024-07-17,128.01,GBP
IGWD.L,2024-07-17,9662.5,GBp
INXG.L,2024-07-17,13.32,GBP
ISPE.L,2024-07-17,5.8695,GBP
IUAG.L,2024-07-17,93.28,USD
IWDG.L,2024-07-17,927.875,GBp
JFM0003373,2024-07-17,148.07,USD
KNSL,2024-07-17,393.39,USD
LU0196696453,2024-07-17,15.30,USD
QQQ,2024-07-17,481.77,USD
SGLN.L,2024-07-17,3684,GBp
0639.HK,2024-07-18,2.94,HKD
0P00000YAN,2024-07-18,148.04,USD
BCHS.L,2024-07-18,7742,GBp
BMV7ZZ3,2024-07-18,855.60,GBX
CNX1.L,2024-07-18,86449,GBp
DPYG.L,2024-07-18,4.90075,GBP
EWQX.L,2024-07-18,464.6,GBp
FLOS.L,2024-07-18,477.625,GBp
GB00B1FXTF86,2024-07-18,9.97,GBP
GHYS.L,2024-07-18,88.135,GBP
GRAB,2024-07-18,3.41,USD
IDTG.L,2024-07-18,3.195,GBP
IE0008368742,2024-07-18,151.18,USD
IE00B0M63516,2024-07-18,22.95,USD
IGLS.L,2024-07-18,125.74,GBP
IGWD.L,2024-07-18,9590,GBp
INXG.L,2024-07-18,13.304,GBP
ISPE.L,2024-07-18,5.865,GBP
IUAG.L,2024-07-18,93.28,USD
IWDG.L,2024-07-18,916.75,GBp
JFM0003373,2024-07-18,148.04,USD
KNSL,2024-07-18,388.72,USD
LU0164881194,2024-07-18,328.73,USD
LU0196696453,2024-07-18,14.93,USD
MU0129U00005,2024-07-18,385.57,USD
QQQ,2024-07-18,479.49,USD
SGLN.L,2024-07-18,3693,GBp
0639.HK,2024-07-19,2.85,HKD
0P00000YAN,2024-07-19,147.11,USD
BCHS.L,2024-07-19,7705.5,GBp
BMV7ZZ3,2024-07-19,859.70,GBX
CNX1.L,2024-07-19,86484,GBp
DPYG.L,2024-07-19,4.81575,GBP
EWQX.L,2024-07-19,459.3,GBp
FLOS.L,2024-07-19,478,GBp
GB00B1FXTF86,2024-07-19,9.85,GBP
GHYS.L,2024-07-19,88.095,GBP
GRAB,2024-07-19,3.38,USD
IDTG.L,2024-07-19,3.1575,GBP
IE0008368742,2024-07-19,148.64,USD
IE00B0M63516,2024-07-19,22.78,USD
IGLS.L,2024-07-19,125.675,GBP
IGWD.L,2024-07-19,9518,GBp
INXG.L,2024-07-19,13.156,GBP
ISPE.L,2024-07-19,5.754,GBP
IUAG.L,2024-07-19,92.985,USD
IWDG.L,2024-07-19,910.75,GBp
JFM0003373,2024-07-19,147.11,USD
KNSL,2024-07-19,370.41,USD
LU0164881194,2024-07-19,324.10,USD
LU0196696453,2024-07-19,14.93,USD
MU0129U00005,2024-07-19,380.35,USD
QQQ,2024-07-19,475.24,USD
SGLN.L,2024-07-19,3620,GBp
0639.HK,2024-07-22,2.85,HKD
0P00000YAN,2024-07-22,146.63,USD
BCHS.L,2024-07-22,7820,GBp
BMV7ZZ3,2024-07-22,863.25,GBX
CNX1.L,2024-07-22,86911,GBp
DPYG.L,2024-07-22,4.85675,GBP
EWQX.L,2024-07-22,461.05,GBp
FLOS.L,2024-07-22,477.7,GBp
GB00B1FXTF86,2024-07-22,9.95,GBP
GHYS.L,2024-07-22,88.24,GBP
GRAB,2024-07-22,3.38,USD
IDTG.L,2024-07-22,3.155,GBP
IE0008368742,2024-07-22,149.26,USD
IE00B0M63516,2024-07-22,22.77,USD
IGLS.L,2024-07-22,125.57,GBP
IGWD.L,2024-07-22,9582,GBp
INXG.L,2024-07-22,13.066,GBP
ISPE.L,2024-07-22,5.785,GBP
IUAG.L,2024-07-22,92.88,USD
IWDG.L,2024-07-22,914.75,GBp
JFM0003373,2024-07-22,146.63,USD
KNSL,2024-07-22,373.29,USD
LU0164881194,2024-07-22,325.07,USD
LU0196696453,2024-07-22,14.91,USD
MU0129U00005,2024-07-22,381.03,USD
QQQ,2024-07-22,482.32,USD
SGLN.L,2024-07-22,3592.5,GBp
0639.HK,2024-07-23,2.8,HKD
0P00000YAN,2024-07-23,146.83,USD
BCHS.L,2024-07-23,7927,GBp
BMV7ZZ3,2024-07-23,879.45,GBX
CNX1.L,2024-07-23,87952,GBp
DPYG.L,2024-07-23,4.8655,GBP
EWQX.L,2024-07-23,463.65,GBp
FLOS.L,2024-07-23,478.05,GBp
GB00B1FXTF86,2024-07-23,9.95,GBP
GHYS.L,2024-07-23,88.325,GBP
GRAB,2024-07-23,3.38,USD
IDTG.L,2024-07-23,3.1625,GBP
IE0008368742,2024-07-23,146.75,USD
IE00B0M63516,2024-07-23,22.59,USD
IGLS.L,2024-07-23,125.59,GBP
IGWD.L,2024-07-23,9622,GBp
INXG.L,2024-07-23,13.119,GBP
ISPE.L,2024-07-23,5.805,GBP
IUAG.L,2024-07-23,92.89,USD
IWDG.L,2024-07-23,920.75,GBp
JFM0003373,2024-07-23,146.83,USD
KNSL,2024-07-23,374.44,USD
LU0164881194,2024-07-23,324.82,USD
LU0196696453,2024-07-23,14.77,USD
MU0129U00005,2024-07-23,382.21,USD
QQQ,2024-07-23,480.62,USD
SGLN.L,2024-07-23,3623,GBp
0639.HK,2024-07-24,2.83,HKD
0P00000YAN,2024-07-24,146.35,USD
BCHS.L,2024-07-24,7699,GBp
BMV7ZZ3,2024-07-24,848.40,GBX
CNX1.L,2024-07-24,84971.5,GBp
DPYG.L,2024-07-24,4.848,GBP
EWQX.L,2024-07-24,453.425,GBp
FLOS.L,2024-07-24,478.075,GBp
GB00B1FXTF86,2024-07-24,10.02,GBP
GHYS.L,2024-07-24,88.25,GBP
GRAB,2024-07-24,3.36,USD
IDTG.L,2024-07-24,3.156,GBP
IE0008368742,2024-07-24,144.43,USD
IE00B0M63516,2024-07-24,22.39,USD
IGLS.L,2024-07-24,125.72,GBP
IGWD.L,2024-07-24,9449,GBp
INXG.L,2024-07-24,13.104,GBP
ISPE.L,2024-07-24,5.7585,GBP
IUAG.L,2024-07-24,93.03,USD
IWDG.L,2024-07-24,904.25,GBp
JFM0003373,2024-07-24,146.35,USD
KNSL,2024-07-24,372.15,USD
LU0164881194,2024-07-24,325.00,USD
LU0196696453,2024-07-24,14.60,USD
MU0129U00005,2024-07-24,381.74,USD
QQQ,2024-07-24,463.38,USD
SGLN.L,2024-07-24,3654,GBp
0639.HK,2024-07-25,2.73,HKD
0P00000YAN,2024-07-25,145.66,USD
BCHS.L,2024-07-25,7476,GBp
BMV7ZZ3,2024-07-25,826.20,GBX
CNX1.L,2024-07-25,84438.5,GBp
DPYG.L,2024-07-25,4.80875,GBP
EWQX.L,2024-07-25,452.65,GBp
FLOS.L,2024-07-25,478.1,GBp
GB00B1FXTF86,2024-07-25,10.08,GBP
GHYS.L,2024-07-25,88.25,GBP
GRAB,2024-07-25,3.32,USD
IDTG.L,2024-07-25,3.1455,GBP
IE0008368742,2024-07-25,143.00,USD
IE00B0M63516,2024-07-25,22.17,USD
IGLS.L,2024-07-25,125.9,GBP
IGWD.L,2024-07-25,9408.5,GBp
INXG.L,2024-07-25,13.078,GBP
ISPE.L,2024-07-25,5.7685,GBP
IUAG.L,2024-07-25,92.87,USD
IWDG.L,2024-07-25,899.75,GBp
JFM0003373,2024-07-25,145.66,USD
KNSL,2024-07-25,377.25,USD
LU0164881194,2024-07-25,324.71,USD
LU0196696453,2024-07-25,14.44,USD
MU0129U00005,2024-07-25,383.02,USD
QQQ,2024-07-25,458.27,USD
SGLN.L,2024-07-25,3570.5,GBp
0639.HK,2024-07-26,2.72,HKD
0P00000YAN,2024-07-26,146.06,USD
BCHS.L,2024-07-26,7613.5,GBp
BMV7ZZ3,2024-07-26,827.25,GBX
CNX1.L,2024-07-26,84227,GBp
DPYG.L,2024-07-26,4.803,GBP
EWQX.L,2024-07-26,452.55,GBp
FLOS.L,2024-07-26,478.6,GBp
GB00B1FXTF86,2024-07-26,10.17,GBP
GHYS.L,2024-07-26,88.35,GBP
GRAB,2024-07-26,3.33,USD
IDTG.L,2024-07-26,3.153,GBP
IE0008368742,2024-07-26,143.75,USD
IE00B0M63516,2024-07-26,22.15,USD
IGLS.L,2024-07-26,125.97,GBP
IGWD.L,2024-07-26,9427.5,GBp
INXG.L,2024-07-26,13.068,GBP
ISPE.L,2024-07-26,5.798,GBP
IUAG.L,2024-07-26,93.14,USD
IWDG.L,2024-07-26,901.75,GBp
JFM0003373,2024-07-26,146.06,USD
KNSL,2024-07-26,443.29,USD
LU0164881194,2024-07-26,329.90,USD
LU0196696453,2024-07-26,14.47,USD
MU0129U00005,2024-07-26,388.71,USD
QQQ,2024-07-26,462.97,USD
SGLN.L,2024-07-26,3606,GBp
0639.HK,2024-07-29,2.75,HKD
0P00000YAN,2024-07-29,146.16,USD
BCHS.L,2024-07-29,7522.5,GBp
BMV7ZZ3,2024-07-29,827.75,GBX
CNX1.L,2024-07-29,84579.5,GBp
DPYG.L,2024-07-29,4.8465,GBP
EWQX.L,2024-07-29,454.15,GBp
FLOS.L,2024-07-29,478.55,GBp
GB00B1FXTF86,2024-07-29,10.20,GBP
GHYS.L,2024-07-29,88.285,GBP
GRAB,2024-07-29,3.31,USD
IDTG.L,2024-07-29,3.179,GBP
IE0008368742,2024-07-29,142.55,USD
IE00B0M63516,2024-07-29,22.11,USD
IGLS.L,2024-07-29,125.98,GBP
IGWD.L,2024-07-29,9440,GBp
INXG.L,2024-07-29,13.155,GBP
ISPE.L,2024-07-29,5.802,GBP
IUAG.L,2024-07-29,93.27,USD
IWDG.L,2024-07-29,903,GBp
JFM0003373,2024-07-29,146.16,USD
KNSL,2024-07-29,440.41,USD
LU0164881194,2024-07-29,332.00,USD
LU0196696453,2024-07-29,14.46,USD
MU0129U00005,2024-07-29,389.60,USD
QQQ,2024-07-29,463.9,USD
SGLN.L,2024-07-29,3594,GBp
0639.HK,2024-07-30,2.72,HKD
0P00000YAN,2024-07-30,145.51,USD
BCHS.L,2024-07-30,7385,GBp
BMV7ZZ3,2024-07-30,815.25,GBX
CNX1.L,2024-07-30,84021.5,GBp
DPYG.L,2024-07-30,4.86,GBP
EWQX.L,2024-07-30,454.55,GBp
FLOS.L,2024-07-30,478.475,GBp
GB00B1FXTF86,2024-07-30,10.21,GBP
GHYS.L,2024-07-30,88.38,GBP
GRAB,2024-07-30,3.3,USD
IDTG.L,2024-07-30,3.179,GBP
IE0008368742,2024-07-30,140.32,USD
IE00B0M63516,2024-07-30,22.11,USD
IGLS.L,2024-07-30,126.09,GBP
IGWD.L,2024-07-30,9424,GBp
INXG.L,2024-07-30,13.15,GBP
ISPE.L,2024-07-30,5.831,GBP
IUAG.L,2024-07-30,93.22,USD
IWDG.L,2024-07-30,901,GBp
JFM0003373,2024-07-30,145.51,USD
KNSL,2024-07-30,461.9,USD
LU0164881194,2024-07-30,331.30,USD
LU0196696453,2024-07-30,14.48,USD
MU0129U00005,2024-07-30,390.38,USD
QQQ,2024-07-30,457.53,USD
SGLN.L,2024-07-30,3617,GBp
0639.HK,2024-07-31,2.75,HKD
0P00000YAN,2024-07-31,147.15,USD
BCHS.L,2024-07-31,7587,GBp
BMV7ZZ3,2024-07-31,836.45,GBX
CNX1.L,2024-07-31,86065,GBp
DPYG.L,2024-07-31,4.8875,GBP
EWQX.L,2024-07-31,462.05,GBp
FLOS.L,2024-07-31,478.75,GBp
GB00B1FXTF86,2024-07-31,10.19,GBP
GHYS.L,2024-07-31,88.29,GBP
GRAB,2024-07-31,3.3,USD
IDTG.L,2024-07-31,3.213,GBP
IE0008368742,2024-07-31,144.59,USD
IE00B0M63516,2024-07-31,22.28,USD
IGLS.L,2024-07-31,126.33,GBP
IGWD.L,2024-07-31,9549,GBp
INXG.L,2024-07-31,13.28,GBP
ISPE.L,2024-07-31,5.89,GBP
IUAG.L,2024-07-31,93.57,USD
IWDG.L,2024-07-31,914.5,GBp
JFM0003373,2024-07-31,147.15,USD
KNSL,2024-07-31,457.07,USD
LU0164881194,2024-07-31,331.63,USD
LU0196696453,2024-07-31,14.58,USD
MU0129U00005,2024-07-31,391.12,USD
QQQ,2024-07-31,471.07,USD
SGLN.L,2024-07-31,3665.5,GBp
0639.HK,2024-08-01,2.72,HKD
0P00000YAN,2024-08-01,147.48,USD
BCHS.L,2024-08-01,7346.5,GBp
BMV7ZZ3,2024-08-01,821.15,GBX
CNX1.L,2024-08-01,85552.5,GBp
DPYG.L,2024-08-01,4.842,GBP
EWQX.L,2024-08-01,455.5,GBp
FLOS.L,2024-08-01,478.875,GBp
GB00B1FXTF86,2024-08-01,10.22,GBP
GHYS.L,2024-08-01,88.18,GBP
GRAB,2024-08-01,3.24,USD
IDTG.L,2024-08-01,3.24675,GBP
IE0008368742,2024-08-01,143.30,USD
IE00B0M63516,2024-08-01,22.26,USD
IGLS.L,2024-08-01,126.68,GBP
IGWD.L,2024-08-01,9426.5,GBp
INXG.L,2024-08-01,13.458,GBP
ISPE.L,2024-08-01,5.806,GBP
IUAG.L,2024-08-01,94.24,USD
IWDG.L,2024-08-01,902.25,GBp
JFM0003373,2024-08-01,147.48,USD
KNSL,2024-08-01,447.33,USD
LU0164881194,2024-08-01,331.83,USD
LU0196696453,2024-08-01,14.74,USD
MU0129U00005,2024-08-01,388.70,USD
QQQ,2024-08-01,459.66,USD
SGLN.L,2024-08-01,3726,GBp
0639.HK,2024-08-02,2.65,HKD
0P00000YAN,2024-08-02,146.77,USD
BCHS.L,2024-08-02,6807.5,GBp
BMV7ZZ3,2024-08-02,780.40,GBX
CNX1.L,2024-08-02,81882.5,GBp
DPYG.L,2024-08-02,4.81025,GBP
EWQX.L,2024-08-02,437.125,GBp
FLOS.L,2024-08-02,478.85,GBp
GB00B1FXTF86,2024-08-02,10.16,GBP
GHYS.L,2024-08-02,88.105,GBP
GRAB,2024-08-02,3.24,USD
IDTG.L,2024-08-02,3.33575,GBP
IE0008368742,2024-08-02,140.78,USD
IE00B0M63516,2024-08-02,21.65,USD
IGLS.L,2024-08-02,126.77,GBP
IGWD.L,2024-08-02,9126,GBp
INXG.L,2024-08-02,13.526,GBP
ISPE.L,2024-08-02,5.655,GBP
IUAG.L,2024-08-02,94.88,USD
IWDG.L,2024-08-02,873.75,GBp
JFM0003373,2024-08-02,146.77,USD
KNSL,2024-08-02,447.65,USD
LU0164881194,2024-08-02,327.44,USD
LU0196696453,2024-08-02,14.35,USD
MU0129U00005,2024-08-02,383.67,USD
QQQ,2024-08-02,448.75,USD
SGLN.L,2024-08-02,3686,GBp
0639.HK,2024-08-05,2.58,HKD
0P00000YAN,2024-08-05,141.99,USD
BCHS.L,2024-08-05,6440.5,GBp
BMV7ZZ3,2024-08-05,721.55,GBX
CNX1.L,2024-08-05,80559,GBp
DPYG.L,2024-08-05,4.801,GBP
EWQX.L,2024-08-05,433.525,GBp
FLOS.L,2024-08-05,475,GBp
GB00B1FXTF86,2024-08-05,9.87,GBP
GHYS.L,2024-08-05,87.745,GBP
GRAB,2024-08-05,3.22,USD
IDTG.L,2024-08-05,3.3595,GBP
IE00B0M63516,2024-08-05,21.33,USD
IGLS.L,2024-08-05,126.71,GBP
IGWD.L,2024-08-05,8940,GBp
INXG.L,2024-08-05,13.36,GBP
ISPE.L,2024-08-05,5.596,GBP
IUAG.L,2024-08-05,95.34,USD
IWDG.L,2024-08-05,855.5,GBp
JFM0003373,2024-08-05,141.99,USD
KNSL,2024-08-05,446.85,USD
LU0164881194,2024-08-05,317.79,USD
LU0196696453,2024-08-05,14.05,USD
MU0129U00005,2024-08-05,373.81,USD
QQQ,2024-08-05,435.37,USD
SGLN.L,2024-08-05,3665,GBp
0639.HK,2024-08-06,2.64,HKD
0P00000YAN,2024-08-06,141.64,USD
BCHS.L,2024-08-06,6561.5,GBp
BMV7ZZ3,2024-08-06,730.45,GBX
CNX1.L,2024-08-06,81259,GBp
DPYG.L,2024-08-06,4.799,GBP
EWQX.L,2024-08-06,438.225,GBp
FLOS.L,2024-08-06,477.9,GBp
GB00B1FXTF86,2024-08-06,9.89,GBP
GHYS.L,2024-08-06,87.76,GBP
GRAB,2024-08-06,3.17,USD
IDTG.L,2024-08-06,3.3305,GBP
IE0008368742,2024-08-06,139.60,USD
IE00B0M63516,2024-08-06,21.93,USD
IGLS.L,2024-08-06,126.585,GBP
IGWD.L,2024-08-06,8994,GBp
INXG.L,2024-08-06,13.372,GBP
ISPE.L,2024-08-06,5.636,GBP
IUAG.L,2024-08-06,94.73,USD
IWDG.L,2024-08-06,861.75,GBp
JFM0003373,2024-08-06,141.64,USD
KNSL,2024-08-06,454.15,USD
LU0164881194,2024-08-06,317.89,USD
LU0196696453,2024-08-06,14.44,USD
MU0129U00005,2024-08-06,369.09,USD
QQQ,2024-08-06,439.53,USD
SGLN.L,2024-08-06,3652,GBp
0639.HK,2024-08-07,2.73,HKD
0P00000YAN,2024-08-07,143.94,USD
BCHS.L,2024-08-07,6686.5,GBp
BMV7ZZ3,2024-08-07,743.35,GBX
CNX1.L,2024-08-07,82404.5,GBp
DPYG.L,2024-08-07,4.8975,GBP
EWQX.L,2024-08-07,444.375,GBp
FLOS.L,2024-08-07,478.65,GBp
GB00B1FXTF86,2024-08-07,10.06,GBP
GHYS.L,2024-08-07,88.325,GBP
GRAB,2024-08-07,3.17,USD
IDTG.L,2024-08-07,3.278,GBP
IE0008368742,2024-08-07,141.72,USD
IE00B0M63516,2024-08-07,22.36,USD
IGLS.L,2024-08-07,126.565,GBP
IGWD.L,2024-08-07,9140,GBp
INXG.L,2024-08-07,13.324,GBP
ISPE.L,2024-08-07,5.699,GBP
IUAG.L,2024-08-07,94.53,USD
IWDG.L,2024-08-07,874.125,GBp
JFM0003373,2024-08-07,143.94,USD
KNSL,2024-08-07,457.95,USD
LU0164881194,2024-08-07,324.66,USD
LU0196696453,2024-08-07,14.78,USD
MU0129U00005,2024-08-07,377.35,USD
QQQ,2024-08-07,434.77,USD
SGLN.L,2024-08-07,3665.5,GBp
0639.HK,2024-08-08,2.71,HKD
0P00000YAN,2024-08-08,145,USD
BCHS.L,2024-08-08,6746.5,GBp
BMV7ZZ3,2024-08-08,739.40,GBX
CNX1.L,2024-08-08,82027.5,GBp
DPYG.L,2024-08-08,4.8555,GBP
EWQX.L,2024-08-08,441.975,GBp
FLOS.L,2024-08-08,478.45,GBp
GB00B1FXTF86,2024-08-08,10.02,GBP
GHYS.L,2024-08-08,88.475,GBP
GRAB,2024-08-08,3.23,USD
IDTG.L,2024-08-08,3.25025,GBP
IE0008368742,2024-08-08,142.10,USD
IE00B0M63516,2024-08-08,22.63,USD
IGLS.L,2024-08-08,126.68,GBP
IGWD.L,2024-08-08,9108,GBp
INXG.L,2024-08-08,13.308,GBP
ISPE.L,2024-08-08,5.6695,GBP
IUAG.L,2024-08-08,94.42,USD
IWDG.L,2024-08-08,872.5,GBp
JFM0003373,2024-08-08,145,USD
KNSL,2024-08-08,467.65,USD
LU0164881194,2024-08-08,322.28,USD
LU0196696453,2024-08-08,15.00,USD
MU0129U00005,2024-08-08,376.24,USD
QQQ,2024-08-08,448.07,USD
SGLN.L,2024-08-08,3691,GBp
0639.HK,2024-08-09,2.75,HKD
0P00000YAN,2024-08-09,146.18,USD
BCHS.L,2024-08-09,6751.5,GBp
BMV7ZZ3,2024-08-09,746.35,GBX
CNX1.L,2024-08-09,82313.5,GBp
DPYG.L,2024-08-09,4.8665,GBP
EWQX.L,2024-08-09,442.225,GBp
FLOS.L,2024-08-09,478.85,GBp
GB00B1FXTF86,2024-08-09,10.06,GBP
GHYS.L,2024-08-09,88.5,GBP
GRAB,2024-08-09,3.24,USD
IDTG.L,2024-08-09,3.28525,GBP
IE0008368742,2024-08-09,142.48,USD
IE00B0M63516,2024-08-09,23.23,USD
IGLS.L,2024-08-09,126.62,GBP
IGWD.L,2024-08-09,9156,GBp
INXG.L,2024-08-09,13.318,GBP
ISPE.L,2024-08-09,5.682,GBP
IUAG.L,2024-08-09,94.51,USD
IWDG.L,2024-08-09,877,GBp
JFM0003373,2024-08-09,146.18,USD
KNSL,2024-08-09,466.66,USD
LU0164881194,2024-08-09,324.23,USD
LU0196696453,2024-08-09,15.48,USD
MU0129U00005,2024-08-09,378.52,USD
QQQ,2024-08-09,450.41,USD
SGLN.L,2024-08-09,3699,GBp
0639.HK,2024-08-12,2.78,HKD
0P00000YAN,2024-08-12,146.45,USD
BCHS.L,2024-08-12,6704.5,GBp
BMV7ZZ3,2024-08-12,750.30,GBX
CNX1.L,2024-08-12,82787,GBp
DPYG.L,2024-08-12,4.842,GBP
EWQX.L,2024-08-12,442.275,GBp
FLOS.L,2024-08-12,477.7,GBp
GB00B1FXTF86,2024-08-12,9.98,GBP
GHYS.L,2024-08-12,88.56,GBP
GRAB,2024-08-12,3.26,USD
IDTG.L,2024-08-12,3.291,GBP
IE0008368742,2024-08-12,142.67,USD
IE00B0M63516,2024-08-12,23.49,USD
IGLS.L,2024-08-12,126.68,GBP
IGWD.L,2024-08-12,9185.5,GBp
INXG.L,2024-08-12,13.32,GBP
ISPE.L,2024-08-12,5.6705,GBP
IUAG.L,2024-08-12,94.64,USD
IWDG.L,2024-08-12,879.5,GBp
JFM0003373,2024-08-12,146.45,USD
KNSL,2024-08-12,464.74,USD
LU0164881194,2024-08-12,320.17,USD
LU0196696453,2024-08-12,15.74,USD
MU0129U00005,2024-08-12,378.03,USD
QQQ,2024-08-12,451.38,USD
SGLN.L,2024-08-12,3742,GBp
0639.HK,2024-08-13,2.76,HKD
0P00000YAN,2024-08-13,148.31,USD
BCHS.L,2024-08-13,6711.5,GBp
BMV7ZZ3,2024-08-13,764.60,GBX
CNX1.L,2024-08-13,83986,GBp
DPYG.L,2024-08-13,4.8785,GBP
EWQX.L,2024-08-13,446.525,GBp
FLOS.L,2024-08-13,479,GBp
GB00B1FXTF86,2024-08-13,9.96,GBP
GHYS.L,2024-08-13,88.68,GBP
GRAB,2024-08-13,3.37,USD
IDTG.L,2024-08-13,3.3135,GBP
IE0008368742,2024-08-13,142.51,USD
IE00B0M63516,2024-08-13,23.77,USD
IGLS.L,2024-08-13,126.78,GBP
IGWD.L,2024-08-13,9280,GBp
INXG.L,2024-08-13,13.406,GBP
ISPE.L,2024-08-13,5.704,GBP
IUAG.L,2024-08-13,95.03,USD
IWDG.L,2024-08-13,889,GBp
JFM0003373,2024-08-13,148.31,USD
KNSL,2024-08-13,470.21,USD
LU0164881194,2024-08-13,317.89,USD
LU0196696453,2024-08-13,15.81,USD
MU0129U00005,2024-08-13,375.79,USD
QQQ,2024-08-13,462.58,USD
SGLN.L,2024-08-13,3740,GBp
0639.HK,2024-08-14,2.75,HKD
0P00000YAN,2024-08-14,149.79,USD
BCHS.L,2024-08-14,6723.5,GBp
BMV7ZZ3,2024-08-14,764.40,GBX
CNX1.L,2024-08-14,84636,GBp
DPYG.L,2024-08-14,4.9225,GBP
EWQX.L,2024-08-14,448.55,GBp
FLOS.L,2024-08-14,479.025,GBp
GB00B1FXTF86,2024-08-14,9.90,GBP
GHYS.L,2024-08-14,88.88,GBP
GRAB,2024-08-14,3.37,USD
IDTG.L,2024-08-14,3.34025,GBP
IE0008368742,2024-08-14,141.44,USD
IE00B0M63516,2024-08-14,24.09,USD
IGLS.L,2024-08-14,126.9,GBP
IGWD.L,2024-08-14,9362,GBp
INXG.L,2024-08-14,13.498,GBP
ISPE.L,2024-08-14,5.743,GBP
IUAG.L,2024-08-14,95.41,USD
IWDG.L,2024-08-14,896.25,GBp
JFM0003373,2024-08-14,149.79,USD
KNSL,2024-08-14,479.87,USD
LU0164881194,2024-08-14,317.42,USD
LU0196696453,2024-08-14,15.96,USD
MU0129U00005,2024-08-14,376.52,USD
QQQ,2024-08-14,462.73,USD
SGLN.L,2024-08-14,3708.5,GBp
0639.HK,2024-08-15,2.74,HKD
0P00000YAN,2024-08-15,149.87,USD
BCHS.L,2024-08-15,6899,GBp
BMV7ZZ3,2024-08-15,782.50,GBX
CNX1.L,2024-08-15,86188,GBp
DPYG.L,2024-08-15,4.931,GBP
EWQX.L,2024-08-15,456.725,GBp
FLOS.L,2024-08-15,479.1,GBp
GHYS.L,2024-08-15,88.965,GBP
GRAB,2024-08-15,3.12,USD
IDTG.L,2024-08-15,3.297,GBP
IE0008368742,2024-08-15,141.18,USD
IE00B0M63516,2024-08-15,24.28,USD
IGLS.L,2024-08-15,126.67,GBP
IGWD.L,2024-08-15,9505,GBp
INXG.L,2024-08-15,13.39,GBP
ISPE.L,2024-08-15,5.816,GBP
IUAG.L,2024-08-15,94.89,USD
IWDG.L,2024-08-15,910,GBp
JFM0003373,2024-08-15,149.87,USD
KNSL,2024-08-15,482.88,USD
QQQ,2024-08-15,474.42,USD
SGLN.L,2024-08-15,3713,GBp
0639.HK,2024-08-16,2.74,HKD
0P00000YAN,2024-08-16,151.27,USD
BCHS.L,2024-08-16,6824,GBp
BMV7ZZ3,2024-08-16,781.70,GBX
CNX1.L,2024-08-16,86075.5,GBp
DPYG.L,2024-08-16,4.871,GBP
EWQX.L,2024-08-16,456.5,GBp
FLOS.L,2024-08-16,479.45,GBp
GB00B1FXTF86,2024-08-16,10.02,GBP
GHYS.L,2024-08-16,89.095,GBP
GRAB,2024-08-16,3.17,USD
IDTG.L,2024-08-16,3.30975,GBP
IE0008368742,2024-08-16,142.74,USD
IE00B0M63516,2024-08-16,24.11,USD
IGLS.L,2024-08-16,126.56,GBP
IGWD.L,2024-08-16,9522,GBp
INXG.L,2024-08-16,13.37,GBP
ISPE.L,2024-08-16,5.825,GBP
IUAG.L,2024-08-16,95.03,USD
IWDG.L,2024-08-16,911.25,GBp
JFM0003373,2024-08-16,151.27,USD
KNSL,2024-08-16,483.48,USD
LU0164881194,2024-08-16,325.09,USD
LU0196696453,2024-08-16,16.04,USD
MU0129U00005,2024-08-16,384.53,USD
QQQ,2024-08-16,475.03,USD
SGLN.L,2024-08-16,3749.5,GBp
0639.HK,2024-08-19,2.77,HKD
0P00000YAN,2024-08-19,154.34,USD
BCHS.L,2024-08-19,6957.5,GBp
BMV7ZZ3,2024-08-19,784.15,GBX
CNX1.L,2024-08-19,86096,GBp
DPYG.L,2024-08-19,4.919,GBP
EWQX.L,2024-08-19,457.3,GBp
FLOS.L,2024-08-19,479.35,GBp
GB00B1FXTF86,2024-08-19,10.01,GBP
GHYS.L,2024-08-19,89.195,GBP
GRAB,2024-08-19,3.33,USD
IDTG.L,2024-08-19,3.3405,GBP
IE0008368742,2024-08-19,143.67,USD
IE00B0M63516,2024-08-19,24.55,USD
IGLS.L,2024-08-19,126.67,GBP
IGWD.L,2024-08-19,9586.5,GBp
INXG.L,2024-08-19,13.35,GBP
ISPE.L,2024-08-19,5.868,GBP
IUAG.L,2024-08-19,95.38,USD
IWDG.L,2024-08-19,917.75,GBp
JFM0003373,2024-08-19,154.34,USD
KNSL,2024-08-19,486.41,USD
LU0164881194,2024-08-19,326.46,USD
LU0196696453,2024-08-19,16.32,USD
MU0129U00005,2024-08-19,385.48,USD
QQQ,2024-08-19,481.27,USD
SGLN.L,2024-08-19,3751.5,GBp
0639.HK,2024-08-20,2.69,HKD
0P00000YAN,2024-08-20,155.77,USD
BCHS.L,2024-08-20,7000,GBp
BMV7ZZ3,2024-08-20,781.45,GBX
CNX1.L,2024-08-20,86432.5,GBp
DPYG.L,2024-08-20,4.8985,GBP
EWQX.L,2024-08-20,457.55,GBp
FLOS.L,2024-08-20,479.525,GBp
GB00B1FXTF86,2024-08-20,10.05,GBP
GHYS.L,2024-08-20,89.24,GBP
GRAB,2024-08-20,3.23,USD
IDTG.L,2024-08-20,3.35675,GBP
IE0008368742,2024-08-20,142.78,USD
IE00B0M63516,2024-08-20,24.38,USD
IGLS.L,2024-08-20,126.58,GBP
IGWD.L,2024-08-20,9582.5,GBp
INXG.L,2024-08-20,13.378,GBP
ISPE.L,2024-08-20,5.857,GBP
IUAG.L,2024-08-20,95.69,USD
IWDG.L,2024-08-20,917.25,GBp
JFM0003373,2024-08-20,155.77,USD
KNSL,2024-08-20,474.89,USD
LU0164881194,2024-08-20,327.56,USD
LU0196696453,2024-08-20,16.23,USD
MU0129U00005,2024-08-20,386.74,USD
QQQ,2024-08-20,480.26,USD
SGLN.L,2024-08-20,3751,GBp
0639.HK,2024-08-21,2.7,HKD
0P00000YAN,2024-08-21,155.79,USD
BCHS.L,2024-08-21,6998,GBp
BMV7ZZ3,2024-08-21,787.40,GBX
CNX1.L,2024-08-21,86354,GBp
DPYG.L,2024-08-21,4.91,GBP
EWQX.L,2024-08-21,457.675,GBp
FLOS.L,2024-08-21,479.6,GBp
GB00B1FXTF86,2024-08-21,9.91,GBP
GHYS.L,2024-08-21,89.16,GBP
GRAB,2024-08-21,3.21,USD
IDTG.L,2024-08-21,3.366,GBP
IE0008368742,2024-08-21,141.85,USD
IE00B0M63516,2024-08-21,24.48,USD
IGLS.L,2024-08-21,126.78,GBP
IGWD.L,2024-08-21,9617.5,GBp
INXG.L,2024-08-21,13.37,GBP
ISPE.L,2024-08-21,5.885,GBP
IUAG.L,2024-08-21,95.86,USD
IWDG.L,2024-08-21,920.75,GBp
JFM0003373,2024-08-21,155.79,USD
KNSL,2024-08-21,479.22,USD
LU0164881194,2024-08-21,327.99,USD
LU0196696453,2024-08-21,16.24,USD
MU0129U00005,2024-08-21,387.62,USD
QQQ,2024-08-21,482.5,USD
SGLN.L,2024-08-21,3731,GBp
0639.HK,2024-08-22,2.67,HKD
0P00000YAN,2024-08-22,155.02,USD
BCHS.L,2024-08-22,7018,GBp
BMV7ZZ3,2024-08-22,789.60,GBX
CNX1.L,2024-08-22,86105,GBp
DPYG.L,2024-08-22,4.94975,GBP
EWQX.L,2024-08-22,456.1,GBp
FLOS.L,2024-08-22,479.975,GBp
GB00B1FXTF86,2024-08-22,9.90,GBP
GHYS.L,2024-08-22,89.29,GBP
GRAB,2024-08-22,3.2,USD
IDTG.L,2024-08-22,3.3375,GBP
IE0008368742,2024-08-22,142.26,USD
IE00B0M63516,2024-08-22,23.82,USD
IGLS.L,2024-08-22,126.56,GBP
IGWD.L,2024-08-22,9618,GBp
INXG.L,2024-08-22,13.291,GBP
ISPE.L,2024-08-22,5.888,GBP
IUAG.L,2024-08-22,95.45,USD
IWDG.L,2024-08-22,920.25,GBp
JFM0003373,2024-08-22,155.02,USD
KNSL,2024-08-22,483.24,USD
LU0164881194,2024-08-22,329.19,USD
LU0196696453,2024-08-22,16.00,USD
MU0129U00005,2024-08-22,386.97,USD
QQQ,2024-08-22,474.85,USD
SGLN.L,2024-08-22,3680,GBp
0639.HK,2024-08-23,2.64,HKD
0P00000YAN,2024-08-23,156.02,USD
BCHS.L,2024-08-23,6988,GBp
BMV7ZZ3,2024-08-23,786.85,GBX
CNX1.L,2024-08-23,85125,GBp
DPYG.L,2024-08-23,5.029,GBP
EWQX.L,2024-08-23,452.95,GBp
FLOS.L,2024-08-23,480.275,GBp
GB00B1FXTF86,2024-08-23,9.89,GBP
GHYS.L,2024-08-23,89.605,GBP
GRAB,2024-08-23,3.23,USD
IDTG.L,2024-08-23,3.3475,GBP
IE0008368742,2024-08-23,141.61,USD
IE00B0M63516,2024-08-23,24.31,USD
IGLS.L,2024-08-23,126.81,GBP
IGWD.L,2024-08-23,9662,GBp
INXG.L,2024-08-23,13.37,GBP
ISPE.L,2024-08-23,5.952,GBP
IUAG.L,2024-08-23,95.92,USD
IWDG.L,2024-08-23,925.25,GBp
JFM0003373,2024-08-23,156.02,USD
KNSL,2024-08-23,486.46,USD
LU0164881194,2024-08-23,329.08,USD
LU0196696453,2024-08-23,16.21,USD
MU0129U00005,2024-08-23,387.28,USD
QQQ,2024-08-23,480,USD
SGLN.L,2024-08-23,3701.5,GBp
0639.HK,2024-08-26,2.58,HKD
0P00000YAN,2024-08-26,156.81,USD
GRAB,2024-08-26,3.24,USD
IE0008368742,2024-08-26,142.66,USD
JFM0003373,2024-08-26,156.81,USD
KNSL,2024-08-26,483.63,USD
LU0164881194,2024-08-26,330.98,USD
MU0129U00005,2024-08-26,389.70,USD
QQQ,2024-08-26,475.34,USD
0639.HK,2024-08-27,2.64,HKD
0P00000YAN,2024-08-27,156.43,USD
BCHS.L,2024-08-27,6905.5,GBp
BMV7ZZ3,2024-08-27,775.30,GBX
CNX1.L,2024-08-27,84362,GBp
DPYG.L,2024-08-27,5.0455,GBP
EWQX.L,2024-08-27,449.825,GBp
FLOS.L,2024-08-27,480.175,GBp
GB00B1FXTF86,2024-08-27,9.88,GBP
GHYS.L,2024-08-27,89.5,GBP
GRAB,2024-08-27,3.24,USD
IDTG.L,2024-08-27,3.334,GBP
IE0008368742,2024-08-27,142.62,USD
IE00B0M63516,2024-08-27,24.41,USD
IGLS.L,2024-08-27,126.63,GBP
IGWD.L,2024-08-27,9640,GBp
INXG.L,2024-08-27,13.31,GBP
ISPE.L,2024-08-27,5.9315,GBP
IUAG.L,2024-08-27,95.65,USD
IWDG.L,2024-08-27,922.25,GBp
JFM0003373,2024-08-27,156.43,USD
KNSL,2024-08-27,487.7,USD
LU0164881194,2024-08-27,331.21,USD
LU0196696453,2024-08-27,16.29,USD
MU0129U00005,2024-08-27,389.47,USD
QQQ,2024-08-27,476.76,USD
SGLN.L,2024-08-27,3697.5,GBp
0639.HK,2024-08-28,2.55,HKD
0P00000YAN,2024-08-28,157.44,USD
BCHS.L,2024-08-28,6800.5,GBp
BMV7ZZ3,2024-08-28,759.70,GBX
CNX1.L,2024-08-28,83563,GBp
DPYG.L,2024-08-28,5.061,GBP
EWQX.L,2024-08-28,446.85,GBp
FLOS.L,2024-08-28,480.075,GBp
GB00B1FXTF86,2024-08-28,9.87,GBP
GHYS.L,2024-08-28,89.465,GBP
GRAB,2024-08-28,3.21,USD
IDTG.L,2024-08-28,3.347,GBP
IE0008368742,2024-08-28,140.85,USD
IE00B0M63516,2024-08-28,24.19,USD
IGLS.L,2024-08-28,126.66,GBP
IGWD.L,2024-08-28,9612,GBp
INXG.L,2024-08-28,13.328,GBP
ISPE.L,2024-08-28,5.945,GBP
IUAG.L,2024-08-28,95.845,USD
IWDG.L,2024-08-28,920.25,GBp
JFM0003373,2024-08-28,157.44,USD
KNSL,2024-08-28,482.37,USD
LU0164881194,2024-08-28,331.08,USD
LU0196696453,2024-08-28,16.15,USD
MU0129U00005,2024-08-28,389.13,USD
QQQ,2024-08-28,471.35,USD
SGLN.L,2024-08-28,3693,GBp
0639.HK,2024-08-29,2.59,HKD
0P00000YAN,2024-08-29,156.38,USD
BCHS.L,2024-08-29,6964,GBp
BMV7ZZ3,2024-08-29,775.05,GBX
CNX1.L,2024-08-29,84937,GBp
DPYG.L,2024-08-29,5.023,GBP
EWQX.L,2024-08-29,453.225,GBp
FLOS.L,2024-08-29,480.475,GBp
GB00B1FXTF86,2024-08-29,9.84,GBP
GHYS.L,2024-08-29,89.61,GBP
GRAB,2024-08-29,3.2,USD
IDTG.L,2024-08-29,3.3165,GBP
IE0008368742,2024-08-29,142.84,USD
IE00B0M63516,2024-08-29,23.74,USD
IGLS.L,2024-08-29,126.66,GBP
IGWD.L,2024-08-29,9691,GBp
INXG.L,2024-08-29,13.215,GBP
ISPE.L,2024-08-29,5.973,GBP
IUAG.L,2024-08-29,95.62,USD
IWDG.L,2024-08-29,927,GBp
JFM0003373,2024-08-29,156.38,USD
KNSL,2024-08-29,486.08,USD
LU0164881194,2024-08-29,331.58,USD
LU0196696453,2024-08-29,15.78,USD
MU0129U00005,2024-08-29,390.51,USD
QQQ,2024-08-29,470.66,USD
SGLN.L,2024-08-29,3720,GBp
0639.HK,2024-08-30,2.61,HKD
0P00000YAN,2024-08-30,157.96,USD
BCHS.L,2024-08-30,6780.5,GBp
BMV7ZZ3,2024-08-30,764.90,GBX
CNX1.L,2024-08-30,84379,GBp
DPYG.L,2024-08-30,5.044,GBP
EWQX.L,2024-08-30,452.925,GBp
FLOS.L,2024-08-30,480.6,GBp
GB00B1FXTF86,2024-08-30,9.86,GBP
GHYS.L,2024-08-30,89.54,GBP
GRAB,2024-08-30,3.22,USD
IDTG.L,2024-08-30,3.318,GBP
IE0008368742,2024-08-30,145.29,USD
IE00B0M63516,2024-08-30,23.68,USD
IGLS.L,2024-08-30,126.73,GBP
IGWD.L,2024-08-30,9665,GBp
INXG.L,2024-08-30,13.255,GBP
ISPE.L,2024-08-30,5.954,GBP
IUAG.L,2024-08-30,95.62,USD
IWDG.L,2024-08-30,923,GBp
JFM0003373,2024-08-30,157.96,USD
KNSL,2024-08-30,491.09,USD
LU0164881194,2024-08-30,333.23,USD
LU0196696453,2024-08-30,15.67,USD
MU0129U00005,2024-08-30,392.08,USD
QQQ,2024-08-30,476.27,USD
SGLN.L,2024-08-30,3707,GBp
0639.HK,2024-09-02,2.64,HKD
BCHS.L,2024-09-02,6792.5,GBp
BMV7ZZ3,2024-09-02,769.95,GBX
CNX1.L,2024-09-02,85162,GBp
DPYG.L,2024-09-02,5.079,GBP
EWQX.L,2024-09-02,455.875,GBp
FLOS.L,2024-09-02,480.65,GBp
GB00B1FXTF86,2024-09-02,9.88,GBP
GHYS.L,2024-09-02,89.58,GBP
IDTG.L,2024-09-02,3.297,GBP
IE0008368742,2024-09-02,142.68,USD
IE00B0M63516,2024-09-02,23.62,USD
IGLS.L,2024-09-02,126.66,GBP
IGWD.L,2024-09-02,9728,GBp
INXG.L,2024-09-02,13.174,GBP
ISPE.L,2024-09-02,5.9985,GBP
IUAG.L,2024-09-02,95.29,USD
IWDG.L,2024-09-02,930.25,GBp
LU0164881194,2024-09-02,332.49,USD
LU0196696453,2024-09-02,15.62,USD
MU0129U00005,2024-09-02,391.97,USD
SGLN.L,2024-09-02,3699,GBp
0639.HK,2024-09-03,2.67,HKD
0P00000YAN,2024-09-03,157.44,USD
BCHS.L,2024-09-03,6578,GBp
BMV7ZZ3,2024-09-03,753.50,GBX
CNX1.L,2024-09-03,83538,GBp
DPYG.L,2024-09-03,5.064,GBP
EWQX.L,2024-09-03,450.825,GBp
FLOS.L,2024-09-03,480.625,GBp
GB00B1FXTF86,2024-09-03,9.95,GBP
GHYS.L,2024-09-03,89.55,GBP
GRAB,2024-09-03,3.32,USD
IDTG.L,2024-09-03,3.3435,GBP
IE0008368742,2024-09-03,143.33,USD
IE00B0M63516,2024-09-03,23.49,USD
IGLS.L,2024-09-03,126.82,GBP
IGWD.L,2024-09-03,9613,GBp
INXG.L,2024-09-03,13.27,GBP
ISPE.L,2024-09-03,5.961,GBP
IUAG.L,2024-09-03,95.79,USD
IWDG.L,2024-09-03,918.25,GBp
JFM0003373,2024-09-03,157.44,USD
KNSL,2024-09-03,474.19,USD
LU0164881194,2024-09-03,332.86,USD
LU0196696453,2024-09-03,15.61,USD
MU0129U00005,2024-09-03,391.85,USD
QQQ,2024-09-03,461.81,USD
SGLN.L,2024-09-03,3685.5,GBp
0639.HK,2024-09-04,2.62,HKD
0P00000YAN,2024-09-04,157.47,USD
BCHS.L,2024-09-04,6466.5,GBp
BMV7ZZ3,2024-09-04,735.70,GBX
CNX1.L,2024-09-04,82405,GBp
DPYG.L,2024-09-04,5.0735,GBP
EWQX.L,2024-09-04,444,GBp
FLOS.L,2024-09-04,480.7,GBp
GB00B1FXTF86,2024-09-04,9.95,GBP
GHYS.L,2024-09-04,89.37,GBP
GRAB,2024-09-04,3.33,USD
IDTG.L,2024-09-04,3.36475,GBP
IE0008368742,2024-09-04,141.88,USD
IE00B0M63516,2024-09-04,23.73,USD
IGLS.L,2024-09-04,126.86,GBP
IGWD.L,2024-09-04,9515,GBp
INXG.L,2024-09-04,13.366,GBP
ISPE.L,2024-09-04,5.93,GBP
IUAG.L,2024-09-04,95.89,USD
IWDG.L,2024-09-04,909.75,GBp
JFM0003373,2024-09-04,157.47,USD
KNSL,2024-09-04,474.45,USD
LU0164881194,2024-09-04,332.56,USD
LU0196696453,2024-09-04,15.80,USD
MU0129U00005,2024-09-04,392.25,USD
QQQ,2024-09-04,460.61,USD
SGLN.L,2024-09-04,3689.5,GBp
0639.HK,2024-09-05,2.58,HKD
0P00000YAN,2024-09-05,159.22,USD
BCHS.L,2024-09-05,6380.5,GBp
BMV7ZZ3,2024-09-05,723.05,GBX
CNX1.L,2024-09-05,81775,GBp
DPYG.L,2024-09-05,5.079,GBP
EWQX.L,2024-09-05,437.45,GBp
FLOS.L,2024-09-05,480.65,GBp
GB00B1FXTF86,2024-09-05,9.94,GBP
GHYS.L,2024-09-05,89.585,GBP
GRAB,2024-09-05,3.34,USD
IDTG.L,2024-09-05,3.3885,GBP
IE0008368742,2024-09-05,142.13,USD
IE00B0M63516,2024-09-05,23.66,USD
IGLS.L,2024-09-05,126.98,GBP
IGWD.L,2024-09-05,9431,GBp
INXG.L,2024-09-05,13.398,GBP
ISPE.L,2024-09-05,5.87,GBP
IUAG.L,2024-09-05,96.18,USD
IWDG.L,2024-09-05,903.875,GBp
JFM0003373,2024-09-05,159.22,USD
KNSL,2024-09-05,465.09,USD
LU0164881194,2024-09-05,333.09,USD
LU0196696453,2024-09-05,15.70,USD
MU0129U00005,2024-09-05,391.49,USD
QQQ,2024-09-05,461.04,USD
SGLN.L,2024-09-05,3703,GBp
BCHS.L,2024-09-06,6182.5,GBp
BMV7ZZ3,2024-09-06,709.40,GBX
CNX1.L,2024-09-06,80246.5,GBp
DPYG.L,2024-09-06,5.0355,GBP
EWQX.L,2024-09-06,433.275,GBp
FLOS.L,2024-09-06,480.95,GBp
GB00B1FXTF86,2024-09-06,9.88,GBP
GHYS.L,2024-09-06,89.605,GBP
GRAB,2024-09-06,3.29,USD
IDTG.L,2024-09-06,3.44,GBP
IE0008368742,2024-09-06,141.40,USD
IE00B0M63516,2024-09-06,23.39,USD
IGLS.L,2024-09-06,127.5,GBP
IGWD.L,2024-09-06,9328.5,GBp
INXG.L,2024-09-06,13.368,GBP
ISPE.L,2024-09-06,5.832,GBP
IUAG.L,2024-09-06,96.69,USD
IWDG.L,2024-09-06,892.25,GBp
KNSL,2024-09-06,461.5,USD
LU0164881194,2024-09-06,329.60,USD
LU0196696453,2024-09-06,15.57,USD
QQQ,2024-09-06,448.69,USD
SGLN.L,2024-09-06,3718,GBp
0639.HK,2024-09-09,2.62,HKD
0P00000YAN,2024-09-09,159.75,USD
BCHS.L,2024-09-09,6311.5,GBp
BMV7ZZ3,2024-09-09,722.50,GBX
CNX1.L,2024-09-09,81027.5,GBp
DPYG.L,2024-09-09,5.094,GBP
EWQX.L,2024-09-09,438.75,GBp
FLOS.L,2024-09-09,481.075,GBp
GB00B1FXTF86,2024-09-09,9.94,GBP
GHYS.L,2024-09-09,89.63,GBP
GRAB,2024-09-09,3.35,USD
IDTG.L,2024-09-09,3.41125,GBP
IE0008368742,2024-09-09,139.15,USD
IE00B0M63516,2024-09-09,23.41,USD
IGLS.L,2024-09-09,127.36,GBP
IGWD.L,2024-09-09,9395.5,GBp
INXG.L,2024-09-09,13.416,GBP
ISPE.L,2024-09-09,5.876,GBP
IUAG.L,2024-09-09,96.56,USD
IWDG.L,2024-09-09,899.5,GBp
JFM0003373,2024-09-09,159.75,USD
KNSL,2024-09-09,466.38,USD
LU0164881194,2024-09-09,330.57,USD
LU0196696453,2024-09-09,15.57,USD
MU0129U00005,2024-09-09,388.68,USD
QQQ,2024-09-09,454.46,USD
SGLN.L,2024-09-09,3714,GBp
0639.HK,2024-09-10,2.57,HKD
0P00000YAN,2024-09-10,160.9,USD
BCHS.L,2024-09-10,6375.5,GBp
BMV7ZZ3,2024-09-10,731.60,GBX
CNX1.L,2024-09-10,82007,GBp
DPYG.L,2024-09-10,5.136,GBP
EWQX.L,2024-09-10,440.425,GBp
FLOS.L,2024-09-10,481.25,GBp
GB00B1FXTF86,2024-09-10,10.01,GBP
GHYS.L,2024-09-10,89.585,GBP
GRAB,2024-09-10,3.35,USD
IDTG.L,2024-09-10,3.439,GBP
IE0008368742,2024-09-10,138.49,USD
IE00B0M63516,2024-09-10,23.18,USD
IGLS.L,2024-09-10,127.55,GBP
IGWD.L,2024-09-10,9410,GBp
INXG.L,2024-09-10,13.392,GBP
ISPE.L,2024-09-10,5.864,GBP
IUAG.L,2024-09-10,96.98,USD
IWDG.L,2024-09-10,899.75,GBp
JFM0003373,2024-09-10,160.9,USD
KNSL,2024-09-10,462.83,USD
LU0164881194,2024-09-10,332.20,USD
LU0196696453,2024-09-10,15.40,USD
MU0129U00005,2024-09-10,390.05,USD
QQQ,2024-09-10,458.66,USD
SGLN.L,2024-09-10,3740.5,GBp
0639.HK,2024-09-11,2.5,HKD
0P00000YAN,2024-09-11,161.31,USD
BCHS.L,2024-09-11,6371,GBp
BMV7ZZ3,2024-09-11,727.00,GBX
CNX1.L,2024-09-11,81886,GBp
DPYG.L,2024-09-11,5.0965,GBP
EWQX.L,2024-09-11,438.4,GBp
FLOS.L,2024-09-11,481.4,GBp
GB00B1FXTF86,2024-09-11,10.00,GBP
GHYS.L,2024-09-11,89.43,GBP
GRAB,2024-09-11,3.45,USD
IDTG.L,2024-09-11,3.4535,GBP
IE0008368742,2024-09-11,138.30,USD
IE00B0M63516,2024-09-11,23.06,USD
IGLS.L,2024-09-11,127.6,GBP
IGWD.L,2024-09-11,9349.5,GBp
INXG.L,2024-09-11,13.46,GBP
ISPE.L,2024-09-11,5.794,GBP
IUAG.L,2024-09-11,97.06,USD
IWDG.L,2024-09-11,893.875,GBp
JFM0003373,2024-09-11,161.31,USD
KNSL,2024-09-11,454.84,USD
LU0164881194,2024-09-11,332.17,USD
LU0196696453,2024-09-11,15.36,USD
MU0129U00005,2024-09-11,389.42,USD
QQQ,2024-09-11,468.62,USD
SGLN.L,2024-09-11,3751.5,GBp
0639.HK,2024-09-12,2.53,HKD
0P00000YAN,2024-09-12,161.91,USD
BCHS.L,2024-09-12,6519.5,GBp
BMV7ZZ3,2024-09-12,752.95,GBX
CNX1.L,2024-09-12,84213,GBp
DPYG.L,2024-09-12,5.149,GBP
EWQX.L,2024-09-12,446.425,GBp
FLOS.L,2024-09-12,481.625,GBp
GB00B1FXTF86,2024-09-12,10.17,GBP
GHYS.L,2024-09-12,89.745,GBP
GRAB,2024-09-12,3.45,USD
IDTG.L,2024-09-12,3.42275,GBP
IE0008368742,2024-09-12,138.32,USD
IE00B0M63516,2024-09-12,22.74,USD
IGLS.L,2024-09-12,127.58,GBP
IGWD.L,2024-09-12,9539.5,GBp
INXG.L,2024-09-12,13.454,GBP
ISPE.L,2024-09-12,5.884,GBP
IUAG.L,2024-09-12,96.78,USD
IWDG.L,2024-09-12,914.25,GBp
JFM0003373,2024-09-12,161.91,USD
KNSL,2024-09-12,457.21,USD
LU0164881194,2024-09-12,336.78,USD
LU0196696453,2024-09-12,15.36,USD
MU0129U00005,2024-09-12,394.94,USD
QQQ,2024-09-12,473.22,USD
SGLN.L,2024-09-12,3797,GBp
0639.HK,2024-09-13,2.54,HKD
0P00000YAN,2024-09-13,163.36,USD
BCHS.L,2024-09-13,6637.5,GBp
BMV7ZZ3,2024-09-13,765.05,GBX
CNX1.L,2024-09-13,84784.5,GBp
DPYG.L,2024-09-13,5.202,GBP
EWQX.L,2024-09-13,450,GBp
FLOS.L,2024-09-13,481.575,GBp
GB00B1FXTF86,2024-09-13,10.14,GBP
GHYS.L,2024-09-13,89.99,GBP
GRAB,2024-09-13,3.47,USD
IDTG.L,2024-09-13,3.43,GBP
IE0008368742,2024-09-13,139.33,USD
IE00B0M63516,2024-09-13,23.44,USD
IGLS.L,2024-09-13,127.66,GBP
IGWD.L,2024-09-13,9636,GBp
INXG.L,2024-09-13,13.514,GBP
ISPE.L,2024-09-13,5.9655,GBP
IUAG.L,2024-09-13,97.05,USD
IWDG.L,2024-09-13,921.75,GBp
JFM0003373,2024-09-13,163.36,USD
KNSL,2024-09-13,464.53,USD
LU0164881194,2024-09-13,338.62,USD
LU0196696453,2024-09-13,15.89,USD
MU0129U00005,2024-09-13,395.43,USD
QQQ,2024-09-13,475.34,USD
SGLN.L,2024-09-13,3817,GBp
0639.HK,2024-09-16,2.5,HKD
0P00000YAN,2024-09-16,163.65,USD
BCHS.L,2024-09-16,6544.5,GBp
BMV7ZZ3,2024-09-16,757.05,GBX
CNX1.L,2024-09-16,83828,GBp
DPYG.L,2024-09-16,5.221,GBP
EWQX.L,2024-09-16,447.45,GBp
FLOS.L,2024-09-16,481.45,GBp
GB00B1FXTF86,2024-09-16,10.36,GBP
GHYS.L,2024-09-16,89.9,GBP
GRAB,2024-09-16,3.5,USD
IDTG.L,2024-09-16,3.4575,GBP
IE0008368742,2024-09-16,139.30,USD
IE00B0M63516,2024-09-16,23.54,USD
IGLS.L,2024-09-16,127.72,GBP
IGWD.L,2024-09-16,9631,GBp
INXG.L,2024-09-16,13.551,GBP
ISPE.L,2024-09-16,5.986,GBP
IUAG.L,2024-09-16,97.28,USD
IWDG.L,2024-09-16,920.75,GBp
JFM0003373,2024-09-16,163.65,USD
KNSL,2024-09-16,453.53,USD
LU0164881194,2024-09-16,337.90,USD
LU0196696453,2024-09-16,15.96,USD
MU0129U00005,2024-09-16,395.29,USD
QQQ,2024-09-16,473.24,USD
SGLN.L,2024-09-16,3801,GBp
0639.HK,2024-09-17,2.53,HKD
0P00000YAN,2024-09-17,165.12,USD
BCHS.L,2024-09-17,6673,GBp
BMV7ZZ3,2024-09-17,770.85,GBX
CNX1.L,2024-09-17,84698,GBp
DPYG.L,2024-09-17,5.213,GBP
EWQX.L,2024-09-17,451.8,GBp
FLOS.L,2024-09-17,481.6,GBp
GB00B1FXTF86,2024-09-17,10.14,GBP
GHYS.L,2024-09-17,90.135,GBP
GRAB,2024-09-17,3.57,USD
IDTG.L,2024-09-17,3.4615,GBP
IE0008368742,2024-09-17,140.05,USD
IE00B0M63516,2024-09-17,23.56,USD
IGLS.L,2024-09-17,127.72,GBP
IGWD.L,2024-09-17,9691,GBp
INXG.L,2024-09-17,13.576,GBP
ISPE.L,2024-09-17,6.05,GBP
IUAG.L,2024-09-17,97.205,USD
IWDG.L,2024-09-17,926.5,GBp
JFM0003373,2024-09-17,165.12,USD
KNSL,2024-09-17,455.37,USD
LU0164881194,2024-09-17,338.25,USD
LU0196696453,2024-09-17,15.90,USD
MU0129U00005,2024-09-17,396.20,USD
QQQ,2024-09-17,473.49,USD
SGLN.L,2024-09-17,3791.5,GBp
BCHS.L,2024-09-18,6575,GBp
BMV7ZZ3,2024-09-18,760.50,GBX
CNX1.L,2024-09-18,84022,GBp
DPYG.L,2024-09-18,5.187,GBP
EWQX.L,2024-09-18,447.675,GBp
FLOS.L,2024-09-18,481.825,GBp
GB00B1FXTF86,2024-09-18,10.03,GBP
GHYS.L,2024-09-18,90,GBP
GRAB,2024-09-18,3.66,USD
IDTG.L,2024-09-18,3.43025,GBP
IE00B0M63516,2024-09-18,23.52,USD
IGLS.L,2024-09-18,127.53,GBP
IGWD.L,2024-09-18,9638,GBp
INXG.L,2024-09-18,13.594,GBP
ISPE.L,2024-09-18,6.019,GBP
IUAG.L,2024-09-18,96.85,USD
IWDG.L,2024-09-18,921.25,GBp
KNSL,2024-09-18,453.28,USD
LU0164881194,2024-09-18,337.50,USD
LU0196696453,2024-09-18,15.99,USD
QQQ,2024-09-18,471.44,USD
SGLN.L,2024-09-18,3787.5,GBp
0639.HK,2024-09-19,2.56,HKD
0P00000YAN,2024-09-19,168.34,USD
BCHS.L,2024-09-19,6757.5,GBp
BMV7ZZ3,2024-09-19,778.05,GBX
CNX1.L,2024-09-19,85667,GBp
DPYG.L,2024-09-19,5.195,GBP
EWQX.L,2024-09-19,454.275,GBp
FLOS.L,2024-09-19,482.1,GBp
GB00B1FXTF86,2024-09-19,9.99,GBP
GHYS.L,2024-09-19,90.55,GBP
GRAB,2024-09-19,3.66,USD
IDTG.L,2024-09-19,3.38925,GBP
IE0008368742,2024-09-19,143.60,USD
IE00B0M63516,2024-09-19,23.76,USD
IGLS.L,2024-09-19,127.48,GBP
IGWD.L,2024-09-19,9792,GBp
INXG.L,2024-09-19,13.45,GBP
ISPE.L,2024-09-19,6.073,GBP
IUAG.L,2024-09-19,96.95,USD
IWDG.L,2024-09-19,936,GBp
JFM0003373,2024-09-19,168.34,USD
KNSL,2024-09-19,453.81,USD
LU0164881194,2024-09-19,337.92,USD
LU0196696453,2024-09-19,16.08,USD
MU0129U00005,2024-09-19,395.90,USD
QQQ,2024-09-19,483.36,USD
SGLN.L,2024-09-19,3786,GBp
0639.HK,2024-09-20,2.55,HKD
0P00000YAN,2024-09-20,168.91,USD
BCHS.L,2024-09-20,6625,GBp
BMV7ZZ3,2024-09-20,764.05,GBX
CNX1.L,2024-09-20,84717,GBp
DPYG.L,2024-09-20,5.1655,GBP
EWQX.L,2024-09-20,448.075,GBp
FLOS.L,2024-09-20,482.1,GBp
GB00B1FXTF86,2024-09-20,10.18,GBP
GHYS.L,2024-09-20,90.31,GBP
GRAB,2024-09-20,3.64,USD
IDTG.L,2024-09-20,3.3785,GBP
IE0008368742,2024-09-20,145.56,USD
IE00B0M63516,2024-09-20,23.09,USD
IGLS.L,2024-09-20,127.47,GBP
IGWD.L,2024-09-20,9743,GBp
INXG.L,2024-09-20,13.388,GBP
ISPE.L,2024-09-20,6.034,GBP
IUAG.L,2024-09-20,96.68,USD
IWDG.L,2024-09-20,931.25,GBp
JFM0003373,2024-09-20,168.91,USD
KNSL,2024-09-20,450.64,USD
LU0164881194,2024-09-20,344.07,USD
LU0196696453,2024-09-20,15.65,USD
MU0129U00005,2024-09-20,402.95,USD
QQQ,2024-09-20,482.44,USD
SGLN.L,2024-09-20,3825.5,GBp
0639.HK,2024-09-23,2.56,HKD
0P00000YAN,2024-09-23,170.08,USD
BCHS.L,2024-09-23,6712.5,GBp
BMV7ZZ3,2024-09-23,774.40,GBX
CNX1.L,2024-09-23,85029,GBp
DPYG.L,2024-09-23,5.2095,GBP
EWQX.L,2024-09-23,449.35,GBp
FLOS.L,2024-09-23,482.4,GBp
GB00B1FXTF86,2024-09-23,10.22,GBP
GHYS.L,2024-09-23,90.55,GBP
GRAB,2024-09-23,3.65,USD
IDTG.L,2024-09-23,3.364,GBP
IE0008368742,2024-09-23,145.06,USD
IE00B0M63516,2024-09-23,22.84,USD
IGLS.L,2024-09-23,127.47,GBP
IGWD.L,2024-09-23,9790,GBp
INXG.L,2024-09-23,13.38,GBP
ISPE.L,2024-09-23,6.078,GBP
IUAG.L,2024-09-23,96.76,USD
IWDG.L,2024-09-23,936.25,GBp
JFM0003373,2024-09-23,170.08,USD
KNSL,2024-09-23,463.17,USD
LU0164881194,2024-09-23,347.53,USD
LU0196696453,2024-09-23,15.42,USD
MU0129U00005,2024-09-23,405.82,USD
QQQ,2024-09-23,483.04,USD
SGLN.L,2024-09-23,3831.5,GBp
0639.HK,2024-09-24,2.72,HKD
0P00000YAN,2024-09-24,170.86,USD
BCHS.L,2024-09-24,6716,GBp
BMV7ZZ3,2024-09-24,770.60,GBX
CNX1.L,2024-09-24,84939,GBp
DPYG.L,2024-09-24,5.2065,GBP
EWQX.L,2024-09-24,449.4,GBp
FLOS.L,2024-09-24,482.3,GBp
GB00B1FXTF86,2024-09-24,10.16,GBP
GHYS.L,2024-09-24,90.59,GBP
GRAB,2024-09-24,3.7,USD
IDTG.L,2024-09-24,3.372,GBP
IE0008368742,2024-09-24,152.06,USD
IE00B0M63516,2024-09-24,23.34,USD
IGLS.L,2024-09-24,127.44,GBP
IGWD.L,2024-09-24,9797,GBp
INXG.L,2024-09-24,13.412,GBP
ISPE.L,2024-09-24,6.096,GBP
IUAG.L,2024-09-24,96.7,USD
IWDG.L,2024-09-24,937.25,GBp
JFM0003373,2024-09-24,170.86,USD
KNSL,2024-09-24,449.44,USD
LU0164881194,2024-09-24,344.95,USD
LU0196696453,2024-09-24,15.72,USD
MU0129U00005,2024-09-24,403.60,USD
QQQ,2024-09-24,485.37,USD
SGLN.L,2024-09-24,3843.5,GBp
0639.HK,2024-09-25,2.67,HKD
0P00000YAN,2024-09-25,170.36,USD
BCHS.L,2024-09-25,6851,GBp
BMV7ZZ3,2024-09-25,787.55,GBX
CNX1.L,2024-09-25,85472.5,GBp
DPYG.L,2024-09-25,5.207,GBP
EWQX.L,2024-09-25,449.6,GBp
FLOS.L,2024-09-25,482.325,GBp
GB00B1FXTF86,2024-09-25,10.11,GBP
GHYS.L,2024-09-25,90.46,GBP
GRAB,2024-09-25,3.78,USD
IDTG.L,2024-09-25,3.358,GBP
IE0008368742,2024-09-25,153.71,USD
IE00B0M63516,2024-09-25,23.20,USD
IGLS.L,2024-09-25,127.23,GBP
IGWD.L,2024-09-25,9819.5,GBp
INXG.L,2024-09-25,13.264,GBP
ISPE.L,2024-09-25,6.07,GBP
IUAG.L,2024-09-25,96.73,USD
IWDG.L,2024-09-25,938.25,GBp
JFM0003373,2024-09-25,170.36,USD
KNSL,2024-09-25,448.97,USD
LU0164881194,2024-09-25,343.41,USD
LU0196696453,2024-09-25,15.65,USD
MU0129U00005,2024-09-25,401.97,USD
QQQ,2024-09-25,485.82,USD
SGLN.L,2024-09-25,3870,GBp
0639.HK,2024-09-26,2.76,HKD
0P00000YAN,2024-09-26,169.91,USD
BCHS.L,2024-09-26,6989,GBp
BMV7ZZ3,2024-09-26,785.75,GBX
CNX1.L,2024-09-26,85376,GBp
DPYG.L,2024-09-26,5.189,GBP
EWQX.L,2024-09-26,449.2,GBp
FLOS.L,2024-09-26,482.575,GBp
GB00B1FXTF86,2024-09-26,10.14,GBP
GHYS.L,2024-09-26,90.7,GBP
GRAB,2024-09-26,3.8,USD
IDTG.L,2024-09-26,3.3495,GBP
IE0008368742,2024-09-26,163.03,USD
IE00B0M63516,2024-09-26,23.36,USD
IGLS.L,2024-09-26,127.4,GBP
IGWD.L,2024-09-26,9858,GBp
INXG.L,2024-09-26,13.232,GBP
ISPE.L,2024-09-26,6.095,GBP
IUAG.L,2024-09-26,96.47,USD
IWDG.L,2024-09-26,941.625,GBp
JFM0003373,2024-09-26,169.91,USD
KNSL,2024-09-26,449.84,USD
LU0164881194,2024-09-26,344.76,USD
LU0196696453,2024-09-26,15.68,USD
MU0129U00005,2024-09-26,404.15,USD
QQQ,2024-09-26,489.47,USD
SGLN.L,2024-09-26,3869.5,GBp
0639.HK,2024-09-27,2.85,HKD
0P00000YAN,2024-09-27,169.31,USD
BCHS.L,2024-09-27,6985,GBp
BMV7ZZ3,2024-09-27,785.90,GBX
CNX1.L,2024-09-27,85500.5,GBp
DPYG.L,2024-09-27,5.19,GBP
EWQX.L,2024-09-27,454.025,GBp
FLOS.L,2024-09-27,482.675,GBp
GB00B1FXTF86,2024-09-27,10.05,GBP
GHYS.L,2024-09-27,90.705,GBP
GRAB,2024-09-27,3.85,USD
IDTG.L,2024-09-27,3.3605,GBP
IE0008368742,2024-09-27,172.27,USD
IE00B0M63516,2024-09-27,23.50,USD
IGLS.L,2024-09-27,127.38,GBP
IGWD.L,2024-09-27,9869,GBp
INXG.L,2024-09-27,13.204,GBP
ISPE.L,2024-09-27,6.1545,GBP
IUAG.L,2024-09-27,96.86,USD
IWDG.L,2024-09-27,943.5,GBp
JFM0003373,2024-09-27,169.31,USD
KNSL,2024-09-27,461.38,USD
LU0164881194,2024-09-27,344.01,USD
LU0196696453,2024-09-27,15.83,USD
MU0129U00005,2024-09-27,403.36,USD
QQQ,2024-09-27,486.75,USD
SGLN.L,2024-09-27,3850,GBp
0639.HK,2024-09-30,2.95,HKD
0P00000YAN,2024-09-30,168.12,USD
BCHS.L,2024-09-30,6901,GBp
BMV7ZZ3,2024-09-30,778.80,GBX
CNX1.L,2024-09-30,85319,GBp
DPYG.L,2024-09-30,5.163,GBP
EWQX.L,2024-09-30,450.125,GBp
FLOS.L,2024-09-30,482.825,GBp
GB00B1FXTF86,2024-09-30,10.03,GBP
GHYS.L,2024-09-30,90.87,GBP
GRAB,2024-09-30,3.8,USD
IDTG.L,2024-09-30,3.35975,GBP
IE0008368742,2024-09-30,178.77,USD
IE00B0M63516,2024-09-30,23.36,USD
IGLS.L,2024-09-30,127.24,GBP
IGWD.L,2024-09-30,9820,GBp
INXG.L,2024-09-30,13.228,GBP
ISPE.L,2024-09-30,6.115,GBP
IUAG.L,2024-09-30,96.71,USD
IWDG.L,2024-09-30,939.75,GBp
JFM0003373,2024-09-30,168.12,USD
KNSL,2024-09-30,465.57,USD
LU0164881194,2024-09-30,339.03,USD
LU0196696453,2024-09-30,15.72,USD
MU0129U00005,2024-09-30,398.21,USD
QQQ,2024-09-30,488.07,USD
SGLN.L,2024-09-30,3818,GBp
BCHS.L,2024-10-01,6703,GBp
BMV7ZZ3,2024-10-01,766.80,GBX
CNX1.L,2024-10-01,84877,GBp
DPYG.L,2024-10-01,5.17,GBP
EWQX.L,2024-10-01,449.95,GBp
FLOS.L,2024-10-01,482.8,GBp
GB00B1FXTF86,2024-10-01,10.21,GBP
GHYS.L,2024-10-01,90.72,GBP
GRAB,2024-10-01,3.79,USD
IDTG.L,2024-10-01,3.39325,GBP
IE00B0M63516,2024-10-01,23.38,USD
IGLS.L,2024-10-01,127.36,GBP
IGWD.L,2024-10-01,9772,GBp
INXG.L,2024-10-01,13.396,GBP
ISPE.L,2024-10-01,6.098,GBP
IUAG.L,2024-10-01,96.98,USD
IWDG.L,2024-10-01,936,GBp
KNSL,2024-10-01,476.24,USD
LU0164881194,2024-10-01,339.25,USD
LU0196696453,2024-10-01,15.65,USD
QQQ,2024-10-01,481.27,USD
SGLN.L,2024-10-01,3903,GBp
0639.HK,2024-10-02,3.023018,HKD
0P00000YAN,2024-10-02,166.74,USD
BCHS.L,2024-10-02,6745,GBp
BMV7ZZ3,2024-10-02,771.90,GBX
CNX1.L,2024-10-02,85512.5,GBp
DPYG.L,2024-10-02,5.137,GBP
EWQX.L,2024-10-02,453.2,GBp
FLOS.L,2024-10-02,482.75,GBp
GHYS.L,2024-10-02,90.75,GBP
GRAB,2024-10-02,3.77,USD
IDTG.L,2024-10-02,3.34525,GBP
IE0008368742,2024-10-02,188.10,USD
IE00B0M63516,2024-10-02,23.62,USD
IGLS.L,2024-10-02,127.31,GBP
IGWD.L,2024-10-02,9804.5,GBp
INXG.L,2024-10-02,13.242,GBP
ISPE.L,2024-10-02,6.101,GBP
IUAG.L,2024-10-02,96.635,USD
IWDG.L,2024-10-02,938.5,GBp
JFM0003373,2024-10-02,166.74,USD
KNSL,2024-10-02,476.12,USD
LU0196696453,2024-10-02,15.80,USD
QQQ,2024-10-02,481.95,USD
SGLN.L,2024-10-02,3879.5,GBp
0639.HK,2024-10-03,2.98311,HKD
0P00000YAN,2024-10-03,165.12,USD
BCHS.L,2024-10-03,6818.5,GBp
BMV7ZZ3,2024-10-03,774.30,GBX
CNX1.L,2024-10-03,86297,GBp
DPYG.L,2024-10-03,5.111,GBP
EWQX.L,2024-10-03,455.7,GBp
FLOS.L,2024-10-03,483.125,GBp
GB00B1FXTF86,2024-10-03,10.14,GBP
GHYS.L,2024-10-03,90.7,GBP
GRAB,2024-10-03,3.7,USD
IDTG.L,2024-10-03,3.33925,GBP
IE0008368742,2024-10-03,185.65,USD
IE00B0M63516,2024-10-03,22.97,USD
IGLS.L,2024-10-03,127.57,GBP
IGWD.L,2024-10-03,9770,GBp
INXG.L,2024-10-03,13.319,GBP
ISPE.L,2024-10-03,6.0595,GBP
IUAG.L,2024-10-03,96.51,USD
IWDG.L,2024-10-03,934.75,GBp
JFM0003373,2024-10-03,165.12,USD
KNSL,2024-10-03,477.68,USD
LU0164881194,2024-10-03,331.55,USD
LU0196696453,2024-10-03,15.29,USD
MU0129U00005,2024-10-03,392.04,USD
QQQ,2024-10-03,481.59,USD
SGLN.L,2024-10-03,3931,GBp
0639.HK,2024-10-04,3.042972,HKD
0P00000YAN,2024-10-04,164.8,USD
BCHS.L,2024-10-04,6950.5,GBp
BMV7ZZ3,2024-10-04,783.35,GBX
CNX1.L,2024-10-04,86698,GBp
DPYG.L,2024-10-04,5.0885,GBP
EWQX.L,2024-10-04,457.975,GBp
FLOS.L,2024-10-04,483.2,GBp
GB00B1FXTF86,2024-10-04,9.95,GBP
GHYS.L,2024-10-04,90.62,GBP
GRAB,2024-10-04,3.68,USD
IDTG.L,2024-10-04,3.28825,GBP
IE0008368742,2024-10-04,190.07,USD
IE00B0M63516,2024-10-04,23.14,USD
IGLS.L,2024-10-04,126.97,GBP
IGWD.L,2024-10-04,9801,GBp
INXG.L,2024-10-04,13.234,GBP
ISPE.L,2024-10-04,6.0735,GBP
IUAG.L,2024-10-04,95.54,USD
IWDG.L,2024-10-04,938.25,GBp
JFM0003373,2024-10-04,164.8,USD
KNSL,2024-10-04,486.93,USD
LU0164881194,2024-10-04,329.85,USD
LU0196696453,2024-10-04,15.44,USD
MU0129U00005,2024-10-04,387.97,USD
QQQ,2024-10-04,487.32,USD
SGLN.L,2024-10-04,3942,GBp
0639.HK,2024-10-07,3.013041,HKD
0P00000YAN,2024-10-07,163.6,USD
BCHS.L,2024-10-07,7068,GBp
BMV7ZZ3,2024-10-07,791.70,GBX
CNX1.L,2024-10-07,87218.5,GBp
DPYG.L,2024-10-07,5.06,GBP
EWQX.L,2024-10-07,459.8,GBp
FLOS.L,2024-10-07,483.3,GBp
GB00B1FXTF86,2024-10-07,9.93,GBP
GHYS.L,2024-10-07,90.69,GBP
GRAB,2024-10-07,3.69,USD
IDTG.L,2024-10-07,3.26225,GBP
IE0008368742,2024-10-07,193.03,USD
IE00B0M63516,2024-10-07,23.12,USD
IGLS.L,2024-10-07,126.81,GBP
IGWD.L,2024-10-07,9837,GBp
INXG.L,2024-10-07,13.21,GBP
ISPE.L,2024-10-07,6.0815,GBP
IUAG.L,2024-10-07,95.33,USD
IWDG.L,2024-10-07,941.75,GBp
JFM0003373,2024-10-07,163.6,USD
KNSL,2024-10-07,452.26,USD
LU0164881194,2024-10-07,325.66,USD
LU0196696453,2024-10-07,15.43,USD
MU0129U00005,2024-10-07,386.22,USD
QQQ,2024-10-07,482.1,USD
SGLN.L,2024-10-07,3938,GBp
0639.HK,2024-10-08,2.813502,HKD
0P00000YAN,2024-10-08,164.19,USD
BCHS.L,2024-10-08,7022,GBp
BMV7ZZ3,2024-10-08,791.10,GBX
CNX1.L,2024-10-08,87531,GBp
DPYG.L,2024-10-08,5.0495,GBP
EWQX.L,2024-10-08,460.825,GBp
FLOS.L,2024-10-08,483.45,GBp
GB00B1FXTF86,2024-10-08,10.14,GBP
GHYS.L,2024-10-08,90.405,GBP
GRAB,2024-10-08,3.7,USD
IDTG.L,2024-10-08,3.2535,GBP
IE0008368742,2024-10-08,180.84,USD
IE00B0M63516,2024-10-08,22.88,USD
IGLS.L,2024-10-08,126.9,GBP
IGWD.L,2024-10-08,9826.5,GBp
INXG.L,2024-10-08,13.144,GBP
ISPE.L,2024-10-08,6.0725,GBP
IUAG.L,2024-10-08,95.36,USD
IWDG.L,2024-10-08,940.75,GBp
JFM0003373,2024-10-08,164.19,USD
KNSL,2024-10-08,463.58,USD
LU0164881194,2024-10-08,330.35,USD
LU0196696453,2024-10-08,15.25,USD
MU0129U00005,2024-10-08,392.07,USD
QQQ,2024-10-08,489.3,USD
SGLN.L,2024-10-08,3873,GBp
0639.HK,2024-10-09,2.793548,HKD
0P00000YAN,2024-10-09,164.43,USD
BCHS.L,2024-10-09,7022,GBp
BMV7ZZ3,2024-10-09,791.20,GBX
CNX1.L,2024-10-09,88191.5,GBp
DPYG.L,2024-10-09,5.054,GBP
EWQX.L,2024-10-09,465.25,GBp
FLOS.L,2024-10-09,483.5,GBp
GB00B1FXTF86,2024-10-09,10.22,GBP
GHYS.L,2024-10-09,90.52,GBP
GRAB,2024-10-09,3.66,USD
IDTG.L,2024-10-09,3.2505,GBP
IE0008368742,2024-10-09,174.89,USD
IE00B0M63516,2024-10-09,22.52,USD
IGLS.L,2024-10-09,126.94,GBP
IGWD.L,2024-10-09,9891,GBp
INXG.L,2024-10-09,13.126,GBP
ISPE.L,2024-10-09,6.114,GBP
IUAG.L,2024-10-09,95.23,USD
IWDG.L,2024-10-09,947.25,GBp
JFM0003373,2024-10-09,164.43,USD
KNSL,2024-10-09,469.63,USD
LU0164881194,2024-10-09,332.63,USD
LU0196696453,2024-10-09,15.06,USD
MU0129U00005,2024-10-09,393.28,USD
QQQ,2024-10-09,493.15,USD
SGLN.L,2024-10-09,3886,GBp
0639.HK,2024-10-10,2.94,HKD
0P00000YAN,2024-10-10,164.05,USD
BCHS.L,2024-10-10,6947,GBp
BMV7ZZ3,2024-10-10,799.80,GBX
CNX1.L,2024-10-10,88686.5,GBp
DPYG.L,2024-10-10,5.032,GBP
EWQX.L,2024-10-10,467.7,GBp
FLOS.L,2024-10-10,483.8,GBp
GB00B1FXTF86,2024-10-10,10.19,GBP
GHYS.L,2024-10-10,90.535,GBP
GRAB,2024-10-10,3.63,USD
IDTG.L,2024-10-10,3.218,GBP
IE0008368742,2024-10-10,179.37,USD
IE00B0M63516,2024-10-10,22.54,USD
IGLS.L,2024-10-10,127.025,GBP
IGWD.L,2024-10-10,9889,GBp
INXG.L,2024-10-10,13.122,GBP
ISPE.L,2024-10-10,6.1075,GBP
IUAG.L,2024-10-10,95.26,USD
IWDG.L,2024-10-10,946.75,GBp
JFM0003373,2024-10-10,164.05,USD
KNSL,2024-10-10,465.79,USD
LU0164881194,2024-10-10,330.25,USD
LU0196696453,2024-10-10,15.00,USD
MU0129U00005,2024-10-10,392.36,USD
QQQ,2024-10-10,492.59,USD
SGLN.L,2024-10-10,3903,GBp
BCHS.L,2024-10-11,7102.5,GBp
BMV7ZZ3,2024-10-11,806.95,GBX
CNX1.L,2024-10-11,88496.5,GBp
DPYG.L,2024-10-11,5.0665,GBP
EWQX.L,2024-10-11,470.45,GBp
FLOS.L,2024-10-11,483.85,GBp
GB00B1FXTF86,2024-10-11,10.24,GBP
GHYS.L,2024-10-11,90.45,GBP
GRAB,2024-10-11,3.65,USD
IDTG.L,2024-10-11,3.2165,GBP
IE00B0M63516,2024-10-11,22.40,USD
IGLS.L,2024-10-11,127.18,GBP
IGWD.L,2024-10-11,9956,GBp
INXG.L,2024-10-11,13.172,GBP
ISPE.L,2024-10-11,6.1595,GBP
IUAG.L,2024-10-11,95.215,USD
IWDG.L,2024-10-11,952.75,GBp
KNSL,2024-10-11,469.56,USD
LU0164881194,2024-10-11,330.50,USD
LU0196696453,2024-10-11,14.84,USD
QQQ,2024-10-11,493.36,USD
SGLN.L,2024-10-11,3952,GBp
0639.HK,2024-10-14,2.89,HKD
0P00000YAN,2024-10-14,165.43,USD
BCHS.L,2024-10-14,7387,GBp
BMV7ZZ3,2024-10-14,821.40,GBX
CNX1.L,2024-10-14,89190,GBp
DPYG.L,2024-10-14,5.0935,GBP
EWQX.L,2024-10-14,472.9,GBp
FLOS.L,2024-10-14,483.9,GBp
GB00B1FXTF86,2024-10-14,10.27,GBP
GHYS.L,2024-10-14,90.61,GBP
GRAB,2024-10-14,3.63,USD
IDTG.L,2024-10-14,3.199,GBP
IE0008368742,2024-10-14,176.12,USD
IE00B0M63516,2024-10-14,22.60,USD
IGLS.L,2024-10-14,127.09,GBP
IGWD.L,2024-10-14,10016,GBp
INXG.L,2024-10-14,13.122,GBP
ISPE.L,2024-10-14,6.182,GBP
IUAG.L,2024-10-14,95.025,USD
IWDG.L,2024-10-14,958.25,GBp
JFM0003373,2024-10-14,165.43,USD
KNSL,2024-10-14,472.29,USD
LU0164881194,2024-10-14,332.85,USD
LU0196696453,2024-10-14,15.04,USD
MU0129U00005,2024-10-14,394.00,USD
QQQ,2024-10-14,497.5,USD
SGLN.L,2024-10-14,3941,GBp
0639.HK,2024-10-15,2.81,HKD
0P00000YAN,2024-10-15,164.97,USD
BCHS.L,2024-10-15,7271.5,GBp
BMV7ZZ3,2024-10-15,814.70,GBX
CNX1.L,2024-10-15,88263,GBp
DPYG.L,2024-10-15,5.146,GBP
EWQX.L,2024-10-15,470,GBp
FLOS.L,2024-10-15,483.85,GBp
GB00B1FXTF86,2024-10-15,10.31,GBP
GHYS.L,2024-10-15,90.765,GBP
GRAB,2024-10-15,3.61,USD
IDTG.L,2024-10-15,3.2515,GBP
IE0008368742,2024-10-15,169.13,USD
IE00B0M63516,2024-10-15,22.52,USD
IGLS.L,2024-10-15,127.14,GBP
IGWD.L,2024-10-15,9978,GBp
INXG.L,2024-10-15,13.186,GBP
ISPE.L,2024-10-15,6.229,GBP
IUAG.L,2024-10-15,95.41,USD
IWDG.L,2024-10-15,955.5,GBp
JFM0003373,2024-10-15,164.97,USD
KNSL,2024-10-15,465.77,USD
LU0164881194,2024-10-15,333.24,USD
LU0196696453,2024-10-15,15.00,USD
MU0129U00005,2024-10-15,393.36,USD
QQQ,2024-10-15,490.85,USD
SGLN.L,2024-10-15,3956,GBp
0639.HK,2024-10-16,2.83,HKD
0P00000YAN,2024-10-16,165.17,USD
BCHS.L,2024-10-16,7413,GBp
BMV7ZZ3,2024-10-16,824.30,GBX
CNX1.L,2024-10-16,88520.5,GBp
DPYG.L,2024-10-16,5.175,GBP
EWQX.L,2024-10-16,470.55,GBp
FLOS.L,2024-10-16,483.925,GBp
GB00B1FXTF86,2024-10-16,10.35,GBP
GHYS.L,2024-10-16,91.06,GBP
GRAB,2024-10-16,3.6,USD
IDTG.L,2024-10-16,3.27975,GBP
IE0008368742,2024-10-16,167.93,USD
IE00B0M63516,2024-10-16,22.47,USD
IGLS.L,2024-10-16,127.59,GBP
IGWD.L,2024-10-16,9959,GBp
INXG.L,2024-10-16,13.272,GBP
ISPE.L,2024-10-16,6.2095,GBP
IUAG.L,2024-10-16,95.82,USD
IWDG.L,2024-10-16,954.75,GBp
JFM0003373,2024-10-16,165.17,USD
KNSL,2024-10-16,471.28,USD
LU0164881194,2024-10-16,332.34,USD
LU0196696453,2024-10-16,15.01,USD
MU0129U00005,2024-10-16,392.40,USD
QQQ,2024-10-16,490.91,USD
SGLN.L,2024-10-16,3998,GBp
0639.HK,2024-10-17,2.8,HKD
0P00000YAN,2024-10-17,166.41,USD
BCHS.L,2024-10-17,7451,GBp
BMV7ZZ3,2024-10-17,825.65,GBX
CNX1.L,2024-10-17,89117,GBp
DPYG.L,2024-10-17,5.1625,GBP
EWQX.L,2024-10-17,469.875,GBp
FLOS.L,2024-10-17,484.175,GBp
GB00B1FXTF86,2024-10-17,10.19,GBP
GHYS.L,2024-10-17,88.215,GBP
GRAB,2024-10-17,3.62,USD
IDTG.L,2024-10-17,3.22525,GBP
IE0008368742,2024-10-17,165.19,USD
IE00B0M63516,2024-10-17,22.30,USD
IGLS.L,2024-10-17,127.4,GBP
IGWD.L,2024-10-17,10014,GBp
INXG.L,2024-10-17,13.358,GBP
ISPE.L,2024-10-17,6.215,GBP
IUAG.L,2024-10-17,95.14,USD
IWDG.L,2024-10-17,956,GBp
JFM0003373,2024-10-17,166.41,USD
KNSL,2024-10-17,475.19,USD
LU0164881194,2024-10-17,327.91,USD
LU0196696453,2024-10-17,14.89,USD
MU0129U00005,2024-10-17,385.42,USD
QQQ,2024-10-17,491.25,USD
SGLN.L,2024-10-17,4024.5,GBp
0639.HK,2024-10-18,2.86,HKD
0P00000YAN,2024-10-18,167.38,USD
BCHS.L,2024-10-18,7506,GBp
BMV7ZZ3,2024-10-18,829.45,GBX
CNX1.L,2024-10-18,89141,GBp
DPYG.L,2024-10-18,5.1695,GBP
EWQX.L,2024-10-18,470.6,GBp
FLOS.L,2024-10-18,484.4,GBp
GB00B1FXTF86,2024-10-18,10.19,GBP
GHYS.L,2024-10-18,88.39,GBP
GRAB,2024-10-18,3.73,USD
IDTG.L,2024-10-18,3.22975,GBP
IE0008368742,2024-10-18,171.67,USD
IE00B0M63516,2024-10-18,22.22,USD
IGLS.L,2024-10-18,127.55,GBP
IGWD.L,2024-10-18,10023,GBp
INXG.L,2024-10-18,13.386,GBP
ISPE.L,2024-10-18,6.214,GBP
IUAG.L,2024-10-18,95.19,USD
IWDG.L,2024-10-18,956.75,GBp
JFM0003373,2024-10-18,167.38,USD
KNSL,2024-10-18,473.22,USD
LU0164881194,2024-10-18,329.48,USD
LU0196696453,2024-10-18,14.91,USD
MU0129U00005,2024-10-18,386.89,USD
QQQ,2024-10-18,494.47,USD
SGLN.L,2024-10-18,4051,GBp
0639.HK,2024-10-21,2.8,HKD
0P00000YAN,2024-10-21,166.53,USD
BCHS.L,2024-10-21,7505,GBp
BMV7ZZ3,2024-10-21,824.70,GBX
CNX1.L,2024-10-21,88896,GBp
DPYG.L,2024-10-21,5.096,GBP
EWQX.L,2024-10-21,467.775,GBp
FLOS.L,2024-10-21,484.3,GBp
GB00B1FXTF86,2024-10-21,10.05,GBP
GHYS.L,2024-10-21,88.01,GBP
GRAB,2024-10-21,4.03,USD
IDTG.L,2024-10-21,3.1775,GBP
IE0008368742,2024-10-21,169.64,USD
IE00B0M63516,2024-10-21,22.19,USD
IGLS.L,2024-10-21,127.48,GBP
IGWD.L,2024-10-21,9966,GBp
INXG.L,2024-10-21,13.252,GBP
ISPE.L,2024-10-21,6.164,GBP
IUAG.L,2024-10-21,94.65,USD
IWDG.L,2024-10-21,950.25,GBp
JFM0003373,2024-10-21,166.53,USD
KNSL,2024-10-21,468.92,USD
LU0164881194,2024-10-21,327.95,USD
LU0196696453,2024-10-21,14.82,USD
MU0129U00005,2024-10-21,384.97,USD
QQQ,2024-10-21,495.42,USD
SGLN.L,2024-10-21,4075,GBp
0639.HK,2024-10-22,2.8,HKD
0P00000YAN,2024-10-22,165.06,USD
BCHS.L,2024-10-22,7581.5,GBp
BMV7ZZ3,2024-10-22,835.70,GBX
CNX1.L,2024-10-22,89463,GBp
DPYG.L,2024-10-22,5.084,GBP
EWQX.L,2024-10-22,468.2,GBp
FLOS.L,2024-10-22,484.4,GBp
GB00B1FXTF86,2024-10-22,9.90,GBP
GHYS.L,2024-10-22,88.15,GBP
GRAB,2024-10-22,4.16,USD
IDTG.L,2024-10-22,3.15775,GBP
IE0008368742,2024-10-22,170.76,USD
IE00B0M63516,2024-10-22,22.01,USD
IGLS.L,2024-10-22,127.52,GBP
IGWD.L,2024-10-22,9963.5,GBp
INXG.L,2024-10-22,13.248,GBP
ISPE.L,2024-10-22,6.1365,GBP
IUAG.L,2024-10-22,94.48,USD
IWDG.L,2024-10-22,951.25,GBp
JFM0003373,2024-10-22,165.06,USD
KNSL,2024-10-22,458.81,USD
LU0164881194,2024-10-22,321.89,USD
LU0196696453,2024-10-22,14.74,USD
MU0129U00005,2024-10-22,378.50,USD
QQQ,2024-10-22,495.96,USD
SGLN.L,2024-10-22,4105.5,GBp
0639.HK,2024-10-23,2.82,HKD
0P00000YAN,2024-10-23,164.63,USD
BCHS.L,2024-10-23,7415.5,GBp
BMV7ZZ3,2024-10-23,827.40,GBX
CNX1.L,2024-10-23,89006,GBp
DPYG.L,2024-10-23,5.104,GBP
EWQX.L,2024-10-23,466.4,GBp
FLOS.L,2024-10-23,484.475,GBp
GB00B1FXTF86,2024-10-23,9.88,GBP
GHYS.L,2024-10-23,88.16,GBP
GRAB,2024-10-23,4.14,USD
IDTG.L,2024-10-23,3.162,GBP
IE0008368742,2024-10-23,171.80,USD
IE00B0M63516,2024-10-23,22.03,USD
IGLS.L,2024-10-23,127.3,GBP
IGWD.L,2024-10-23,9916,GBp
INXG.L,2024-10-23,13.198,GBP
ISPE.L,2024-10-23,6.117,GBP
IUAG.L,2024-10-23,94.38,USD
IWDG.L,2024-10-23,946.25,GBp
JFM0003373,2024-10-23,164.63,USD
KNSL,2024-10-23,458.6,USD
LU0164881194,2024-10-23,322.03,USD
LU0196696453,2024-10-23,14.67,USD
MU0129U00005,2024-10-23,379.95,USD
QQQ,2024-10-23,488.36,USD
SGLN.L,2024-10-23,4081,GBp
0639.HK,2024-10-24,2.8,HKD
0P00000YAN,2024-10-24,164.26,USD
BCHS.L,2024-10-24,7463,GBp
BMV7ZZ3,2024-10-24,826.90,GBX
CNX1.L,2024-10-24,89018.5,GBp
DPYG.L,2024-10-24,5.115,GBP
EWQX.L,2024-10-24,466.95,GBp
FLOS.L,2024-10-24,484.625,GBp
GB00B1FXTF86,2024-10-24,9.83,GBP
GHYS.L,2024-10-24,88.27,GBP
GRAB,2024-10-24,4.13,USD
IDTG.L,2024-10-24,3.1745,GBP
IE0008368742,2024-10-24,169.31,USD
IE00B0M63516,2024-10-24,22.15,USD
IGLS.L,2024-10-24,127.38,GBP
IGWD.L,2024-10-24,9913,GBp
INXG.L,2024-10-24,13.114,GBP
ISPE.L,2024-10-24,6.1305,GBP
IUAG.L,2024-10-24,94.54,USD
IWDG.L,2024-10-24,946.25,GBp
JFM0003373,2024-10-24,164.26,USD
KNSL,2024-10-24,458.42,USD
LU0164881194,2024-10-24,321.86,USD
LU0196696453,2024-10-24,14.77,USD
MU0129U00005,2024-10-24,378.83,USD
QQQ,2024-10-24,492.32,USD
SGLN.L,2024-10-24,4096,GBp
0639.HK,2024-10-25,2.8,HKD
0P00000YAN,2024-10-25,163.86,USD
BCHS.L,2024-10-25,7562,GBp
BMV7ZZ3,2024-10-25,825.20,GBX
CNX1.L,2024-10-25,90177.5,GBp
DPYG.L,2024-10-25,5.122,GBP
EWQX.L,2024-10-25,471.15,GBp
FLOS.L,2024-10-25,485,GBp
GB00B1FXTF86,2024-10-25,9.69,GBP
GHYS.L,2024-10-25,88.285,GBP
GRAB,2024-10-25,4.07,USD
IDTG.L,2024-10-25,3.1765,GBP
IE0008368742,2024-10-25,170.60,USD
IE00B0M63516,2024-10-25,22.30,USD
IGLS.L,2024-10-25,127.29,GBP
IGWD.L,2024-10-25,9962,GBp
INXG.L,2024-10-25,13.177,GBP
ISPE.L,2024-10-25,6.125,GBP
IUAG.L,2024-10-25,94.77,USD
IWDG.L,2024-10-25,951.5,GBp
JFM0003373,2024-10-25,163.86,USD
KNSL,2024-10-25,434.15,USD
LU0164881194,2024-10-25,318.23,USD
LU0196696453,2024-10-25,14.90,USD
MU0129U00005,2024-10-25,375.90,USD
QQQ,2024-10-25,495.32,USD
SGLN.L,2024-10-25,4104.5,GBp
0639.HK,2024-10-28,2.83,HKD
0P00000YAN,2024-10-28,162.39,USD
BCHS.L,2024-10-28,7696,GBp
CNX1.L,2024-10-28,89781,GBp
DPYG.L,2024-10-28,5.1075,GBP
EWQX.L,2024-10-28,470.125,GBp
FLOS.L,2024-10-28,485.025,GBp
GB00B1FXTF86,2024-10-28,9.66,GBP
GHYS.L,2024-10-28,88.11,GBP
GRAB,2024-10-28,4.17,USD
IDTG.L,2024-10-28,3.1385,GBP
IE00B0M63516,2024-10-28,22.52,USD
IGLS.L,2024-10-28,127.14,GBP
IGWD.L,2024-10-28,9971,GBp
INXG.L,2024-10-28,13.068,GBP
ISPE.L,2024-10-28,6.133,GBP
IUAG.L,2024-10-28,94.06,USD
IWDG.L,2024-10-28,951.875,GBp
JFM0003373,2024-10-28,162.39,USD
KNSL,2024-10-28,438.27,USD
LU0164881194,2024-10-28,320.30,USD
LU0196696453,2024-10-28,14.98,USD
MU0129U00005,2024-10-28,377.68,USD
QQQ,2024-10-28,495.4,USD
SGLN.L,2024-10-28,4109,GBp
0639.HK,2024-10-29,2.8,HKD
0P00000YAN,2024-10-29,161.5,USD
BCHS.L,2024-10-29,7854.5,GBp
CNX1.L,2024-10-29,89978,GBp
DPYG.L,2024-10-29,5.0865,GBP
EWQX.L,2024-10-29,471.025,GBp
FLOS.L,2024-10-29,485.025,GBp
GB00B1FXTF86,2024-10-29,9.62,GBP
GHYS.L,2024-10-29,88.09,GBP
GRAB,2024-10-29,4.17,USD
IDTG.L,2024-10-29,3.1265,GBP
IE0008368742,2024-10-29,170.08,USD
IE00B0M63516,2024-10-29,22.48,USD
IGLS.L,2024-10-29,126.985,GBP
IGWD.L,2024-10-29,9957,GBp
INXG.L,2024-10-29,13.034,GBP
ISPE.L,2024-10-29,6.1275,GBP
IUAG.L,2024-10-29,93.81,USD
IWDG.L,2024-10-29,950.875,GBp
JFM0003373,2024-10-29,161.5,USD
KNSL,2024-10-29,433.86,USD
LU0164881194,2024-10-29,322.81,USD
LU0196696453,2024-10-29,14.96,USD
MU0129U00005,2024-10-29,379.17,USD
QQQ,2024-10-29,500.16,USD
SGLN.L,2024-10-29,4136,GBp
0639.HK,2024-10-30,2.8,HKD
0P00000YAN,2024-10-30,160.72,USD
BCHS.L,2024-10-30,7731.5,GBp
CNX1.L,2024-10-30,90121,GBp
DPYG.L,2024-10-30,5.0945,GBP
EWQX.L,2024-10-30,467.775,GBp
FLOS.L,2024-10-30,485,GBp
GB00B1FXTF86,2024-10-30,9.66,GBP
GHYS.L,2024-10-30,88.24,GBP
GRAB,2024-10-30,4.12,USD
IDTG.L,2024-10-30,3.18,GBP
IE0008368742,2024-10-30,167.43,USD
IE00B0M63516,2024-10-30,22.26,USD
IGLS.L,2024-10-30,127.16,GBP
IGWD.L,2024-10-30,9966,GBp
INXG.L,2024-10-30,13.082,GBP
ISPE.L,2024-10-30,6.119,GBP
IUAG.L,2024-10-30,94.305,USD
IWDG.L,2024-10-30,950.75,GBp
JFM0003373,2024-10-30,160.72,USD
KNSL,2024-10-30,429.82,USD
LU0164881194,2024-10-30,321.15,USD
LU0196696453,2024-10-30,14.76,USD
MU0129U00005,2024-10-30,379.02,USD
QQQ,2024-10-30,496.38,USD
SGLN.L,2024-10-30,4164,GBp
0639.HK,2024-10-31,2.81,HKD
BCHS.L,2024-10-31,7465.5,GBp
CNX1.L,2024-10-31,88621,GBp
DPYG.L,2024-10-31,5.05,GBP
EWQX.L,2024-10-31,464.825,GBp
FLOS.L,2024-10-31,485.175,GBp
GB00B1FXTF86,2024-10-31,9.71,GBP
GHYS.L,2024-10-31,87.79,GBP
GRAB,2024-10-31,4.08,USD
IDTG.L,2024-10-31,3.164,GBP
IE0008368742,2024-10-31,165.98,USD
IE00B0M63516,2024-10-31,22.05,USD
IGLS.L,2024-10-31,126.37,GBP
IGWD.L,2024-10-31,9792,GBp
INXG.L,2024-10-31,12.932,GBP
ISPE.L,2024-10-31,6.057,GBP
IUAG.L,2024-10-31,94.23,USD
IWDG.L,2024-10-31,933.5,GBp
KNSL,2024-10-31,428.11,USD
LU0164881194,2024-10-31,320.78,USD
LU0196696453,2024-10-31,14.63,USD
MU0129U00005,2024-10-31,376.46,USD
QQQ,2024-10-31,483.85,USD
SGLN.L,2024-10-31,4139,GBp
0639.HK,2024-11-01,2.83,HKD
0P00000YAN,2024-11-01,160.01,USD
BCHS.L,2024-11-01,7420,GBp
CNX1.L,2024-11-01,88696.5,GBp
DPYG.L,2024-11-01,4.9965,GBP
EWQX.L,2024-11-01,465.925,GBp
FLOS.L,2024-11-01,485.425,GBp
GHYS.L,2024-11-01,87.86,GBP
GRAB,2024-11-01,4.07,USD
IDTG.L,2024-11-01,3.1385,GBP
IE0008368742,2024-11-01,166.60,USD
IE00B0M63516,2024-11-01,21.66,USD
IGLS.L,2024-11-01,126.58,GBP
IGWD.L,2024-11-01,9854,GBp
INXG.L,2024-11-01,12.905,GBP
ISPE.L,2024-11-01,6.069,GBP
IUAG.L,2024-11-01,94.13,USD
IWDG.L,2024-11-01,940,GBp
JFM0003373,2024-11-01,160.01,USD
KNSL,2024-11-01,426.03,USD
QQQ,2024-11-01,487.43,USD
SGLN.L,2024-11-01,4119,GBp
0639.HK,2024-11-04,2.83,HKD
0P00000YAN,2024-11-04,160.84,USD
BCHS.L,2024-11-04,7251,GBp
CNX1.L,2024-11-04,88492,GBp
DPYG.L,2024-11-04,4.9915,GBP
EWQX.L,2024-11-04,465.225,GBp
FLOS.L,2024-11-04,485.5,GBp
GB00B1FXTF86,2024-11-04,9.70,GBP
GHYS.L,2024-11-04,88.04,GBP
GRAB,2024-11-04,4.09,USD
IDTG.L,2024-11-04,3.16525,GBP
IE0008368742,2024-11-04,168.25,USD
IE00B0M63516,2024-11-04,22.05,USD
IGLS.L,2024-11-04,126.56,GBP
IGWD.L,2024-11-04,9812,GBp
INXG.L,2024-11-04,12.875,GBP
ISPE.L,2024-11-04,6.05,GBP
IUAG.L,2024-11-04,94.28,USD
IWDG.L,2024-11-04,935.25,GBp
JFM0003373,2024-11-04,160.84,USD
KNSL,2024-11-04,424.05,USD
LU0164881194,2024-11-04,317.07,USD
LU0196696453,2024-11-04,14.68,USD
MU0129U00005,2024-11-04,374.57,USD
QQQ,2024-11-04,486.01,USD
SGLN.L,2024-11-04,4108,GBp
0639.HK,2024-11-05,2.85,HKD
0P00000YAN,2024-11-05,162.32,USD
BCHS.L,2024-11-05,7390,GBp
CNX1.L,2024-11-05,88653,GBp
DPYG.L,2024-11-05,5.011,GBP
EWQX.L,2024-11-05,465.2,GBp
FLOS.L,2024-11-05,485.2,GBp
GB00B1FXTF86,2024-11-05,9.66,GBP
GHYS.L,2024-11-05,88.065,GBP
GRAB,2024-11-05,4.19,USD
IDTG.L,2024-11-05,3.152,GBP
IE0008368742,2024-11-05,171.69,USD
IE00B0M63516,2024-11-05,21.88,USD
IGLS.L,2024-11-05,126.26,GBP
IGWD.L,2024-11-05,9877,GBp
INXG.L,2024-11-05,12.792,GBP
ISPE.L,2024-11-05,6.0805,GBP
IUAG.L,2024-11-05,93.975,USD
IWDG.L,2024-11-05,941.5,GBp
JFM0003373,2024-11-05,162.32,USD
KNSL,2024-11-05,428.88,USD
LU0164881194,2024-11-05,319.06,USD
LU0196696453,2024-11-05,14.57,USD
MU0129U00005,2024-11-05,375.43,USD
QQQ,2024-11-05,492.21,USD
SGLN.L,2024-11-05,4090,GBp
0639.HK,2024-11-06,2.89,HKD
0P00000YAN,2024-11-06,159.93,USD
BCHS.L,2024-11-06,8114,GBp
CNX1.L,2024-11-06,91645.5,GBp
DPYG.L,2024-11-06,4.951,GBP
EWQX.L,2024-11-06,480.675,GBp
FLOS.L,2024-11-06,485.6,GBp
GB00B1FXTF86,2024-11-06,9.88,GBP
GHYS.L,2024-11-06,88.38,GBP
GRAB,2024-11-06,4.22,USD
IDTG.L,2024-11-06,3.09225,GBP
IE0008368742,2024-11-06,168.15,USD
IE00B0M63516,2024-11-06,22.15,USD
IGLS.L,2024-11-06,126.15,GBP
IGWD.L,2024-11-06,10034,GBp
INXG.L,2024-11-06,12.731,GBP
ISPE.L,2024-11-06,6.2255,GBP
IUAG.L,2024-11-06,93.4,USD
IWDG.L,2024-11-06,957,GBp
JFM0003373,2024-11-06,159.93,USD
KNSL,2024-11-06,451.61,USD
LU0164881194,2024-11-06,323.98,USD
LU0196696453,2024-11-06,14.76,USD
MU0129U00005,2024-11-06,381.96,USD
QQQ,2024-11-06,505.58,USD
SGLN.L,2024-11-06,4030,GBp
0639.HK,2024-11-07,2.92,HKD
0P00000YAN,2024-11-07,160.99,USD
BCHS.L,2024-11-07,8245,GBp
CNX1.L,2024-11-07,92617,GBp
DPYG.L,2024-11-07,4.9985,GBP
EWQX.L,2024-11-07,483.6,GBp
FLOS.L,2024-11-07,486.025,GBp
GB00B1FXTF86,2024-11-07,9.71,GBP
GHYS.L,2024-11-07,88.27,GBP
GRAB,2024-11-07,4.27,USD
IDTG.L,2024-11-07,3.127,GBP
IE0008368742,2024-11-07,171.84,USD
IE00B0M63516,2024-11-07,22.37,USD
IGLS.L,2024-11-07,126.555,GBP
IGWD.L,2024-11-07,10137.5,GBp
INXG.L,2024-11-07,12.766,GBP
ISPE.L,2024-11-07,6.261,GBP
IUAG.L,2024-11-07,94.12,USD
IWDG.L,2024-11-07,966.875,GBp
JFM0003373,2024-11-07,160.99,USD
KNSL,2024-11-07,448.26,USD
LU0164881194,2024-11-07,320.86,USD
LU0196696453,2024-11-07,14.90,USD
MU0129U00005,2024-11-07,376.83,USD
QQQ,2024-11-07,513.54,USD
SGLN.L,2024-11-07,4033,GBp
0639.HK,2024-11-08,2.86,HKD
0P00000YAN,2024-11-08,161.81,USD
BCHS.L,2024-11-08,8271,GBp
CNX1.L,2024-11-08,93280.5,GBp
DPYG.L,2024-11-08,5.06,GBP
EWQX.L,2024-11-08,485.75,GBp
FLOS.L,2024-11-08,486.1,GBp
GB00B1FXTF86,2024-11-08,9.59,GBP
GHYS.L,2024-11-08,88.59,GBP
GRAB,2024-11-08,4.23,USD
IDTG.L,2024-11-08,3.1675,GBP
IE0008368742,2024-11-08,170.41,USD
IE00B0M63516,2024-11-08,21.70,USD
IGLS.L,2024-11-08,126.695,GBP
IGWD.L,2024-11-08,10159.5,GBp
INXG.L,2024-11-08,12.854,GBP
ISPE.L,2024-11-08,6.295,GBP
IUAG.L,2024-11-08,94.59,USD
IWDG.L,2024-11-08,969,GBp
JFM0003373,2024-11-08,161.81,USD
KNSL,2024-11-08,456.36,USD
LU0164881194,2024-11-08,318.30,USD
LU0196696453,2024-11-08,14.41,USD
MU0129U00005,2024-11-08,374.86,USD
QQQ,2024-11-08,514.14,USD
SGLN.L,2024-11-08,4041,GBp
0639.HK,2024-11-11,2.76,HKD
0P00000YAN,2024-11-11,161.3,USD
BCHS.L,2024-11-11,9127.5,GBp
CNX1.L,2024-11-11,93656,GBp
DPYG.L,2024-11-11,5.096,GBP
EWQX.L,2024-11-11,491.6,GBp
FLOS.L,2024-11-11,485.95,GBp
GB00B1FXTF86,2024-11-11,9.56,GBP
GHYS.L,2024-11-11,88.805,GBP
GRAB,2024-11-11,4.38,USD
IDTG.L,2024-11-11,3.1705,GBP
IE0008368742,2024-11-11,168.66,USD
IE00B0M63516,2024-11-11,21.88,USD
IGLS.L,2024-11-11,126.79,GBP
IGWD.L,2024-11-11,10210,GBp
INXG.L,2024-11-11,12.889,GBP
ISPE.L,2024-11-11,6.3415,GBP
IUAG.L,2024-11-11,94.17,USD
IWDG.L,2024-11-11,973.75,GBp
JFM0003373,2024-11-11,161.3,USD
KNSL,2024-11-11,476.2,USD
LU0164881194,2024-11-11,318.63,USD
LU0196696453,2024-11-11,14.48,USD
MU0129U00005,2024-11-11,375.15,USD
QQQ,2024-11-11,513.84,USD
SGLN.L,2024-11-11,3951,GBp
0639.HK,2024-11-12,2.73,HKD
0P00000YAN,2024-11-12,160.9,USD
BCHS.L,2024-11-12,9138.5,GBp
CNX1.L,2024-11-12,94489,GBp
DPYG.L,2024-11-12,5.022,GBP
EWQX.L,2024-11-12,493.75,GBp
FLOS.L,2024-11-12,486.2,GBp
GB00B1FXTF86,2024-11-12,9.49,GBP
GHYS.L,2024-11-12,88.5,GBP
GRAB,2024-11-12,4.89,USD
IDTG.L,2024-11-12,3.139,GBP
IE0008368742,2024-11-12,165.12,USD
IE00B0M63516,2024-11-12,21.97,USD
IGLS.L,2024-11-12,126.53,GBP
IGWD.L,2024-11-12,10151,GBp
INXG.L,2024-11-12,12.872,GBP
ISPE.L,2024-11-12,6.289,GBP
IUAG.L,2024-11-12,93.85,USD
IWDG.L,2024-11-12,967.75,GBp
JFM0003373,2024-11-12,160.9,USD
KNSL,2024-11-12,471.96,USD
LU0164881194,2024-11-12,316.17,USD
LU0196696453,2024-11-12,14.56,USD
MU0129U00005,2024-11-12,371.19,USD
QQQ,2024-11-12,512.91,USD
SGLN.L,2024-11-12,3966,GBp
0639.HK,2024-11-13,2.73,HKD
0P00000YAN,2024-11-13,160.92,USD
BCHS.L,2024-11-13,9155.5,GBp
CNX1.L,2024-11-13,94564.5,GBp
DPYG.L,2024-11-13,5.026,GBP
EWQX.L,2024-11-13,494.825,GBp
FLOS.L,2024-11-13,485.9,GBp
GB00B1FXTF86,2024-11-13,9.39,GBP
GHYS.L,2024-11-13,88.71,GBP
GRAB,2024-11-13,4.89,USD
IDTG.L,2024-11-13,3.111,GBP
IE0008368742,2024-11-13,164.72,USD
IE00B0M63516,2024-11-13,21.67,USD
IGLS.L,2024-11-13,126.5,GBP
IGWD.L,2024-11-13,10152,GBp
INXG.L,2024-11-13,12.798,GBP
ISPE.L,2024-11-13,6.306,GBP
IUAG.L,2024-11-13,93.98,USD
IWDG.L,2024-11-13,969.25,GBp
JFM0003373,2024-11-13,160.92,USD
KNSL,2024-11-13,477.5,USD
LU0164881194,2024-11-13,311.71,USD
LU0196696453,2024-11-13,14.42,USD
MU0129U00005,2024-11-13,364.64,USD
QQQ,2024-11-13,512.25,USD
SGLN.L,2024-11-13,3956,GBp
0639.HK,2024-11-14,2.67,HKD
0P00000YAN,2024-11-14,159.84,USD
BCHS.L,2024-11-14,8655,GBp
CNX1.L,2024-11-14,94447,GBp
DPYG.L,2024-11-14,4.97125,GBP
EWQX.L,2024-11-14,493.05,GBp
FLOS.L,2024-11-14,472.3,GBp
GB00B1FXTF86,2024-11-14,9.50,GBP
GHYS.L,2024-11-14,88.655,GBP
GRAB,2024-11-14,4.73,USD
IDTG.L,2024-11-14,3.1215,GBP
IE0008368742,2024-11-14,161.41,USD
IE00B0M63516,2024-11-14,21.68,USD
IGLS.L,2024-11-14,126.765,GBP
IGWD.L,2024-11-14,10158.5,GBp
INXG.L,2024-11-14,12.318,GBP
ISPE.L,2024-11-14,6.274,GBP
IUAG.L,2024-11-14,92.15,USD
IWDG.L,2024-11-14,970.5,GBp
JFM0003373,2024-11-14,159.84,USD
KNSL,2024-11-14,473.78,USD
LU0164881194,2024-11-14,312.63,USD
LU0196696453,2024-11-14,14.39,USD
MU0129U00005,2024-11-14,365.14,USD
QQQ,2024-11-14,508.69,USD
SGLN.L,2024-11-14,3938,GBp
0639.HK,2024-11-15,2.65,HKD
0P00000YAN,2024-11-15,160.1,USD
BCHS.L,2024-11-15,8697.5,GBp
CNX1.L,2024-11-15,92630,GBp
DPYG.L,2024-11-15,4.95425,GBP
EWQX.L,2024-11-15,482.625,GBp
FLOS.L,2024-11-15,472.35,GBp
GHYS.L,2024-11-15,88.475,GBP
GRAB,2024-11-15,4.73,USD
IDTG.L,2024-11-15,3.0885,GBP
IE0008368742,2024-11-15,161.00,USD
IE00B0M63516,2024-11-15,21.68,USD
IGLS.L,2024-11-15,126.88,GBP
IGWD.L,2024-11-15,10017.5,GBp
INXG.L,2024-11-15,12.319,GBP
ISPE.L,2024-11-15,6.192,GBP
IUAG.L,2024-11-15,91.76,USD
IWDG.L,2024-11-15,954.75,GBp
JFM0003373,2024-11-15,160.1,USD
KNSL,2024-11-15,465.24,USD
QQQ,2024-11-15,496.57,USD
SGLN.L,2024-11-15,3947.5,GBp
0639.HK,2024-11-18,2.68,HKD
0P00000YAN,2024-11-18,160.64,USD
BCHS.L,2024-11-18,8977.5,GBp
CNX1.L,2024-11-18,93117,GBp
DPYG.L,2024-11-18,4.9645,GBP
EWQX.L,2024-11-18,485.575,GBp
FLOS.L,2024-11-18,472.05,GBp
GB00B1FXTF86,2024-11-18,9.43,GBP
GHYS.L,2024-11-18,88.63,GBP
GRAB,2024-11-18,4.99,USD
IDTG.L,2024-11-18,3.08825,GBP
IE0008368742,2024-11-18,160.21,USD
IE00B0M63516,2024-11-18,21.57,USD
IGLS.L,2024-11-18,126.795,GBP
IGWD.L,2024-11-18,10042.5,GBp
INXG.L,2024-11-18,12.298,GBP
ISPE.L,2024-11-18,6.214,GBP
IUAG.L,2024-11-18,92.03,USD
IWDG.L,2024-11-18,959,GBp
JFM0003373,2024-11-18,160.64,USD
KNSL,2024-11-18,462.75,USD
LU0164881194,2024-11-18,312.42,USD
LU0196696453,2024-11-18,14.42,USD
MU0129U00005,2024-11-18,364.83,USD
QQQ,2024-11-18,500.02,USD
SGLN.L,2024-11-18,4013,GBp
0639.HK,2024-11-19,2.69,HKD
0P00000YAN,2024-11-19,162.23,USD
BCHS.L,2024-11-19,9092,GBp
CNX1.L,2024-11-19,92863.5,GBp
DPYG.L,2024-11-19,4.982,GBP
EWQX.L,2024-11-19,483.625,GBp
FLOS.L,2024-11-19,472.35,GBp
GB00B1FXTF86,2024-11-19,9.56,GBP
GHYS.L,2024-11-19,88.53,GBP
GRAB,2024-11-19,5.46,USD
IDTG.L,2024-11-19,3.1205,GBP
IE0008368742,2024-11-19,161.95,USD
IE00B0M63516,2024-11-19,21.60,USD
IGLS.L,2024-11-19,126.85,GBP
IGWD.L,2024-11-19,10043,GBp
INXG.L,2024-11-19,12.347,GBP
ISPE.L,2024-11-19,6.192,GBP
IUAG.L,2024-11-19,92.24,USD
IWDG.L,2024-11-19,958,GBp
JFM0003373,2024-11-19,162.23,USD
KNSL,2024-11-19,469.45,USD
LU0164881194,2024-11-19,314.34,USD
LU0196696453,2024-11-19,14.37,USD
MU0129U00005,2024-11-19,367.73,USD
QQQ,2024-11-19,503.46,USD
SGLN.L,2024-11-19,4027,GBp
0639.HK,2024-11-20,2.72,HKD
0P00000YAN,2024-11-20,162.26,USD
BCHS.L,2024-11-20,9015,GBp
CNX1.L,2024-11-20,92730,GBp
DPYG.L,2024-11-20,4.96825,GBP
EWQX.L,2024-11-20,483.75,GBp
FLOS.L,2024-11-20,472.9,GBp
GB00B1FXTF86,2024-11-20,9.61,GBP
GHYS.L,2024-11-20,88.455,GBP
GRAB,2024-11-20,5.66,USD
IDTG.L,2024-11-20,3.12025,GBP
IE0008368742,2024-11-20,162.94,USD
IE00B0M63516,2024-11-20,21.45,USD
IGLS.L,2024-11-20,126.845,GBP
IGWD.L,2024-11-20,9998,GBp
INXG.L,2024-11-20,12.316,GBP
ISPE.L,2024-11-20,6.17,GBP
IUAG.L,2024-11-20,92.06,USD
IWDG.L,2024-11-20,954.25,GBp
JFM0003373,2024-11-20,162.26,USD
KNSL,2024-11-20,478.29,USD
LU0164881194,2024-11-20,314.55,USD
QQQ,2024-11-20,503.17,USD
SGLN.L,2024-11-20,4077,GBp
0639.HK,2024-11-21,2.71,HKD
0P00000YAN,2024-11-21,161.37,USD
BCHS.L,2024-11-21,9208,GBp
CNX1.L,2024-11-21,93880.5,GBp
DPYG.L,2024-11-21,4.9965,GBP
EWQX.L,2024-11-21,494.625,GBp
FLOS.L,2024-11-21,472.925,GBp
GB00B1FXTF86,2024-11-21,9.47,GBP
GHYS.L,2024-11-21,88.51,GBP
GRAB,2024-11-21,5.67,USD
IDTG.L,2024-11-21,3.111,GBP
IE0008368742,2024-11-21,162.17,USD
IE00B0M63516,2024-11-21,21.12,USD
IGLS.L,2024-11-21,126.94,GBP
IGWD.L,2024-11-21,10107.5,GBp
INXG.L,2024-11-21,12.317,GBP
ISPE.L,2024-11-21,6.2885,GBP
IUAG.L,2024-11-21,91.92,USD
IWDG.L,2024-11-21,964.5,GBp
JFM0003373,2024-11-21,161.37,USD
KNSL,2024-11-21,489.92,USD
LU0164881194,2024-11-21,313.50,USD
LU0196696453,2024-11-21,14.14,USD
MU0129U00005,2024-11-21,366.98,USD
QQQ,2024-11-21,504.98,USD
SGLN.L,2024-11-21,4114,GBp
0639.HK,2024-11-22,2.67,HKD
0P00000YAN,2024-11-22,161.14,USD
BCHS.L,2024-11-22,9180.5,GBp
CNX1.L,2024-11-22,94601.5,GBp
DPYG.L,2024-11-22,5.0305,GBP
EWQX.L,2024-11-22,501.45,GBp
FLOS.L,2024-11-22,473.125,GBp
GB00B1FXTF86,2024-11-22,9.70,GBP
GHYS.L,2024-11-22,88.5,GBP
GRAB,2024-11-22,5.07,USD
IDTG.L,2024-11-22,3.107,GBP
IE0008368742,2024-11-22,159.13,USD
IE00B0M63516,2024-11-22,21.52,USD
IGLS.L,2024-11-22,127.07,GBP
IGWD.L,2024-11-22,10153,GBp
INXG.L,2024-11-22,12.39,GBP
ISPE.L,2024-11-22,6.337,GBP
IUAG.L,2024-11-22,92.135,USD
IWDG.L,2024-11-22,968.5,GBp
JFM0003373,2024-11-22,161.14,USD
KNSL,2024-11-22,498.69,USD
LU0164881194,2024-11-22,319.11,USD
LU0196696453,2024-11-22,14.29,USD
MU0129U00005,2024-11-22,373.33,USD
QQQ,2024-11-22,505.79,USD
SGLN.L,2024-11-22,4199,GBp
0639.HK,2024-11-25,2.62,HKD
0P00000YAN,2024-11-25,162.25,USD
BCHS.L,2024-11-25,9366,GBp
CNX1.L,2024-11-25,94925,GBp
DPYG.L,2024-11-25,5.0845,GBP
EWQX.L,2024-11-25,507.5,GBp
FLOS.L,2024-11-25,473.075,GBp
GB00B1FXTF86,2024-11-25,9.86,GBP
GHYS.L,2024-11-25,88.705,GBP
GRAB,2024-11-25,5.14,USD
IDTG.L,2024-11-25,3.17275,GBP
IE0008368742,2024-11-25,158.53,USD
IE00B0M63516,2024-11-25,21.53,USD
IGLS.L,2024-11-25,127.21,GBP
IGWD.L,2024-11-25,10204,GBp
INXG.L,2024-11-25,12.482,GBP
ISPE.L,2024-11-25,6.413,GBP
IUAG.L,2024-11-25,92.72,USD
IWDG.L,2024-11-25,973.75,GBp
JFM0003373,2024-11-25,162.25,USD
KNSL,2024-11-25,506.32,USD
LU0164881194,2024-11-25,325.08,USD
LU0196696453,2024-11-25,14.34,USD
MU0129U00005,2024-11-25,379.49,USD
QQQ,2024-11-25,506.59,USD
SGLN.L,2024-11-25,4073,GBp
0639.HK,2024-11-26,2.6,HKD
0P00000YAN,2024-11-26,160.74,USD
BCHS.L,2024-11-26,9158,GBp
CNX1.L,2024-11-26,95137,GBp
DPYG.L,2024-11-26,5.076,GBP
EWQX.L,2024-11-26,505.1,GBp
FLOS.L,2024-11-26,473.175,GBp
GB00B1FXTF86,2024-11-26,9.92,GBP
GHYS.L,2024-11-26,88.76,GBP
GRAB,2024-11-26,5.15,USD
IDTG.L,2024-11-26,3.1675,GBP
IE0008368742,2024-11-26,157.58,USD
IE00B0M63516,2024-11-26,21.72,USD
IGLS.L,2024-11-26,127.18,GBP
IGWD.L,2024-11-26,10200.5,GBp
INXG.L,2024-11-26,12.429,GBP
ISPE.L,2024-11-26,6.39,GBP
IUAG.L,2024-11-26,92.6,USD
IWDG.L,2024-11-26,974,GBp
JFM0003373,2024-11-26,160.74,USD
KNSL,2024-11-26,512.04,USD
LU0164881194,2024-11-26,324.54,USD
LU0196696453,2024-11-26,14.49,USD
MU0129U00005,2024-11-26,379.29,USD
QQQ,2024-11-26,509.31,USD
SGLN.L,2024-11-26,4073,GBp
0639.HK,2024-11-27,2.64,HKD
0P00000YAN,2024-11-27,161.35,USD
BCHS.L,2024-11-27,8992,GBp
CNX1.L,2024-11-27,93230,GBp
DPYG.L,2024-11-27,5.142,GBP
EWQX.L,2024-11-27,496.225,GBp
FLOS.L,2024-11-27,473.325,GBp
GB00B1FXTF86,2024-11-27,9.93,GBP
GHYS.L,2024-11-27,88.655,GBP
GRAB,2024-11-27,5.18,USD
IDTG.L,2024-11-27,3.19475,GBP
IE0008368742,2024-11-27,161.00,USD
IE00B0M63516,2024-11-27,21.49,USD
IGLS.L,2024-11-27,127.245,GBP
IGWD.L,2024-11-27,10173.5,GBp
INXG.L,2024-11-27,12.48,GBP
ISPE.L,2024-11-27,6.405,GBP
IUAG.L,2024-11-27,93,USD
IWDG.L,2024-11-27,971.125,GBp
JFM0003373,2024-11-27,161.35,USD
KNSL,2024-11-27,515.45,USD
LU0164881194,2024-11-27,324.49,USD
LU0196696453,2024-11-27,14.30,USD
MU0129U00005,2024-11-27,379.33,USD
QQQ,2024-11-27,505.3,USD
SGLN.L,2024-11-27,4051,GBp
0639.HK,2024-11-28,2.62,HKD
BCHS.L,2024-11-28,9139.5,GBp
CNX1.L,2024-11-28,93950.5,GBp
DPYG.L,2024-11-28,5.131,GBP
EWQX.L,2024-11-28,498.675,GBp
FLOS.L,2024-11-28,473.375,GBp
GB00B1FXTF86,2024-11-28,9.82,GBP
GHYS.L,2024-11-28,88.845,GBP
IDTG.L,2024-11-28,3.20475,GBP
IE0008368742,2024-11-28,158.17,USD
IE00B0M63516,2024-11-28,20.61,USD
IGLS.L,2024-11-28,127.375,GBP
IGWD.L,2024-11-28,10219,GBp
INXG.L,2024-11-28,12.554,GBP
ISPE.L,2024-11-28,6.415,GBP
IUAG.L,2024-11-28,93.1,USD
IWDG.L,2024-11-28,975.25,GBp
LU0164881194,2024-11-28,322.30,USD
LU0196696453,2024-11-28,13.63,USD
MU0129U00005,2024-11-28,374.54,USD
SGLN.L,2024-11-28,4050,GBp
0639.HK,2024-11-29,2.63,HKD
0P00000YAN,2024-11-29,161.15,USD
BCHS.L,2024-11-29,9434,GBp
CNX1.L,2024-11-29,94170,GBp
DPYG.L,2024-11-29,5.133,GBP
EWQX.L,2024-11-29,499.8,GBp
FLOS.L,2024-11-29,473.35,GBp
GB00B1FXTF86,2024-11-29,9.83,GBP
GHYS.L,2024-11-29,88.955,GBP
GRAB,2024-11-29,5,USD
IDTG.L,2024-11-29,3.21925,GBP
IE0008368742,2024-11-29,159.34,USD
IE00B0M63516,2024-11-29,20.28,USD
IGLS.L,2024-11-29,127.54,GBP
IGWD.L,2024-11-29,10250,GBp
INXG.L,2024-11-29,12.549,GBP
ISPE.L,2024-11-29,6.4235,GBP
IUAG.L,2024-11-29,93.54,USD
IWDG.L,2024-11-29,978.5,GBp
JFM0003373,2024-11-29,161.15,USD
KNSL,2024-11-29,508.44,USD
LU0164881194,2024-11-29,323.10,USD
LU0196696453,2024-11-29,13.51,USD
MU0129U00005,2024-11-29,376.18,USD
QQQ,2024-11-29,509.74,USD
SGLN.L,2024-11-29,4071,GBp
0639.HK,2024-12-02,2.65,HKD
0P00000YAN,2024-12-02,160.39,USD
BCHS.L,2024-12-02,9328.5,GBp
CNX1.L,2024-12-02,95496,GBp
DPYG.L,2024-12-02,5.055,GBP
EWQX.L,2024-12-02,504.35,GBp
FLOS.L,2024-12-02,473.75,GBp
GB00B1FXTF86,2024-12-02,9.82,GBP
GHYS.L,2024-12-02,89.13,GBP
GRAB,2024-12-02,5.18,USD
IDTG.L,2024-12-02,3.252,GBP
IE0008368742,2024-12-02,160.51,USD
IE00B0M63516,2024-12-02,19.97,USD
IGLS.L,2024-12-02,127.62,GBP
IGWD.L,2024-12-02,10276,GBp
INXG.L,2024-12-02,12.595,GBP
ISPE.L,2024-12-02,6.399,GBP
IUAG.L,2024-12-02,93.58,USD
IWDG.L,2024-12-02,981.25,GBp
JFM0003373,2024-12-02,160.39,USD
KNSL,2024-12-02,499.27,USD
MU0129U00005,2024-12-02,378.66,USD
QQQ,2024-12-02,515.29,USD
SGLN.L,2024-12-02,4062.5,GBp
0639.HK,2024-12-03,2.69,HKD
0P00000YAN,2024-12-03,163.2,USD
BCHS.L,2024-12-03,9301,GBp
CNX1.L,2024-12-03,95702,GBp
DPYG.L,2024-12-03,5.032,GBP
EWQX.L,2024-12-03,503.85,GBp
FLOS.L,2024-12-03,473.775,GBp
GB00B1FXTF86,2024-12-03,9.90,GBP
GHYS.L,2024-12-03,89.125,GBP
GRAB,2024-12-03,5.29,USD
IDTG.L,2024-12-03,3.2305,GBP
IE0008368742,2024-12-03,161.36,USD
IE00B0M63516,2024-12-03,20.04,USD
IGLS.L,2024-12-03,127.58,GBP
IGWD.L,2024-12-03,10294.5,GBp
INXG.L,2024-12-03,12.521,GBP
ISPE.L,2024-12-03,6.372,GBP
IUAG.L,2024-12-03,93.3,USD
IWDG.L,2024-12-03,982.25,GBp
JFM0003373,2024-12-03,163.2,USD
KNSL,2024-12-03,499.95,USD
LU0164881194,2024-12-03,327.73,USD
LU0196696453,2024-12-03,13.33,USD
MU0129U00005,2024-12-03,379.90,USD
QQQ,2024-12-03,516.87,USD
SGLN.L,2024-12-03,4059,GBp
0639.HK,2024-12-04,2.7,HKD
0P00000YAN,2024-12-04,164.27,USD
BCHS.L,2024-12-04,9322.5,GBp
CNX1.L,2024-12-04,96294,GBp
DPYG.L,2024-12-04,5.0195,GBP
EWQX.L,2024-12-04,506.05,GBp
FLOS.L,2024-12-04,473.85,GBp
GB00B1FXTF86,2024-12-04,9.91,GBP
GHYS.L,2024-12-04,89.215,GBP
GRAB,2024-12-04,5.31,USD
IDTG.L,2024-12-04,3.23425,GBP
IE0008368742,2024-12-04,161.14,USD
IE00B0M63516,2024-12-04,20.27,USD
IGLS.L,2024-12-04,127.645,GBP
IGWD.L,2024-12-04,10345,GBp
INXG.L,2024-12-04,12.497,GBP
ISPE.L,2024-12-04,6.364,GBP
IUAG.L,2024-12-04,93.49,USD
IWDG.L,2024-12-04,987.25,GBp
JFM0003373,2024-12-04,164.27,USD
KNSL,2024-12-04,497.91,USD
LU0164881194,2024-12-04,328.85,USD
LU0196696453,2024-12-04,13.46,USD
MU0129U00005,2024-12-04,380.33,USD
QQQ,2024-12-04,523.26,USD
SGLN.L,2024-12-04,4056,GBp
0639.HK,2024-12-05,2.66,HKD
0P00000YAN,2024-12-05,164.76,USD
BCHS.L,2024-12-05,9733,GBp
CNX1.L,2024-12-05,96292,GBp
DPYG.L,2024-12-05,4.99575,GBP
EWQX.L,2024-12-05,502.45,GBp
FLOS.L,2024-12-05,473.95,GBp
GB00B1FXTF86,2024-12-05,9.93,GBP
GHYS.L,2024-12-05,89.24,GBP
GRAB,2024-12-05,5.24,USD
IDTG.L,2024-12-05,3.2495,GBP
IE0008368742,2024-12-05,160.03,USD
IE00B0M63516,2024-12-05,20.64,USD
IGLS.L,2024-12-05,127.59,GBP
IGWD.L,2024-12-05,10370.5,GBp
INXG.L,2024-12-05,12.415,GBP
ISPE.L,2024-12-05,6.3595,GBP
IUAG.L,2024-12-05,93.46,USD
IWDG.L,2024-12-05,989.75,GBp
JFM0003373,2024-12-05,164.76,USD
KNSL,2024-12-05,498.78,USD
LU0164881194,2024-12-05,333.00,USD
LU0196696453,2024-12-05,13.74,USD
MU0129U00005,2024-12-05,383.40,USD
QQQ,2024-12-05,521.81,USD
SGLN.L,2024-12-05,4020,GBp
0639.HK,2024-12-06,2.69,HKD
0P00000YAN,2024-12-06,164.19,USD
BCHS.L,2024-12-06,9788.5,GBp
CNX1.L,2024-12-06,96780.5,GBp
DPYG.L,2024-12-06,4.997,GBP
EWQX.L,2024-12-06,504.55,GBp
FLOS.L,2024-12-06,474,GBp
GB00B1FXTF86,2024-12-06,9.90,GBP
GHYS.L,2024-12-06,89.39,GBP
GRAB,2024-12-06,5.14,USD
IDTG.L,2024-12-06,3.2495,GBP
IE0008368742,2024-12-06,162.36,USD
IE00B0M63516,2024-12-06,20.16,USD
IGLS.L,2024-12-06,127.51,GBP
IGWD.L,2024-12-06,10373,GBp
INXG.L,2024-12-06,12.376,GBP
ISPE.L,2024-12-06,6.344,GBP
IUAG.L,2024-12-06,93.71,USD
IWDG.L,2024-12-06,990,GBp
JFM0003373,2024-12-06,164.19,USD
KNSL,2024-12-06,524.22,USD
LU0164881194,2024-12-06,334.54,USD
LU0196696453,2024-12-06,13.45,USD
MU0129U00005,2024-12-06,383.98,USD
QQQ,2024-12-06,526.48,USD
SGLN.L,2024-12-06,4024,GBp
0639.HK,2024-12-09,2.68,HKD
0P00000YAN,2024-12-09,164.98,USD
BCHS.L,2024-12-09,9453.5,GBp
CNX1.L,2024-12-09,95971,GBp
DPYG.L,2024-12-09,4.9955,GBP
EWQX.L,2024-12-09,500.375,GBp
FLOS.L,2024-12-09,474.3,GBp
GB00B1FXTF86,2024-12-09,9.89,GBP
GHYS.L,2024-12-09,89.205,GBP
GRAB,2024-12-09,5.33,USD
IDTG.L,2024-12-09,3.238,GBP
IE0008368742,2024-12-09,166.22,USD
IE00B0M63516,2024-12-09,20.25,USD
IGLS.L,2024-12-09,127.61,GBP
IGWD.L,2024-12-09,10349,GBp
INXG.L,2024-12-09,12.334,GBP
ISPE.L,2024-12-09,6.328,GBP
IUAG.L,2024-12-09,93.59,USD
IWDG.L,2024-12-09,987.5,GBp
JFM0003373,2024-12-09,164.98,USD
KNSL,2024-12-09,521.97,USD
LU0164881194,2024-12-09,332.71,USD
LU0196696453,2024-12-09,13.56,USD
MU0129U00005,2024-12-09,383.11,USD
QQQ,2024-12-09,522.38,USD
SGLN.L,2024-12-09,4052,GBp
0639.HK,2024-12-10,2.67,HKD
0P00000YAN,2024-12-10,164.92,USD
BCHS.L,2024-12-10,9149,GBp
CNX1.L,2024-12-10,96171.5,GBp
DPYG.L,2024-12-10,4.9645,GBP
EWQX.L,2024-12-10,498.4,GBp
FLOS.L,2024-12-10,474.3,GBp
GB00B1FXTF86,2024-12-10,9.91,GBP
GHYS.L,2024-12-10,89.195,GBP
GRAB,2024-12-10,5.43,USD
IDTG.L,2024-12-10,3.21575,GBP
IE0008368742,2024-12-10,166.31,USD
IE00B0M63516,2024-12-10,20.44,USD
IGLS.L,2024-12-10,127.62,GBP
IGWD.L,2024-12-10,10313,GBp
INXG.L,2024-12-10,12.372,GBP
ISPE.L,2024-12-10,6.299,GBP
IUAG.L,2024-12-10,93.37,USD
IWDG.L,2024-12-10,984.5,GBp
JFM0003373,2024-12-10,164.92,USD
KNSL,2024-12-10,503.08,USD
LU0164881194,2024-12-10,332.65,USD
LU0196696453,2024-12-10,13.58,USD
MU0129U00005,2024-12-10,383.83,USD
QQQ,2024-12-10,520.6,USD
SGLN.L,2024-12-10,4096,GBp
0639.HK,2024-12-11,2.65,HKD
0P00000YAN,2024-12-11,164.76,USD
BCHS.L,2024-12-11,9482.5,GBp
CNX1.L,2024-12-11,97452.5,GBp
DPYG.L,2024-12-11,4.9325,GBP
EWQX.L,2024-12-11,499.9,GBp
FLOS.L,2024-12-11,474.25,GBp
GB00B1FXTF86,2024-12-11,9.96,GBP
GHYS.L,2024-12-11,89.35,GBP
GRAB,2024-12-11,5.4,USD
IDTG.L,2024-12-11,3.1965,GBP
IE0008368742,2024-12-11,165.16,USD
IE00B0M63516,2024-12-11,20.58,USD
IGLS.L,2024-12-11,127.6,GBP
IGWD.L,2024-12-11,10351,GBp
INXG.L,2024-12-11,12.379,GBP
ISPE.L,2024-12-11,6.2795,GBP
IUAG.L,2024-12-11,93.395,USD
IWDG.L,2024-12-11,989.25,GBp
JFM0003373,2024-12-11,164.76,USD
KNSL,2024-12-11,511.87,USD
LU0164881194,2024-12-11,333.28,USD
LU0196696453,2024-12-11,13.58,USD
MU0129U00005,2024-12-11,385.13,USD
QQQ,2024-12-11,529.92,USD
SGLN.L,2024-12-11,4140,GBp
0639.HK,2024-12-12,2.68,HKD
0P00000YAN,2024-12-12,163.88,USD
BCHS.L,2024-12-12,9529.5,GBp
CNX1.L,2024-12-12,97634,GBp
DPYG.L,2024-12-12,4.9615,GBP
EWQX.L,2024-12-12,502.25,GBp
FLOS.L,2024-12-12,474.275,GBp
GB00B1FXTF86,2024-12-12,9.90,GBP
GHYS.L,2024-12-12,89.26,GBP
GRAB,2024-12-12,5.18,USD
IDTG.L,2024-12-12,3.09425,GBP
IE0008368742,2024-12-12,167.59,USD
IE00B0M63516,2024-12-12,20.46,USD
IGLS.L,2024-12-12,127.64,GBP
IGWD.L,2024-12-12,10345.5,GBp
INXG.L,2024-12-12,12.322,GBP
ISPE.L,2024-12-12,6.2815,GBP
IUAG.L,2024-12-12,93.02,USD
IWDG.L,2024-12-12,988,GBp
JFM0003373,2024-12-12,163.88,USD
KNSL,2024-12-12,506.88,USD
LU0164881194,2024-12-12,330.36,USD
LU0196696453,2024-12-12,13.58,USD
MU0129U00005,2024-12-12,383.07,USD
QQQ,2024-12-12,526.5,USD
SGLN.L,2024-12-12,4099,GBp
0639.HK,2024-12-13,2.63,HKD
0P00000YAN,2024-12-13,162.94,USD
BCHS.L,2024-12-13,9439.5,GBp
CNX1.L,2024-12-13,98192.5,GBp
DPYG.L,2024-12-13,4.92425,GBP
EWQX.L,2024-12-13,502.1,GBp
FLOS.L,2024-12-13,474.475,GBp
GB00B1FXTF86,2024-12-13,9.98,GBP
GHYS.L,2024-12-13,89.14,GBP
GRAB,2024-12-13,5.13,USD
IDTG.L,2024-12-13,3.0535,GBP
IE0008368742,2024-12-13,163.74,USD
IE00B0M63516,2024-12-13,20.06,USD
IGLS.L,2024-12-13,127.57,GBP
IGWD.L,2024-12-13,10287.5,GBp
INXG.L,2024-12-13,12.239,GBP
ISPE.L,2024-12-13,6.244,GBP
IUAG.L,2024-12-13,92.57,USD
IWDG.L,2024-12-13,984,GBp
JFM0003373,2024-12-13,162.94,USD
KNSL,2024-12-13,506.73,USD
LU0164881194,2024-12-13,331.88,USD
LU0196696453,2024-12-13,13.38,USD
MU0129U00005,2024-12-13,384.87,USD
QQQ,2024-12-13,530.53,USD
SGLN.L,2024-12-13,4096,GBp
0639.HK,2024-12-16,2.6,HKD
0P00000YAN,2024-12-16,162.39,USD
BCHS.L,2024-12-16,9773,GBp
CNX1.L,2024-12-16,99123,GBp
DPYG.L,2024-12-16,4.92,GBP
EWQX.L,2024-12-16,502.2,GBp
FLOS.L,2024-12-16,474.35,GBp
GB00B1FXTF86,2024-12-16,10.01,GBP
GHYS.L,2024-12-16,89.135,GBP
GRAB,2024-12-16,5.13,USD
IDTG.L,2024-12-16,3.047,GBP
IE0008368742,2024-12-16,161.53,USD
IE00B0M63516,2024-12-16,19.84,USD
IGLS.L,2024-12-16,127.45,GBP
IGWD.L,2024-12-16,10327,GBp
INXG.L,2024-12-16,12.122,GBP
ISPE.L,2024-12-16,6.2375,GBP
IUAG.L,2024-12-16,92.57,USD
IWDG.L,2024-12-16,986,GBp
JFM0003373,2024-12-16,162.39,USD
KNSL,2024-12-16,502.07,USD
LU0164881194,2024-12-16,332.88,USD
LU0196696453,2024-12-16,13.21,USD
MU0129U00005,2024-12-16,384.47,USD
QQQ,2024-12-16,538.17,USD
SGLN.L,2024-12-16,4060,GBp
0639.HK,2024-12-17,2.58,HKD
0P00000YAN,2024-12-17,160.29,USD
BCHS.L,2024-12-17,9587,GBp
CNX1.L,2024-12-17,99076,GBp
DPYG.L,2024-12-17,4.898,GBP
EWQX.L,2024-12-17,499.275,GBp
FLOS.L,2024-12-17,474.525,GBp
GB00B1FXTF86,2024-12-17,9.86,GBP
GHYS.L,2024-12-17,89.04,GBP
GRAB,2024-12-17,5.14,USD
IDTG.L,2024-12-17,3.06175,GBP
IE0008368742,2024-12-17,161.09,USD
IE00B0M63516,2024-12-17,19.64,USD
IGLS.L,2024-12-17,127.21,GBP
IGWD.L,2024-12-17,10290,GBp
INXG.L,2024-12-17,12.055,GBP
ISPE.L,2024-12-17,6.174,GBP
IUAG.L,2024-12-17,92.55,USD
IWDG.L,2024-12-17,982.125,GBp
JFM0003373,2024-12-17,160.29,USD
KNSL,2024-12-17,491.06,USD
LU0164881194,2024-12-17,328.84,USD
LU0196696453,2024-12-17,12.95,USD
MU0129U00005,2024-12-17,380.19,USD
QQQ,2024-12-17,535.8,USD
SGLN.L,2024-12-17,4035,GBp
0639.HK,2024-12-18,2.57,HKD
0P00000YAN,2024-12-18,158.86,USD
BCHS.L,2024-12-18,9391,GBp
CNX1.L,2024-12-18,99101,GBp
DPYG.L,2024-12-18,4.8755,GBP
EWQX.L,2024-12-18,497,GBp
FLOS.L,2024-12-18,474.825,GBp
GB00B1FXTF86,2024-12-18,9.86,GBP
GHYS.L,2024-12-18,89.025,GBP
GRAB,2024-12-18,4.91,USD
IDTG.L,2024-12-18,3.0555,GBP
IE0008368742,2024-12-18,162.36,USD
IE00B0M63516,2024-12-18,19.12,USD
IGLS.L,2024-12-18,127.155,GBP
IGWD.L,2024-12-18,10293.5,GBp
INXG.L,2024-12-18,12.027,GBP
ISPE.L,2024-12-18,6.166,GBP
IUAG.L,2024-12-18,92.54,USD
IWDG.L,2024-12-18,982.75,GBp
JFM0003373,2024-12-18,158.86,USD
KNSL,2024-12-18,466.62,USD
LU0164881194,2024-12-18,326.20,USD
LU0196696453,2024-12-18,12.74,USD
MU0129U00005,2024-12-18,378.90,USD
QQQ,2024-12-18,516.47,USD
SGLN.L,2024-12-18,4039,GBp
0639.HK,2024-12-19,2.54,HKD
0P00000YAN,2024-12-19,156.54,USD
BCHS.L,2024-12-19,8910.5,GBp
CNX1.L,2024-12-19,97047,GBp
DPYG.L,2024-12-19,4.72125,GBP
EWQX.L,2024-12-19,484.5,GBp
FLOS.L,2024-12-19,474.4,GBp
GB00B1FXTF86,2024-12-19,9.83,GBP
GHYS.L,2024-12-19,88.34,GBP
GRAB,2024-12-19,4.92,USD
IDTG.L,2024-12-19,2.987,GBP
IE0008368742,2024-12-19,162.09,USD
IE00B0M63516,2024-12-19,19.01,USD
IGLS.L,2024-12-19,127.29,GBP
IGWD.L,2024-12-19,10066,GBp
INXG.L,2024-12-19,11.996,GBP
ISPE.L,2024-12-19,5.987,GBP
IUAG.L,2024-12-19,91.52,USD
IWDG.L,2024-12-19,961.25,GBp
JFM0003373,2024-12-19,156.54,USD
KNSL,2024-12-19,467.48,USD
LU0164881194,2024-12-19,323.61,USD
LU0196696453,2024-12-19,12.66,USD
MU0129U00005,2024-12-19,376.00,USD
QQQ,2024-12-19,514.17,USD
SGLN.L,2024-12-19,4011,GBp
0639.HK,2024-12-20,2.46,HKD
0P00000YAN,2024-12-20,155.78,USD
BCHS.L,2024-12-20,8850,GBp
CNX1.L,2024-12-20,97393,GBp
DPYG.L,2024-12-20,4.77125,GBP
EWQX.L,2024-12-20,485.3,GBp
FLOS.L,2024-12-20,474.95,GBp
GB00B1FXTF86,2024-12-20,9.66,GBP
GHYS.L,2024-12-20,88.81,GBP
GRAB,2024-12-20,4.9,USD
IDTG.L,2024-12-20,3.0065,GBP
IE0008368742,2024-12-20,162.12,USD
IE00B0M63516,2024-12-20,19.02,USD
IGLS.L,2024-12-20,127.42,GBP
IGWD.L,2024-12-20,10100,GBp
INXG.L,2024-12-20,12.102,GBP
ISPE.L,2024-12-20,6.052,GBP
IUAG.L,2024-12-20,91.975,USD
IWDG.L,2024-12-20,965,GBp
JFM0003373,2024-12-20,155.78,USD
KNSL,2024-12-20,466.31,USD
LU0164881194,2024-12-20,317.79,USD
LU0196696453,2024-12-20,12.71,USD
MU0129U00005,2024-12-20,369.22,USD
QQQ,2024-12-20,518.66,USD
SGLN.L,2024-12-20,4056,GBp
0639.HK,2024-12-23,2.48,HKD
0P00000YAN,2024-12-23,157.78,USD
BCHS.L,2024-12-23,8630,GBp
CNX1.L,2024-12-23,97674.5,GBp
DPYG.L,2024-12-23,4.73625,GBP
EWQX.L,2024-12-23,487.025,GBp
FLOS.L,2024-12-23,475.5,GBp
GB00B1FXTF86,2024-12-23,9.63,GBP
GHYS.L,2024-12-23,88.89,GBP
GRAB,2024-12-23,4.88,USD
IDTG.L,2024-12-23,2.97675,GBP
IE0008368742,2024-12-23,162.07,USD
IE00B0M63516,2024-12-23,18.72,USD
IGLS.L,2024-12-23,127.42,GBP
IGWD.L,2024-12-23,10078,GBp
INXG.L,2024-12-23,12.013,GBP
ISPE.L,2024-12-23,6.0065,GBP
IUAG.L,2024-12-23,91.675,USD
IWDG.L,2024-12-23,962.75,GBp
JFM0003373,2024-12-23,157.78,USD
KNSL,2024-12-23,464.83,USD
LU0164881194,2024-12-23,319.69,USD
LU0196696453,2024-12-23,12.52,USD
MU0129U00005,2024-12-23,370.75,USD
QQQ,2024-12-23,522.87,USD
SGLN.L,2024-12-23,4056,GBp
0639.HK,2024-12-24,2.52,HKD
0P00000YAN,2024-12-24,158.38,USD
BCHS.L,2024-12-24,8591.5,GBp
CNX1.L,2024-12-24,98193.5,GBp
DPYG.L,2024-12-24,4.7685,GBP
EWQX.L,2024-12-24,489.375,GBp
FLOS.L,2024-12-24,475.35,GBp
GB00B1FXTF86,2024-12-24,9.63,GBP
GHYS.L,2024-12-24,88.845,GBP
GRAB,2024-12-24,4.94,USD
IDTG.L,2024-12-24,2.957,GBP
IE0008368742,2024-12-24,163.46,USD
IE00B0M63516,2024-12-24,18.76,USD
IGLS.L,2024-12-24,127.47,GBP
IGWD.L,2024-12-24,10151,GBp
INXG.L,2024-12-24,11.922,GBP
ISPE.L,2024-12-24,6.053,GBP
IUAG.L,2024-12-24,91.51,USD
IWDG.L,2024-12-24,970,GBp
JFM0003373,2024-12-24,158.38,USD
KNSL,2024-12-24,470.95,USD
LU0164881194,2024-12-24,319.95,USD
MU0129U00005,2024-12-24,371.89,USD
QQQ,2024-12-24,529.96,USD
SGLN.L,2024-12-24,4049,GBp
GRAB,2024-12-26,4.96,USD
KNSL,2024-12-26,471.39,USD
QQQ,2024-12-26,529.6,USD
0639.HK,2024-12-27,2.55,HKD
0P00000YAN,2024-12-27,158.81,USD
BCHS.L,2024-12-27,8602.5,GBp
CNX1.L,2024-12-27,97319.5,GBp
DPYG.L,2024-12-27,4.78,GBP
EWQX.L,2024-12-27,485.975,GBp
FLOS.L,2024-12-27,475.875,GBp
GB00B1FXTF86,2024-12-27,9.66,GBP
GHYS.L,2024-12-27,88.83,GBP
GRAB,2024-12-27,4.81,USD
IDTG.L,2024-12-27,2.96325,GBP
IE00B0M63516,2024-12-27,18.61,USD
IGLS.L,2024-12-27,127.33,GBP
IGWD.L,2024-12-27,10159.5,GBp
INXG.L,2024-12-27,11.934,GBP
ISPE.L,2024-12-27,6.058,GBP
IUAG.L,2024-12-27,91.72,USD
IWDG.L,2024-12-27,970.875,GBp
JFM0003373,2024-12-27,158.81,USD
KNSL,2024-12-27,470.68,USD
LU0164881194,2024-12-27,317.98,USD
LU0196696453,2024-12-27,12.45,USD
MU0129U00005,2024-12-27,372.36,USD
QQQ,2024-12-27,522.56,USD
SGLN.L,2024-12-27,4047,GBp
0639.HK,2024-12-30,2.56,HKD
0P00000YAN,2024-12-30,159.01,USD
BCHS.L,2024-12-30,8338.5,GBp
CNX1.L,2024-12-30,96822,GBp
DPYG.L,2024-12-30,4.73325,GBP
EWQX.L,2024-12-30,482.975,GBp
FLOS.L,2024-12-30,475.325,GBp
GB00B1FXTF86,2024-12-30,9.54,GBP
GHYS.L,2024-12-30,89.07,GBP
GRAB,2024-12-30,4.76,USD
IDTG.L,2024-12-30,2.97475,GBP
IE0008368742,2024-12-30,162.30,USD
IE00B0M63516,2024-12-30,18.54,USD
IGLS.L,2024-12-30,127.365,GBP
IGWD.L,2024-12-30,10059.5,GBp
INXG.L,2024-12-30,11.94,GBP
ISPE.L,2024-12-30,5.9935,GBP
IUAG.L,2024-12-30,92.06,USD
IWDG.L,2024-12-30,961.75,GBp
JFM0003373,2024-12-30,159.01,USD
KNSL,2024-12-30,465.56,USD
LU0164881194,2024-12-30,316.61,USD
LU0196696453,2024-12-30,12.40,USD
MU0129U00005,2024-12-30,371.03,USD
QQQ,2024-12-30,515.61,USD
SGLN.L,2024-12-30,4034,GBp
0639.HK,2024-12-31,2.51,HKD
BCHS.L,2024-12-31,8447,GBp
CNX1.L,2024-12-31,97153.5,GBp
DPYG.L,2024-12-31,4.76525,GBP
EWQX.L,2024-12-31,485.425,GBp
FLOS.L,2024-12-31,475.9,GBp
GB00B1FXTF86,2024-12-31,9.61,GBP
GHYS.L,2024-12-31,89.025,GBP
GRAB,2024-12-31,4.72,USD
IDTG.L,2024-12-31,2.991,GBP
IE0008368742,2024-12-31,162.14,USD
IE00B0M63516,2024-12-31,18.78,USD
IGLS.L,2024-12-31,127.635,GBP
IGWD.L,2024-12-31,10102,GBp
INXG.L,2024-12-31,12.016,GBP
ISPE.L,2024-12-31,6.0205,GBP
IUAG.L,2024-12-31,92.06,USD
IWDG.L,2024-12-31,964.5,GBp
KNSL,2024-12-31,465.13,USD
LU0164881194,2024-12-31,316.45,USD
MU0129U00005,2024-12-31,370.49,USD
QQQ,2024-12-31,511.23,USD
SGLN.L,2024-12-31,4046,GBp
0639.HK,2025-01-02,2.5,HKD
0P00000YAN,2025-01-02,158.5,USD
BCHS.L,2025-01-02,8551.5,GBp
CNX1.L,2025-01-02,97572,GBp
DPYG.L,2025-01-02,4.78825,GBP
EWQX.L,2025-01-02,490.3,GBp
FLOS.L,2025-01-02,475.975,GBp
GB00B1FXTF86,2025-01-02,9.84,GBP
GHYS.L,2025-01-02,89.03,GBP
GRAB,2025-01-02,4.74,USD
IDTG.L,2025-01-02,2.966,GBP
IE0008368742,2025-01-02,158.20,USD
IE00B0M63516,2025-01-02,18.85,USD
IGLS.L,2025-01-02,127.5,GBP
IGWD.L,2025-01-02,10088.5,GBp
INXG.L,2025-01-02,12,GBP
ISPE.L,2025-01-02,6.029,GBP
IUAG.L,2025-01-02,91.85,USD
IWDG.L,2025-01-02,963,GBp
JFM0003373,2025-01-02,158.5,USD
KNSL,2025-01-02,454.02,USD
LU0164881194,2025-01-02,322.48,USD
LU0196696453,2025-01-02,12.47,USD
MU0129U00005,2025-01-02,378.64,USD
QQQ,2025-01-02,510.23,USD
SGLN.L,2025-01-02,4175,GBp
0639.HK,2025-01-03,2.52,HKD
0P00000YAN,2025-01-03,158.19,USD
BCHS.L,2025-01-03,8855,GBp
CNX1.L,2025-01-03,97806.5,GBp
DPYG.L,2025-01-03,4.79275,GBP
EWQX.L,2025-01-03,491.675,GBp
FLOS.L,2025-01-03,476,GBp
GB00B1FXTF86,2025-01-03,9.81,GBP
GHYS.L,2025-01-03,89.04,GBP
GRAB,2025-01-03,4.81,USD
IDTG.L,2025-01-03,2.965,GBP
IE0008368742,2025-01-03,157.51,USD
IE00B0M63516,2025-01-03,18.68,USD
IGLS.L,2025-01-03,127.465,GBP
IGWD.L,2025-01-03,10107,GBp
INXG.L,2025-01-03,11.988,GBP
ISPE.L,2025-01-03,6.033,GBP
IUAG.L,2025-01-03,91.88,USD
IWDG.L,2025-01-03,965.25,GBp
JFM0003373,2025-01-03,158.19,USD
KNSL,2025-01-03,428.32,USD
LU0164881194,2025-01-03,321.07,USD
LU0196696453,2025-01-03,12.43,USD
MU0129U00005,2025-01-03,376.04,USD
QQQ,2025-01-03,518.58,USD
SGLN.L,2025-01-03,4135,GBp
0639.HK,2025-01-06,2.49,HKD
0P00000YAN,2025-01-06,158.08,USD
BCHS.L,2025-01-06,9248.5,GBp
CNX1.L,2025-01-06,99061.5,GBp
DPYG.L,2025-01-06,4.8065,GBP
EWQX.L,2025-01-06,496.675,GBp
FLOS.L,2025-01-06,476.05,GBp
GB00B1FXTF86,2025-01-06,9.54,GBP
GHYS.L,2025-01-06,89.16,GBP
GRAB,2025-01-06,4.87,USD
IDTG.L,2025-01-06,2.948,GBP
IE0008368742,2025-01-06,157.12,USD
IE00B0M63516,2025-01-06,18.97,USD
IGLS.L,2025-01-06,127.445,GBP
IGWD.L,2025-01-06,10259,GBp
INXG.L,2025-01-06,11.956,GBP
ISPE.L,2025-01-06,6.089,GBP
IUAG.L,2025-01-06,91.63,USD
IWDG.L,2025-01-06,980,GBp
JFM0003373,2025-01-06,158.08,USD
KNSL,2025-01-06,420.9,USD
LU0164881194,2025-01-06,314.31,USD
LU0196696453,2025-01-06,12.61,USD
MU0129U00005,2025-01-06,367.55,USD
QQQ,2025-01-06,524.54,USD
SGLN.L,2025-01-06,4095,GBp
0639.HK,2025-01-07,2.44,HKD
0P00000YAN,2025-01-07,158.14,USD
BCHS.L,2025-01-07,9032.5,GBp
CNX1.L,2025-01-07,97849,GBp
DPYG.L,2025-01-07,4.75275,GBP
EWQX.L,2025-01-07,493.425,GBp
FLOS.L,2025-01-07,476.125,GBp
GB00B1FXTF86,2025-01-07,9.62,GBP
GHYS.L,2025-01-07,88.99,GBP
GRAB,2025-01-07,4.74,USD
IDTG.L,2025-01-07,2.9095,GBP
IE0008368742,2025-01-07,156.40,USD
IE00B0M63516,2025-01-07,19.21,USD
IGLS.L,2025-01-07,127.33,GBP
IGWD.L,2025-01-07,10177,GBp
INXG.L,2025-01-07,11.857,GBP
ISPE.L,2025-01-07,6.051,GBP
IUAG.L,2025-01-07,91.42,USD
IWDG.L,2025-01-07,970.75,GBp
JFM0003373,2025-01-07,158.14,USD
KNSL,2025-01-07,420.69,USD
LU0164881194,2025-01-07,315.79,USD
LU0196696453,2025-01-07,12.84,USD
MU0129U00005,2025-01-07,368.47,USD
QQQ,2025-01-07,515.18,USD
SGLN.L,2025-01-07,4127,GBp
0639.HK,2025-01-08,2.4,HKD
0P00000YAN,2025-01-08,159.03,USD
BCHS.L,2025-01-08,8776.5,GBp
CNX1.L,2025-01-08,97957.5,GBp
DPYG.L,2025-01-08,4.7145,GBP
EWQX.L,2025-01-08,494.1,GBp
FLOS.L,2025-01-08,476.05,GBp
GB00B1FXTF86,2025-01-08,9.65,GBP
GHYS.L,2025-01-08,88.69,GBP
GRAB,2025-01-08,4.63,USD
IDTG.L,2025-01-08,2.9035,GBP
IE0008368742,2025-01-08,155.18,USD
IE00B0M63516,2025-01-08,18.86,USD
IGLS.L,2025-01-08,127.235,GBP
IGWD.L,2025-01-08,10107.5,GBp
INXG.L,2025-01-08,11.727,GBP
ISPE.L,2025-01-08,6.012,GBP
IUAG.L,2025-01-08,91.35,USD
IWDG.L,2025-01-08,965.375,GBp
JFM0003373,2025-01-08,159.03,USD
KNSL,2025-01-08,422.03,USD
LU0164881194,2025-01-08,314.27,USD
LU0196696453,2025-01-08,12.61,USD
MU0129U00005,2025-01-08,367.44,USD
QQQ,2025-01-08,515.27,USD
SGLN.L,2025-01-08,4196,GBp
0639.HK,2025-01-09,2.42,HKD
BCHS.L,2025-01-09,8810.5,GBp
CNX1.L,2025-01-09,98320.5,GBp
DPYG.L,2025-01-09,4.721,GBP
EWQX.L,2025-01-09,497.125,GBp
FLOS.L,2025-01-09,476.25,GBp
GB00B1FXTF86,2025-01-09,9.73,GBP
GHYS.L,2025-01-09,89.12,GBP
IDTG.L,2025-01-09,2.9225,GBP
IE0008368742,2025-01-09,155.54,USD
IE00B0M63516,2025-01-09,19.10,USD
IGLS.L,2025-01-09,127.285,GBP
IGWD.L,2025-01-09,10117,GBp
INXG.L,2025-01-09,11.698,GBP
ISPE.L,2025-01-09,6.0165,GBP
IUAG.L,2025-01-09,91.7,USD
IWDG.L,2025-01-09,966.5,GBp
LU0164881194,2025-01-09,312.37,USD
LU0196696453,2025-01-09,12.72,USD
MU0129U00005,2025-01-09,365.24,USD
SGLN.L,2025-01-09,4218,GBp
0639.HK,2025-01-10,2.31,HKD
0P00000YAN,2025-01-10,156.68,USD
BCHS.L,2025-01-10,8688,GBp
CNX1.L,2025-01-10,97393,GBp
DPYG.L,2025-01-10,4.6505,GBP
EWQX.L,2025-01-10,493.05,GBp
FLOS.L,2025-01-10,476.375,GBp
GB00B1FXTF86,2025-01-10,9.55,GBP
GHYS.L,2025-01-10,88.71,GBP
GRAB,2025-01-10,4.49,USD
IDTG.L,2025-01-10,2.897,GBP
IE0008368742,2025-01-10,153.32,USD
IE00B0M63516,2025-01-10,18.74,USD
IGLS.L,2025-01-10,127.21,GBP
IGWD.L,2025-01-10,9973,GBp
INXG.L,2025-01-10,11.686,GBP
ISPE.L,2025-01-10,5.943,GBP
IUAG.L,2025-01-10,91.02,USD
IWDG.L,2025-01-10,952.75,GBp
JFM0003373,2025-01-10,156.68,USD
KNSL,2025-01-10,416.48,USD
LU0164881194,2025-01-10,307.65,USD
LU0196696453,2025-01-10,12.51,USD
MU0129U00005,2025-01-10,361.48,USD
QQQ,2025-01-10,507.19,USD
SGLN.L,2025-01-10,4284,GBp
0639.HK,2025-01-13,2.28,HKD
0P00000YAN,2025-01-13,155.06,USD
BCHS.L,2025-01-13,8564,GBp
CNX1.L,2025-01-13,96862,GBp
DPYG.L,2025-01-13,4.623,GBP
EWQX.L,2025-01-13,491.875,GBp
FLOS.L,2025-01-13,476.6,GBp
GB00B1FXTF86,2025-01-13,9.33,GBP
GHYS.L,2025-01-13,88.415,GBP
GRAB,2025-01-13,4.5,USD
IDTG.L,2025-01-13,2.8825,GBP
IE0008368742,2025-01-13,151.84,USD
IE00B0M63516,2025-01-13,18.90,USD
IGLS.L,2025-01-13,127.1,GBP
IGWD.L,2025-01-13,9928,GBp
INXG.L,2025-01-13,11.632,GBP
ISPE.L,2025-01-13,5.958,GBP
IUAG.L,2025-01-13,90.765,USD
IWDG.L,2025-01-13,948.25,GBp
JFM0003373,2025-01-13,155.06,USD
KNSL,2025-01-13,417.09,USD
LU0164881194,2025-01-13,298.48,USD
LU0196696453,2025-01-13,12.56,USD
MU0129U00005,2025-01-13,350.53,USD
QQQ,2025-01-13,505.56,USD
SGLN.L,2025-01-13,4261,GBp
0639.HK,2025-01-14,2.34,HKD
0P00000YAN,2025-01-14,154.59,USD
BCHS.L,2025-01-14,8769.5,GBp
CNX1.L,2025-01-14,97278.5,GBp
DPYG.L,2025-01-14,4.692,GBP
EWQX.L,2025-01-14,494.55,GBp
FLOS.L,2025-01-14,476.75,GBp
GB00B1FXTF86,2025-01-14,9.44,GBP
GHYS.L,2025-01-14,88.42,GBP
GRAB,2025-01-14,4.36,USD
IDTG.L,2025-01-14,2.8865,GBP
IE0008368742,2025-01-14,154.55,USD
IE00B0M63516,2025-01-14,19.01,USD
IGLS.L,2025-01-14,127.14,GBP
IGWD.L,2025-01-14,9980,GBp
INXG.L,2025-01-14,11.604,GBP
ISPE.L,2025-01-14,6.015,GBP
IUAG.L,2025-01-14,90.79,USD
IWDG.L,2025-01-14,953.5,GBp
JFM0003373,2025-01-14,154.59,USD
KNSL,2025-01-14,429.79,USD
LU0164881194,2025-01-14,301.20,USD
LU0196696453,2025-01-14,12.65,USD
MU0129U00005,2025-01-14,352.28,USD
QQQ,2025-01-14,505.08,USD
SGLN.L,2025-01-14,4258,GBp
0639.HK,2025-01-15,2.35,HKD
0P00000YAN,2025-01-15,155.65,USD
BCHS.L,2025-01-15,9086,GBp
CNX1.L,2025-01-15,98946,GBp
DPYG.L,2025-01-15,4.7315,GBP
EWQX.L,2025-01-15,502.35,GBp
FLOS.L,2025-01-15,476.825,GBp
GB00B1FXTF86,2025-01-15,9.35,GBP
GHYS.L,2025-01-15,88.96,GBP
GRAB,2025-01-15,4.46,USD
IDTG.L,2025-01-15,2.932,GBP
IE0008368742,2025-01-15,154.62,USD
IE00B0M63516,2025-01-15,19.27,USD
IGLS.L,2025-01-15,127.44,GBP
IGWD.L,2025-01-15,10127,GBp
INXG.L,2025-01-15,11.87,GBP
ISPE.L,2025-01-15,6.088,GBP
IUAG.L,2025-01-15,91.56,USD
IWDG.L,2025-01-15,967.75,GBp
JFM0003373,2025-01-15,155.65,USD
KNSL,2025-01-15,436,USD
LU0164881194,2025-01-15,304.28,USD
LU0196696453,2025-01-15,12.84,USD
MU0129U00005,2025-01-15,355.05,USD
QQQ,2025-01-15,516.7,USD
SGLN.L,2025-01-15,4274,GBp
0639.HK,2025-01-16,2.39,HKD
0P00000YAN,2025-01-16,156.21,USD
BCHS.L,2025-01-16,9159.5,GBp
CNX1.L,2025-01-16,99343,GBp
DPYG.L,2025-01-16,4.7695,GBP
EWQX.L,2025-01-16,505.85,GBp
FLOS.L,2025-01-16,476.875,GBp
GB00B1FXTF86,2025-01-16,9.42,GBP
GHYS.L,2025-01-16,89.23,GBP
GRAB,2025-01-16,4.45,USD
IDTG.L,2025-01-16,2.9485,GBP
IE0008368742,2025-01-16,156.27,USD
IE00B0M63516,2025-01-16,19.35,USD
IGLS.L,2025-01-16,125.24,GBP
IGWD.L,2025-01-16,10190.5,GBp
INXG.L,2025-01-16,12.03,GBP
ISPE.L,2025-01-16,6.139,GBP
IUAG.L,2025-01-16,91.81,USD
IWDG.L,2025-01-16,970.625,GBp
JFM0003373,2025-01-16,156.21,USD
KNSL,2025-01-16,438.13,USD
LU0164881194,2025-01-16,305.63,USD
LU0196696453,2025-01-16,12.94,USD
MU0129U00005,2025-01-16,356.51,USD
QQQ,2025-01-16,513.08,USD
SGLN.L,2025-01-16,4318,GBp
0639.HK,2025-01-17,2.44,HKD
0P00000YAN,2025-01-17,157.04,USD
BCHS.L,2025-01-17,9651,GBp
CNX1.L,2025-01-17,100716,GBp
DPYG.L,2025-01-17,4.8015,GBP
EWQX.L,2025-01-17,513,GBp
FLOS.L,2025-01-17,476.85,GBp
GB00B1FXTF86,2025-01-17,9.41,GBP
GHYS.L,2025-01-17,89.315,GBP
GRAB,2025-01-17,4.5,USD
IDTG.L,2025-01-17,2.95425,GBP
IE0008368742,2025-01-17,156.47,USD
IE00B0M63516,2025-01-17,19.61,USD
IGLS.L,2025-01-17,125.21,GBP
IGWD.L,2025-01-17,10281,GBp
INXG.L,2025-01-17,12.026,GBP
ISPE.L,2025-01-17,6.195,GBP
IUAG.L,2025-01-17,91.89,USD
IWDG.L,2025-01-17,979,GBp
JFM0003373,2025-01-17,157.04,USD
KNSL,2025-01-17,436.34,USD
LU0164881194,2025-01-17,304.89,USD
LU0196696453,2025-01-17,13.04,USD
MU0129U00005,2025-01-17,354.29,USD
QQQ,2025-01-17,521.74,USD
SGLN.L,2025-01-17,4328,GBp
0639.HK,2025-01-20,2.44,HKD
BCHS.L,2025-01-20,9730.5,GBp
CNX1.L,2025-01-20,100275,GBp
DPYG.L,2025-01-20,4.80625,GBP
EWQX.L,2025-01-20,509.05,GBp
FLOS.L,2025-01-20,476.925,GBp
GB00B1FXTF86,2025-01-20,9.46,GBP
GHYS.L,2025-01-20,89.42,GBP
IDTG.L,2025-01-20,2.9575,GBP
IE0008368742,2025-01-20,159.07,USD
IE00B0M63516,2025-01-20,19.65,USD
IGLS.L,2025-01-20,125.25,GBP
IGWD.L,2025-01-20,10306,GBp
INXG.L,2025-01-20,11.988,GBP
ISPE.L,2025-01-20,6.1975,GBP
IUAG.L,2025-01-20,91.985,USD
IWDG.L,2025-01-20,981.75,GBp
LU0164881194,2025-01-20,305.18,USD
LU0196696453,2025-01-20,13.07,USD
MU0129U00005,2025-01-20,356.29,USD
SGLN.L,2025-01-20,4274,GBp
0639.HK,2025-01-21,2.37,HKD
0P00000YAN,2025-01-21,158.29,USD
BCHS.L,2025-01-21,9315.5,GBp
CNX1.L,2025-01-21,99708,GBp
DPYG.L,2025-01-21,4.838,GBP
EWQX.L,2025-01-21,510.05,GBp
FLOS.L,2025-01-21,477.15,GBp
GB00B1FXTF86,2025-01-21,9.31,GBP
GHYS.L,2025-01-21,89.39,GBP
GRAB,2025-01-21,4.61,USD
IDTG.L,2025-01-21,2.97725,GBP
IE0008368742,2025-01-21,160.51,USD
IE00B0M63516,2025-01-21,19.73,USD
IGLS.L,2025-01-21,125.375,GBP
IGWD.L,2025-01-21,10325,GBp
INXG.L,2025-01-21,12.053,GBP
ISPE.L,2025-01-21,6.251,GBP
IUAG.L,2025-01-21,91.92,USD
IWDG.L,2025-01-21,983.25,GBp
JFM0003373,2025-01-21,158.29,USD
KNSL,2025-01-21,439.15,USD
LU0164881194,2025-01-21,298.55,USD
LU0196696453,2025-01-21,13.12,USD
MU0129U00005,2025-01-21,350.92,USD
QQQ,2025-01-21,524.8,USD
SGLN.L,2025-01-21,4324,GBp
0639.HK,2025-01-22,2.4,HKD
0P00000YAN,2025-01-22,159.33,USD
BCHS.L,2025-01-22,9316.5,GBp
CNX1.L,2025-01-22,101709,GBp
DPYG.L,2025-01-22,4.81125,GBP
EWQX.L,2025-01-22,516.7,GBp
FLOS.L,2025-01-22,477.05,GBp
GB00B1FXTF86,2025-01-22,9.20,GBP
GHYS.L,2025-01-22,89.69,GBP
GRAB,2025-01-22,4.66,USD
IDTG.L,2025-01-22,2.96625,GBP
IE0008368742,2025-01-22,157.93,USD
IE00B0M63516,2025-01-22,20.07,USD
IGLS.L,2025-01-22,125.36,GBP
IGWD.L,2025-01-22,10426,GBp
INXG.L,2025-01-22,12.054,GBP
ISPE.L,2025-01-22,6.251,GBP
IUAG.L,2025-01-22,92.16,USD
IWDG.L,2025-01-22,992.25,GBp
JFM0003373,2025-01-22,159.33,USD
KNSL,2025-01-22,439.24,USD
LU0164881194,2025-01-22,298.90,USD
LU0196696453,2025-01-22,13.36,USD
MU0129U00005,2025-01-22,352.10,USD
QQQ,2025-01-22,531.51,USD
SGLN.L,2025-01-22,4354,GBp
0639.HK,2025-01-23,2.4,HKD
0P00000YAN,2025-01-23,158.72,USD
BCHS.L,2025-01-23,9545,GBp
CNX1.L,2025-01-23,101079,GBp
DPYG.L,2025-01-23,4.8035,GBP
EWQX.L,2025-01-23,511.65,GBp
FLOS.L,2025-01-23,477.225,GBp
GB00B1FXTF86,2025-01-23,9.29,GBP
GHYS.L,2025-01-23,89.42,GBP
GRAB,2025-01-23,4.64,USD
IDTG.L,2025-01-23,2.94775,GBP
IE0008368742,2025-01-23,157.22,USD
IE00B0M63516,2025-01-23,20.06,USD
IGLS.L,2025-01-23,125.4,GBP
IGWD.L,2025-01-23,10435,GBp
INXG.L,2025-01-23,12.084,GBP
ISPE.L,2025-01-23,6.2385,GBP
IUAG.L,2025-01-23,91.825,USD
IWDG.L,2025-01-23,993.375,GBp
JFM0003373,2025-01-23,158.72,USD
KNSL,2025-01-23,432.79,USD
LU0164881194,2025-01-23,301.84,USD
LU0196696453,2025-01-23,13.38,USD
MU0129U00005,2025-01-23,357.14,USD
QQQ,2025-01-23,532.64,USD
SGLN.L,2025-01-23,4333,GBp
0639.HK,2025-01-24,2.4,HKD
0P00000YAN,2025-01-24,159.45,USD
BCHS.L,2025-01-24,9581,GBp
CNX1.L,2025-01-24,100175.5,GBp
DPYG.L,2025-01-24,4.85025,GBP
EWQX.L,2025-01-24,507.65,GBp
FLOS.L,2025-01-24,477.375,GBp
GB00B1FXTF86,2025-01-24,9.02,GBP
GHYS.L,2025-01-24,89.43,GBP
GRAB,2025-01-24,4.57,USD
IDTG.L,2025-01-24,2.9525,GBP
IE0008368742,2025-01-24,159.96,USD
IE00B0M63516,2025-01-24,20.20,USD
IGLS.L,2025-01-24,125.41,GBP
IGWD.L,2025-01-24,10464,GBp
INXG.L,2025-01-24,12.054,GBP
ISPE.L,2025-01-24,6.269,GBP
IUAG.L,2025-01-24,92.09,USD
IWDG.L,2025-01-24,996.75,GBp
JFM0003373,2025-01-24,159.45,USD
KNSL,2025-01-24,432.64,USD
LU0164881194,2025-01-24,300.13,USD
LU0196696453,2025-01-24,13.47,USD
MU0129U00005,2025-01-24,354.32,USD
QQQ,2025-01-24,529.63,USD
SGLN.L,2025-01-24,4320,GBp
0639.HK,2025-01-27,2.43,HKD
0P00000YAN,2025-01-27,158.39,USD
BCHS.L,2025-01-27,8661,GBp
CNX1.L,2025-01-27,96593,GBp
DPYG.L,2025-01-27,4.843,GBP
EWQX.L,2025-01-27,499.075,GBp
FLOS.L,2025-01-27,477.375,GBp
GB00B1FXTF86,2025-01-27,8.78,GBP
GHYS.L,2025-01-27,89.49,GBP
GRAB,2025-01-27,4.44,USD
IDTG.L,2025-01-27,2.9855,GBP
IE0008368742,2025-01-27,160.11,USD
IE00B0M63516,2025-01-27,20.21,USD
IGLS.L,2025-01-27,125.565,GBP
IGWD.L,2025-01-27,10287,GBp
INXG.L,2025-01-27,12.089,GBP
ISPE.L,2025-01-27,6.2285,GBP
IUAG.L,2025-01-27,92.39,USD
IWDG.L,2025-01-27,979.25,GBp
JFM0003373,2025-01-27,158.39,USD
KNSL,2025-01-27,444.28,USD
LU0164881194,2025-01-27,294.65,USD
LU0196696453,2025-01-27,13.43,USD
MU0129U00005,2025-01-27,346.92,USD
QQQ,2025-01-27,514.21,USD
SGLN.L,2025-01-27,4268,GBp
0639.HK,2025-01-28,2.39,HKD
0P00000YAN,2025-01-28,158.41,USD
BCHS.L,2025-01-28,8634,GBp
CNX1.L,2025-01-28,97856.5,GBp
DPYG.L,2025-01-28,4.859,GBP
EWQX.L,2025-01-28,501.75,GBp
FLOS.L,2025-01-28,477.5,GBp
GB00B1FXTF86,2025-01-28,8.77,GBP
GHYS.L,2025-01-28,89.4,GBP
GRAB,2025-01-28,4.56,USD
IDTG.L,2025-01-28,2.974,GBP
IE0008368742,2025-01-28,160.30,USD
IE00B0M63516,2025-01-28,20.40,USD
IGLS.L,2025-01-28,125.51,GBP
IGWD.L,2025-01-28,10357,GBp
INXG.L,2025-01-28,12.048,GBP
ISPE.L,2025-01-28,6.2255,GBP
IUAG.L,2025-01-28,92.43,USD
IWDG.L,2025-01-28,986,GBp
JFM0003373,2025-01-28,158.41,USD
KNSL,2025-01-28,442.1,USD
LU0164881194,2025-01-28,295.77,USD
LU0196696453,2025-01-28,13.63,USD
MU0129U00005,2025-01-28,347.90,USD
QQQ,2025-01-28,521.81,USD
SGLN.L,2025-01-28,4307,GBp
BCHS.L,2025-01-29,8757.5,GBp
CNX1.L,2025-01-29,98265,GBp
DPYG.L,2025-01-29,4.8295,GBP
EWQX.L,2025-01-29,503.75,GBp
FLOS.L,2025-01-29,477.625,GBp
GB00B1FXTF86,2025-01-29,9.00,GBP
GHYS.L,2025-01-29,89.765,GBP
GRAB,2025-01-29,4.78,USD
IDTG.L,2025-01-29,2.98725,GBP
IE00B0M63516,2025-01-29,20.47,USD
IGLS.L,2025-01-29,125.58,GBP
IGWD.L,2025-01-29,10386,GBp
INXG.L,2025-01-29,12.05,GBP
ISPE.L,2025-01-29,6.232,GBP
IUAG.L,2025-01-29,92.385,USD
IWDG.L,2025-01-29,988.625,GBp
KNSL,2025-01-29,443.87,USD
LU0164881194,2025-01-29,300.81,USD
LU0196696453,2025-01-29,13.64,USD
QQQ,2025-01-29,520.83,USD
SGLN.L,2025-01-29,4300,GBp
BCHS.L,2025-01-30,9154.5,GBp
CNX1.L,2025-01-30,98306,GBp
DPYG.L,2025-01-30,4.8805,GBP
EWQX.L,2025-01-30,506.65,GBp
FLOS.L,2025-01-30,477.8,GBp
GB00B1FXTF86,2025-01-30,9.02,GBP
GHYS.L,2025-01-30,89.77,GBP
GRAB,2025-01-30,4.64,USD
IDTG.L,2025-01-30,2.99,GBP
IE00B0M63516,2025-01-30,20.90,USD
IGLS.L,2025-01-30,125.78,GBP
IGWD.L,2025-01-30,10413,GBp
INXG.L,2025-01-30,12.122,GBP
ISPE.L,2025-01-30,6.266,GBP
IUAG.L,2025-01-30,92.5,USD
IWDG.L,2025-01-30,991.75,GBp
KNSL,2025-01-30,440.23,USD
LU0164881194,2025-01-30,301.06,USD
LU0196696453,2025-01-30,13.84,USD
QQQ,2025-01-30,523.05,USD
SGLN.L,2025-01-30,4354,GBp
BCHS.L,2025-01-31,9325.5,GBp
CNX1.L,2025-01-31,100295.5,GBp
DPYG.L,2025-01-31,4.8825,GBP
EWQX.L,2025-01-31,515.5,GBp
FLOS.L,2025-01-31,477.925,GBp
GB00B1FXTF86,2025-01-31,9.14,GBP
GHYS.L,2025-01-31,90.13,GBP
GRAB,2025-01-31,4.58,USD
IDTG.L,2025-01-31,2.99675,GBP
IE00B0M63516,2025-01-31,21.16,USD
IGLS.L,2025-01-31,125.67,GBP
IGWD.L,2025-01-31,10489.5,GBp
INXG.L,2025-01-31,12.136,GBP
ISPE.L,2025-01-31,6.279,GBP
IUAG.L,2025-01-31,92.52,USD
IWDG.L,2025-01-31,999.75,GBp
KNSL,2025-01-31,441.94,USD
LU0164881194,2025-01-31,303.64,USD
LU0196696453,2025-01-31,14.04,USD
QQQ,2025-01-31,522.29,USD
SGLN.L,2025-01-31,4388,GBp
0639.HK,2025-02-03,2.37,HKD
0P00000YAN,2025-02-03,156.49,USD
BCHS.L,2025-02-03,8953.5,GBp
CNX1.L,2025-02-03,98235,GBp
DPYG.L,2025-02-03,4.842,GBP
EWQX.L,2025-02-03,507.8,GBp
FLOS.L,2025-02-03,477.95,GBp
GB00B1FXTF86,2025-02-03,9.04,GBP
GHYS.L,2025-02-03,89.97,GBP
GRAB,2025-02-03,4.54,USD
IDTG.L,2025-02-03,3.005,GBP
IE00B0M63516,2025-02-03,20.98,USD
IGLS.L,2025-02-03,126.01,GBP
IGWD.L,2025-02-03,10324,GBp
INXG.L,2025-02-03,12.203,GBP
ISPE.L,2025-02-03,6.1955,GBP
IUAG.L,2025-02-03,92.59,USD
IWDG.L,2025-02-03,982.75,GBp
JFM0003373,2025-02-03,156.49,USD
KNSL,2025-02-03,450.33,USD
LU0164881194,2025-02-03,302.52,USD
LU0196696453,2025-02-03,13.98,USD
MU0129U00005,2025-02-03,353.34,USD
QQQ,2025-02-03,518.11,USD
SGLN.L,2025-02-03,4417,GBp
0639.HK,2025-02-04,2.38,HKD
0P00000YAN,2025-02-04,157.97,USD
BCHS.L,2025-02-04,9093,GBp
CNX1.L,2025-02-04,98827.5,GBp
DPYG.L,2025-02-04,4.8445,GBP
EWQX.L,2025-02-04,508.45,GBp
FLOS.L,2025-02-04,477.925,GBp
GB00B1FXTF86,2025-02-04,8.99,GBP
GHYS.L,2025-02-04,90.09,GBP
GRAB,2025-02-04,5.11,USD
IDTG.L,2025-02-04,2.991,GBP
IE0008368742,2025-02-04,162.74,USD
IE00B0M63516,2025-02-04,21.17,USD
IGLS.L,2025-02-04,125.93,GBP
IGWD.L,2025-02-04,10381,GBp
INXG.L,2025-02-04,12.13,GBP
ISPE.L,2025-02-04,6.206,GBP
IUAG.L,2025-02-04,92.48,USD
IWDG.L,2025-02-04,988.5,GBp
JFM0003373,2025-02-04,157.97,USD
KNSL,2025-02-04,457.29,USD
LU0164881194,2025-02-04,307.24,USD
LU0196696453,2025-02-04,14.06,USD
MU0129U00005,2025-02-04,358.05,USD
QQQ,2025-02-04,524.47,USD
SGLN.L,2025-02-04,4423,GBp
0639.HK,2025-02-05,2.4,HKD
0P00000YAN,2025-02-05,157.86,USD
BCHS.L,2025-02-05,9022.5,GBp
CNX1.L,2025-02-05,98327,GBp
DPYG.L,2025-02-05,4.8825,GBP
EWQX.L,2025-02-05,507.95,GBp
FLOS.L,2025-02-05,478.2,GBp
GB00B1FXTF86,2025-02-05,8.89,GBP
GHYS.L,2025-02-05,90.105,GBP
GRAB,2025-02-05,4.56,USD
IDTG.L,2025-02-05,3.052,GBP
IE0008368742,2025-02-05,160.48,USD
IE00B0M63516,2025-02-05,21.01,USD
IGLS.L,2025-02-05,126.13,GBP
IGWD.L,2025-02-05,10369,GBp
INXG.L,2025-02-05,12.292,GBP
ISPE.L,2025-02-05,6.207,GBP
IUAG.L,2025-02-05,93.09,USD
IWDG.L,2025-02-05,988.5,GBp
JFM0003373,2025-02-05,157.86,USD
KNSL,2025-02-05,485.01,USD
LU0164881194,2025-02-05,305.71,USD
LU0196696453,2025-02-05,13.96,USD
MU0129U00005,2025-02-05,357.37,USD
QQQ,2025-02-05,526.85,USD
SGLN.L,2025-02-05,4453,GBp
0639.HK,2025-02-06,2.4,HKD
0P00000YAN,2025-02-06,156.09,USD
BCHS.L,2025-02-06,9205,GBp
CNX1.L,2025-02-06,99740,GBp
DPYG.L,2025-02-06,4.9005,GBP
EWQX.L,2025-02-06,515.55,GBp
FLOS.L,2025-02-06,478.6,GBp
GB00B1FXTF86,2025-02-06,8.97,GBP
GHYS.L,2025-02-06,90.15,GBP
GRAB,2025-02-06,4.67,USD
IDTG.L,2025-02-06,3.0555,GBP
IE0008368742,2025-02-06,162.23,USD
IE00B0M63516,2025-02-06,21.16,USD
IGLS.L,2025-02-06,126.08,GBP
IGWD.L,2025-02-06,10455,GBp
INXG.L,2025-02-06,12.25,GBP
ISPE.L,2025-02-06,6.229,GBP
IUAG.L,2025-02-06,93.09,USD
IWDG.L,2025-02-06,996,GBp
JFM0003373,2025-02-06,156.09,USD
KNSL,2025-02-06,494.72,USD
LU0164881194,2025-02-06,302.58,USD
LU0196696453,2025-02-06,14.03,USD
MU0129U00005,2025-02-06,354.70,USD
QQQ,2025-02-06,529.6,USD
SGLN.L,2025-02-06,4455,GBp
0639.HK,2025-02-07,2.39,HKD
0P00000YAN,2025-02-07,158.2,USD
BCHS.L,2025-02-07,9238,GBp
CNX1.L,2025-02-07,99451.5,GBp
DPYG.L,2025-02-07,4.87625,GBP
EWQX.L,2025-02-07,514.85,GBp
FLOS.L,2025-02-07,478.525,GBp
GB00B1FXTF86,2025-02-07,8.96,GBP
GHYS.L,2025-02-07,89.985,GBP
GRAB,2025-02-07,4.79,USD
IDTG.L,2025-02-07,3.03675,GBP
IE0008368742,2025-02-07,164.66,USD
IE00B0M63516,2025-02-07,21.06,USD
IGLS.L,2025-02-07,126.08,GBP
IGWD.L,2025-02-07,10396,GBp
INXG.L,2025-02-07,12.212,GBP
ISPE.L,2025-02-07,6.1955,GBP
IUAG.L,2025-02-07,92.86,USD
IWDG.L,2025-02-07,990.75,GBp
JFM0003373,2025-02-07,158.2,USD
KNSL,2025-02-07,489.53,USD
LU0164881194,2025-02-07,302.22,USD
LU0196696453,2025-02-07,14.06,USD
MU0129U00005,2025-02-07,354.80,USD
QQQ,2025-02-07,522.92,USD
SGLN.L,2025-02-07,4491,GBp
0639.HK,2025-02-10,2.4,HKD
0P00000YAN,2025-02-10,156.93,USD
BCHS.L,2025-02-10,9351,GBp
CNX1.L,2025-02-10,100472,GBp
DPYG.L,2025-02-10,4.8785,GBP
EWQX.L,2025-02-10,517.75,GBp
FLOS.L,2025-02-10,478.35,GBp
GB00B1FXTF86,2025-02-10,8.84,GBP
GHYS.L,2025-02-10,90.29,GBP
GRAB,2025-02-10,4.78,USD
IDTG.L,2025-02-10,3.035,GBP
IE0008368742,2025-02-10,165.66,USD
IE00B0M63516,2025-02-10,21.19,USD
IGLS.L,2025-02-10,126.185,GBP
IGWD.L,2025-02-10,10438,GBp
INXG.L,2025-02-10,12.231,GBP
ISPE.L,2025-02-10,6.1845,GBP
IUAG.L,2025-02-10,92.66,USD
IWDG.L,2025-02-10,994,GBp
JFM0003373,2025-02-10,156.93,USD
KNSL,2025-02-10,484.25,USD
LU0164881194,2025-02-10,298.40,USD
LU0196696453,2025-02-10,14.11,USD
MU0129U00005,2025-02-10,350.74,USD
QQQ,2025-02-10,529.25,USD
SGLN.L,2025-02-10,4560,GBp
0639.HK,2025-02-11,2.39,HKD
0P00000YAN,2025-02-11,156.65,USD
BCHS.L,2025-02-11,9245,GBp
CNX1.L,2025-02-11,100054.5,GBp
DPYG.L,2025-02-11,4.889,GBP
EWQX.L,2025-02-11,516.45,GBp
FLOS.L,2025-02-11,478.2,GBp
GB00B1FXTF86,2025-02-11,8.78,GBP
GHYS.L,2025-02-11,90.22,GBP
GRAB,2025-02-11,4.78,USD
IDTG.L,2025-02-11,3.01175,GBP
IE0008368742,2025-02-11,163.90,USD
IE00B0M63516,2025-02-11,21.33,USD
IGLS.L,2025-02-11,126.07,GBP
IGWD.L,2025-02-11,10442,GBp
INXG.L,2025-02-11,12.199,GBP
ISPE.L,2025-02-11,6.192,GBP
IUAG.L,2025-02-11,92.59,USD
IWDG.L,2025-02-11,994.75,GBp
JFM0003373,2025-02-11,156.65,USD
KNSL,2025-02-11,479.15,USD
LU0164881194,2025-02-11,293.47,USD
LU0196696453,2025-02-11,14.21,USD
MU0129U00005,2025-02-11,346.11,USD
QQQ,2025-02-11,527.99,USD
SGLN.L,2025-02-11,4546,GBp
0639.HK,2025-02-12,2.37,HKD
0P00000YAN,2025-02-12,157.78,USD
BCHS.L,2025-02-12,9091.5,GBp
CNX1.L,2025-02-12,99427,GBp
DPYG.L,2025-02-12,4.863,GBP
EWQX.L,2025-02-12,513.25,GBp
FLOS.L,2025-02-12,478.5,GBp
GB00B1FXTF86,2025-02-12,8.68,GBP
GHYS.L,2025-02-12,90.06,GBP
GRAB,2025-02-12,5,USD
IDTG.L,2025-02-12,2.965,GBP
IE0008368742,2025-02-12,165.62,USD
IE00B0M63516,2025-02-12,20.93,USD
IGLS.L,2025-02-12,126.1,GBP
IGWD.L,2025-02-12,10402,GBp
INXG.L,2025-02-12,12.106,GBP
ISPE.L,2025-02-12,6.142,GBP
IUAG.L,2025-02-12,91.865,USD
IWDG.L,2025-02-12,990.5,GBp
JFM0003373,2025-02-12,157.78,USD
KNSL,2025-02-12,476.67,USD
LU0164881194,2025-02-12,293.62,USD
LU0196696453,2025-02-12,14.00,USD
MU0129U00005,2025-02-12,346.49,USD
QQQ,2025-02-12,528.3,USD
SGLN.L,2025-02-12,4530,GBp
0639.HK,2025-02-13,2.33,HKD
0P00000YAN,2025-02-13,158.35,USD
BCHS.L,2025-02-13,9185,GBp
CNX1.L,2025-02-13,99996,GBp
DPYG.L,2025-02-13,4.874,GBP
EWQX.L,2025-02-13,514.65,GBp
FLOS.L,2025-02-13,478.65,GBp
GB00B1FXTF86,2025-02-13,8.64,GBP
GHYS.L,2025-02-13,90.35,GBP
GRAB,2025-02-13,4.96,USD
IDTG.L,2025-02-13,3.00725,GBP
IE0008368742,2025-02-13,165.67,USD
IE00B0M63516,2025-02-13,21.00,USD
IGLS.L,2025-02-13,126.11,GBP
IGWD.L,2025-02-13,10508,GBp
INXG.L,2025-02-13,12.202,GBP
ISPE.L,2025-02-13,6.1895,GBP
IUAG.L,2025-02-13,92.46,USD
IWDG.L,2025-02-13,1000.25,GBp
JFM0003373,2025-02-13,158.35,USD
KNSL,2025-02-13,487.11,USD
LU0164881194,2025-02-13,295.39,USD
LU0196696453,2025-02-13,14.02,USD
MU0129U00005,2025-02-13,347.71,USD
QQQ,2025-02-13,535.9,USD
SGLN.L,2025-02-13,4521,GBp
0639.HK,2025-02-14,2.39,HKD
0P00000YAN,2025-02-14,159.21,USD
BCHS.L,2025-02-14,9138,GBp
CNX1.L,2025-02-14,100001,GBp
DPYG.L,2025-02-14,4.891,GBP
EWQX.L,2025-02-14,515.6,GBp
FLOS.L,2025-02-14,478.925,GBp
GB00B1FXTF86,2025-02-14,8.43,GBP
GHYS.L,2025-02-14,90.3,GBP
GRAB,2025-02-14,4.9,USD
IDTG.L,2025-02-14,3.04625,GBP
IE0008368742,2025-02-14,171.02,USD
IE00B0M63516,2025-02-14,21.47,USD
IGLS.L,2025-02-14,126.13,GBP
IGWD.L,2025-02-14,10533,GBp
INXG.L,2025-02-14,12.167,GBP
ISPE.L,2025-02-14,6.229,GBP
IUAG.L,2025-02-14,93.12,USD
IWDG.L,2025-02-14,1003.5,GBp
JFM0003373,2025-02-14,159.21,USD
KNSL,2025-02-14,449.34,USD
LU0164881194,2025-02-14,291.74,USD
LU0196696453,2025-02-14,14.35,USD
MU0129U00005,2025-02-14,345.01,USD
QQQ,2025-02-14,538.15,USD
SGLN.L,2025-02-14,4458.5,GBp
0639.HK,2025-02-17,2.39,HKD
BCHS.L,2025-02-17,9162.5,GBp
CNX1.L,2025-02-17,100517.5,GBp
DPYG.L,2025-02-17,4.888,GBP
EWQX.L,2025-02-17,518.1,GBp
FLOS.L,2025-02-17,478.65,GBp
GB00B1FXTF86,2025-02-17,8.39,GBP
GHYS.L,2025-02-17,90.395,GBP
IDTG.L,2025-02-17,3.0285,GBP
IE0008368742,2025-02-17,170.38,USD
IE00B0M63516,2025-02-17,21.86,USD
IGLS.L,2025-02-17,126.15,GBP
IGWD.L,2025-02-17,10559,GBp
INXG.L,2025-02-17,12.111,GBP
ISPE.L,2025-02-17,6.224,GBP
IUAG.L,2025-02-17,92.875,USD
IWDG.L,2025-02-17,1006.25,GBp
LU0164881194,2025-02-17,291.45,USD
LU0196696453,2025-02-17,14.61,USD
MU0129U00005,2025-02-17,344.21,USD
SGLN.L,2025-02-17,4464,GBp
0639.HK,2025-02-18,2.37,HKD
0P00000YAN,2025-02-18,161.52,USD
BCHS.L,2025-02-18,9151.5,GBp
CNX1.L,2025-02-18,100313.5,GBp
DPYG.L,2025-02-18,4.884,GBP
EWQX.L,2025-02-18,518.5,GBp
FLOS.L,2025-02-18,478.8,GBp
GB00B1FXTF86,2025-02-18,8.37,GBP
GHYS.L,2025-02-18,90.365,GBP
GRAB,2025-02-18,5.3,USD
IDTG.L,2025-02-18,3.0155,GBP
IE0008368742,2025-02-18,171.02,USD
IE00B0M63516,2025-02-18,21.95,USD
IGLS.L,2025-02-18,126.06,GBP
IGWD.L,2025-02-18,10553,GBp
INXG.L,2025-02-18,12.056,GBP
ISPE.L,2025-02-18,6.2445,GBP
IUAG.L,2025-02-18,92.65,USD
IWDG.L,2025-02-18,1005.5,GBp
JFM0003373,2025-02-18,161.52,USD
KNSL,2025-02-18,442.17,USD
LU0164881194,2025-02-18,290.55,USD
LU0196696453,2025-02-18,14.63,USD
MU0129U00005,2025-02-18,343.32,USD
QQQ,2025-02-18,539.37,USD
SGLN.L,2025-02-18,4513,GBp
0639.HK,2025-02-19,2.35,HKD
0P00000YAN,2025-02-19,160.37,USD
BCHS.L,2025-02-19,9220,GBp
CNX1.L,2025-02-19,100724.5,GBp
DPYG.L,2025-02-19,4.868,GBP
EWQX.L,2025-02-19,521.6,GBp
FLOS.L,2025-02-19,478.8,GBp
GB00B1FXTF86,2025-02-19,8.43,GBP
GHYS.L,2025-02-19,90.06,GBP
GRAB,2025-02-19,5.34,USD
IDTG.L,2025-02-19,3.0005,GBP
IE0008368742,2025-02-19,171.94,USD
IE00B0M63516,2025-02-19,21.67,USD
IGLS.L,2025-02-19,125.93,GBP
IGWD.L,2025-02-19,10547,GBp
INXG.L,2025-02-19,11.975,GBP
ISPE.L,2025-02-19,6.2565,GBP
IUAG.L,2025-02-19,92.55,USD
IWDG.L,2025-02-19,1004,GBp
JFM0003373,2025-02-19,160.37,USD
KNSL,2025-02-19,440.32,USD
LU0164881194,2025-02-19,292.72,USD
LU0196696453,2025-02-19,14.46,USD
MU0129U00005,2025-02-19,343.90,USD
QQQ,2025-02-19,539.52,USD
SGLN.L,2025-02-19,4517,GBp
0639.HK,2025-02-20,2.36,HKD
0P00000YAN,2025-02-20,159.59,USD
BCHS.L,2025-02-20,8995,GBp
CNX1.L,2025-02-20,99549,GBp
DPYG.L,2025-02-20,4.88475,GBP
EWQX.L,2025-02-20,514.2,GBp
FLOS.L,2025-02-20,479.1,GBp
GB00B1FXTF86,2025-02-20,8.52,GBP
GHYS.L,2025-02-20,90.28,GBP
GRAB,2025-02-20,4.785,USD
IDTG.L,2025-02-20,3.02,GBP
IE0008368742,2025-02-20,170.41,USD
IE00B0M63516,2025-02-20,21.62,USD
IGLS.L,2025-02-20,126.04,GBP
IGWD.L,2025-02-20,10483,GBp
INXG.L,2025-02-20,11.983,GBP
ISPE.L,2025-02-20,6.224,GBP
IUAG.L,2025-02-20,92.92,USD
IWDG.L,2025-02-20,999.125,GBp
JFM0003373,2025-02-20,159.59,USD
KNSL,2025-02-20,441.44,USD
LU0164881194,2025-02-20,295.02,USD
LU0196696453,2025-02-20,14.43,USD
MU0129U00005,2025-02-20,346.05,USD
QQQ,2025-02-20,537.23,USD
SGLN.L,2025-02-20,4528,GBp
0639.HK,2025-02-21,2.31,HKD
0P00000YAN,2025-02-21,159.38,USD
BCHS.L,2025-02-21,8978.5,GBp
CNX1.L,2025-02-21,99205.5,GBp
DPYG.L,2025-02-21,4.88025,GBP
EWQX.L,2025-02-21,512.35,GBp
FLOS.L,2025-02-21,479.4,GBp
GB00B1FXTF86,2025-02-21,8.34,GBP
GHYS.L,2025-02-21,90.415,GBP
GRAB,2025-02-21,4.9,USD
IDTG.L,2025-02-21,3.0365,GBP
IE0008368742,2025-02-21,173.90,USD
IE00B0M63516,2025-02-21,21.21,USD
IGLS.L,2025-02-21,125.99,GBP
IGWD.L,2025-02-21,10483,GBp
INXG.L,2025-02-21,12.018,GBP
ISPE.L,2025-02-21,6.223,GBP
IUAG.L,2025-02-21,93.18,USD
IWDG.L,2025-02-21,998.25,GBp
JFM0003373,2025-02-21,159.38,USD
KNSL,2025-02-21,428.53,USD
LU0164881194,2025-02-21,292.48,USD
LU0196696453,2025-02-21,14.20,USD
MU0129U00005,2025-02-21,342.20,USD
QQQ,2025-02-21,526.08,USD
SGLN.L,2025-02-21,4513,GBp
0639.HK,2025-02-24,2.3,HKD
0P00000YAN,2025-02-24,158.59,USD
BCHS.L,2025-02-24,8513,GBp
CNX1.L,2025-02-24,97471,GBp
DPYG.L,2025-02-24,4.892,GBP
EWQX.L,2025-02-24,505.55,GBp
FLOS.L,2025-02-24,479.1,GBp
GB00B1FXTF86,2025-02-24,8.30,GBP
GHYS.L,2025-02-24,90.22,GBP
GRAB,2025-02-24,4.82,USD
IDTG.L,2025-02-24,3.05025,GBP
IE0008368742,2025-02-24,173.96,USD
IE00B0M63516,2025-02-24,21.01,USD
IGLS.L,2025-02-24,126.15,GBP
IGWD.L,2025-02-24,10373.5,GBp
INXG.L,2025-02-24,12.032,GBP
ISPE.L,2025-02-24,6.1935,GBP
IUAG.L,2025-02-24,93.34,USD
IWDG.L,2025-02-24,988.25,GBp
JFM0003373,2025-02-24,158.59,USD
KNSL,2025-02-24,427.16,USD
LU0164881194,2025-02-24,289.59,USD
LU0196696453,2025-02-24,14.11,USD
MU0129U00005,2025-02-24,339.41,USD
QQQ,2025-02-24,519.87,USD
SGLN.L,2025-02-24,4522,GBp
0639.HK,2025-02-25,2.32,HKD
0P00000YAN,2025-02-25,156.21,USD
BCHS.L,2025-02-25,8012,GBp
CNX1.L,2025-02-25,94834,GBp
DPYG.L,2025-02-25,4.9115,GBP
EWQX.L,2025-02-25,495.75,GBp
FLOS.L,2025-02-25,479.475,GBp
GB00B1FXTF86,2025-02-25,8.22,GBP
GHYS.L,2025-02-25,90.435,GBP
GRAB,2025-02-25,4.56,USD
IDTG.L,2025-02-25,3.102,GBP
IE0008368742,2025-02-25,169.81,USD
IE00B0M63516,2025-02-25,20.89,USD
IGLS.L,2025-02-25,126.35,GBP
IGWD.L,2025-02-25,10252,GBp
INXG.L,2025-02-25,12.1,GBP
ISPE.L,2025-02-25,6.1625,GBP
IUAG.L,2025-02-25,93.9,USD
IWDG.L,2025-02-25,976.375,GBp
JFM0003373,2025-02-25,156.21,USD
KNSL,2025-02-25,423.32,USD
LU0164881194,2025-02-25,285.69,USD
LU0196696453,2025-02-25,14.01,USD
MU0129U00005,2025-02-25,337.10,USD
QQQ,2025-02-25,513.32,USD
SGLN.L,2025-02-25,4448,GBp
0639.HK,2025-02-26,2.37,HKD
0P00000YAN,2025-02-26,157.87,USD
BCHS.L,2025-02-26,8057.5,GBp
CNX1.L,2025-02-26,96025,GBp
DPYG.L,2025-02-26,4.9305,GBP
EWQX.L,2025-02-26,500.075,GBp
FLOS.L,2025-02-26,479.55,GBp
GHYS.L,2025-02-26,90.62,GBP
GRAB,2025-02-26,4.87,USD
IDTG.L,2025-02-26,3.10825,GBP
IE0008368742,2025-02-26,174.01,USD
IE00B0M63516,2025-02-26,20.82,USD
IGLS.L,2025-02-26,126.33,GBP
IGWD.L,2025-02-26,10389,GBp
INXG.L,2025-02-26,12.088,GBP
ISPE.L,2025-02-26,6.2195,GBP
IUAG.L,2025-02-26,93.88,USD
IWDG.L,2025-02-26,989.5,GBp
JFM0003373,2025-02-26,157.87,USD
KNSL,2025-02-26,416.84,USD
LU0196696453,2025-02-26,13.91,USD
QQQ,2025-02-26,514.56,USD
SGLN.L,2025-02-26,4456,GBp
0639.HK,2025-02-27,2.4,HKD
0P00000YAN,2025-02-27,156.05,USD
BCHS.L,2025-02-27,7989.5,GBp
CNX1.L,2025-02-27,95185.5,GBp
DPYG.L,2025-02-27,4.93925,GBP
EWQX.L,2025-02-27,497.75,GBp
FLOS.L,2025-02-27,479.85,GBp
GB00B1FXTF86,2025-02-27,8.13,GBP
GHYS.L,2025-02-27,90.9,GBP
GRAB,2025-02-27,4.83,USD
IDTG.L,2025-02-27,3.1085,GBP
IE0008368742,2025-02-27,175.22,USD
IE00B0M63516,2025-02-27,20.45,USD
IGLS.L,2025-02-27,126.29,GBP
IGWD.L,2025-02-27,10317,GBp
INXG.L,2025-02-27,12.079,GBP
ISPE.L,2025-02-27,6.1795,GBP
IUAG.L,2025-02-27,93.92,USD
IWDG.L,2025-02-27,983,GBp
JFM0003373,2025-02-27,156.05,USD
KNSL,2025-02-27,428.07,USD
LU0164881194,2025-02-27,285.56,USD
LU0196696453,2025-02-27,13.77,USD
MU0129U00005,2025-02-27,335.66,USD
QQQ,2025-02-27,500.27,USD
SGLN.L,2025-02-27,4423,GBp
0639.HK,2025-02-28,2.35,HKD
0P00000YAN,2025-02-28,153.76,USD
BCHS.L,2025-02-28,7731,GBp
CNX1.L,2025-02-28,93584,GBp
DPYG.L,2025-02-28,4.9425,GBP
EWQX.L,2025-02-28,491.5,GBp
FLOS.L,2025-02-28,479.8,GBp
GB00B1FXTF86,2025-02-28,7.98,GBP
GHYS.L,2025-02-28,90.72,GBP
GRAB,2025-02-28,4.85,USD
IDTG.L,2025-02-28,3.12175,GBP
IE0008368742,2025-02-28,169.72,USD
IE00B0M63516,2025-02-28,20.12,USD
IGLS.L,2025-02-28,126.42,GBP
IGWD.L,2025-02-28,10218,GBp
INXG.L,2025-02-28,12.076,GBP
ISPE.L,2025-02-28,6.14,GBP
IUAG.L,2025-02-28,94.13,USD
IWDG.L,2025-02-28,973.75,GBp
JFM0003373,2025-02-28,153.76,USD
KNSL,2025-02-28,431.85,USD
LU0164881194,2025-02-28,278.08,USD
LU0196696453,2025-02-28,13.60,USD
MU0129U00005,2025-02-28,327.40,USD
QQQ,2025-02-28,508.17,USD
SGLN.L,2025-02-28,4396,GBp
0639.HK,2025-03-03,2.29,HKD
0P00000YAN,2025-03-03,154.71,USD
BCHS.L,2025-03-03,7995,GBp
CNX1.L,2025-03-03,93820.5,GBp
DPYG.L,2025-03-03,4.9735,GBP
EWQX.L,2025-03-03,493.625,GBp
FLOS.L,2025-03-03,479.85,GBp
GB00B1FXTF86,2025-03-03,7.96,GBP
GHYS.L,2025-03-03,90.88,GBP
GRAB,2025-03-03,4.73,USD
IDTG.L,2025-03-03,3.146,GBP
IE0008368742,2025-03-03,170.10,USD
IE00B0M63516,2025-03-03,20.21,USD
IGLS.L,2025-03-03,126.35,GBP
IGWD.L,2025-03-03,10322,GBp
INXG.L,2025-03-03,12.005,GBP
ISPE.L,2025-03-03,6.188,GBP
IUAG.L,2025-03-03,94.4,USD
IWDG.L,2025-03-03,982.75,GBp
JFM0003373,2025-03-03,154.71,USD
KNSL,2025-03-03,430.59,USD
LU0164881194,2025-03-03,279.04,USD
MU0129U00005,2025-03-03,328.70,USD
QQQ,2025-03-03,497.05,USD
SGLN.L,2025-03-03,4418,GBp
0639.HK,2025-03-04,2.25,HKD
0P00000YAN,2025-03-04,155.28,USD
BCHS.L,2025-03-04,7389,GBp
CNX1.L,2025-03-04,90413.5,GBp
DPYG.L,2025-03-04,4.9145,GBP
EWQX.L,2025-03-04,477.075,GBp
FLOS.L,2025-03-04,479.65,GBp
GB00B1FXTF86,2025-03-04,7.94,GBP
GHYS.L,2025-03-04,90.395,GBP
GRAB,2025-03-04,4.69,USD
IDTG.L,2025-03-04,3.15225,GBP
IE0008368742,2025-03-04,171.05,USD
IE00B0M63516,2025-03-04,19.46,USD
IGLS.L,2025-03-04,126.495,GBP
IGWD.L,2025-03-04,10001,GBp
INXG.L,2025-03-04,12.042,GBP
ISPE.L,2025-03-04,6.007,GBP
IUAG.L,2025-03-04,94.72,USD
IWDG.L,2025-03-04,952,GBp
JFM0003373,2025-03-04,155.28,USD
KNSL,2025-03-04,433.14,USD
LU0164881194,2025-03-04,280.41,USD
MU0129U00005,2025-03-04,329.31,USD
QQQ,2025-03-04,495.55,USD
SGLN.L,2025-03-04,4447,GBp
0639.HK,2025-03-05,2.25,HKD
0P00000YAN,2025-03-05,159.11,USD
BCHS.L,2025-03-05,7682,GBp
CNX1.L,2025-03-05,90031.5,GBp
DPYG.L,2025-03-05,4.889,GBP
EWQX.L,2025-03-05,473.3,GBp
FLOS.L,2025-03-05,479.75,GBp
GB00B1FXTF86,2025-03-05,8.06,GBP
GHYS.L,2025-03-05,90.545,GBP
GRAB,2025-03-05,4.83,USD
IDTG.L,2025-03-05,3.106,GBP
IE0008368742,2025-03-05,173.95,USD
IE00B0M63516,2025-03-05,20.13,USD
IGLS.L,2025-03-05,126.175,GBP
IGWD.L,2025-03-05,10061,GBp
INXG.L,2025-03-05,11.88,GBP
ISPE.L,2025-03-05,6.0055,GBP
IUAG.L,2025-03-05,94.15,USD
IWDG.L,2025-03-05,956.5,GBp
JFM0003373,2025-03-05,159.11,USD
KNSL,2025-03-05,437.71,USD
LU0164881194,2025-03-05,284.79,USD
LU0196696453,2025-03-05,13.49,USD
MU0129U00005,2025-03-05,334.85,USD
QQQ,2025-03-05,502.01,USD
SGLN.L,2025-03-05,4423,GBp
0639.HK,2025-03-06,2.29,HKD
0P00000YAN,2025-03-06,158.2,USD
BCHS.L,2025-03-06,7774.5,GBp
CNX1.L,2025-03-06,90313,GBp
DPYG.L,2025-03-06,4.863,GBP
EWQX.L,2025-03-06,474.475,GBp
FLOS.L,2025-03-06,480.25,GBp
GB00B1FXTF86,2025-03-06,8.06,GBP
GHYS.L,2025-03-06,90.27,GBP
GRAB,2025-03-06,4.6,USD
IDTG.L,2025-03-06,3.0715,GBP
IE0008368742,2025-03-06,178.38,USD
IE00B0M63516,2025-03-06,20.32,USD
IGLS.L,2025-03-06,126.35,GBP
IGWD.L,2025-03-06,10142,GBp
INXG.L,2025-03-06,11.904,GBP
ISPE.L,2025-03-06,6.053,GBP
IUAG.L,2025-03-06,93.67,USD
IWDG.L,2025-03-06,963.75,GBp
JFM0003373,2025-03-06,158.2,USD
KNSL,2025-03-06,435.43,USD
LU0164881194,2025-03-06,286.76,USD
LU0196696453,2025-03-06,13.75,USD
MU0129U00005,2025-03-06,336.36,USD
QQQ,2025-03-06,488.2,USD
SGLN.L,2025-03-06,4391,GBp
0639.HK,2025-03-07,2.4,HKD
0P00000YAN,2025-03-07,158.37,USD
BCHS.L,2025-03-07,7462.5,GBp
CNX1.L,2025-03-07,87915.5,GBp
DPYG.L,2025-03-07,4.8165,GBP
EWQX.L,2025-03-07,463.35,GBp
FLOS.L,2025-03-07,479.975,GBp
GB00B1FXTF86,2025-03-07,8.11,GBP
GHYS.L,2025-03-07,90.18,GBP
GRAB,2025-03-07,4.59,USD
IDTG.L,2025-03-07,3.0995,GBP
IE0008368742,2025-03-07,179.05,USD
IE00B0M63516,2025-03-07,20.35,USD
IGLS.L,2025-03-07,126.385,GBP
IGWD.L,2025-03-07,9961,GBp
INXG.L,2025-03-07,11.922,GBP
ISPE.L,2025-03-07,5.9865,GBP
IUAG.L,2025-03-07,94.14,USD
IWDG.L,2025-03-07,947.25,GBp
JFM0003373,2025-03-07,158.37,USD
KNSL,2025-03-07,446.27,USD
LU0164881194,2025-03-07,286.35,USD
LU0196696453,2025-03-07,13.76,USD
MU0129U00005,2025-03-07,337.02,USD
QQQ,2025-03-07,491.79,USD
SGLN.L,2025-03-07,4388,GBp
0639.HK,2025-03-10,2.47,HKD
0P00000YAN,2025-03-10,155.93,USD
BCHS.L,2025-03-10,7222.5,GBp
CNX1.L,2025-03-10,86893,GBp
DPYG.L,2025-03-10,4.83225,GBP
EWQX.L,2025-03-10,462.7,GBp
FLOS.L,2025-03-10,480.225,GBp
GB00B1FXTF86,2025-03-10,7.95,GBP
GHYS.L,2025-03-10,90.06,GBP
GRAB,2025-03-10,4.12,USD
IDTG.L,2025-03-10,3.111,GBP
IE0008368742,2025-03-10,176.71,USD
IE00B0M63516,2025-03-10,20.21,USD
IGLS.L,2025-03-10,126.405,GBP
IGWD.L,2025-03-10,9886,GBp
INXG.L,2025-03-10,11.92,GBP
ISPE.L,2025-03-10,6.045,GBP
IUAG.L,2025-03-10,94.15,USD
IWDG.L,2025-03-10,939.25,GBp
JFM0003373,2025-03-10,155.93,USD
KNSL,2025-03-10,449.04,USD
LU0164881194,2025-03-10,282.12,USD
LU0196696453,2025-03-10,13.65,USD
MU0129U00005,2025-03-10,332.66,USD
QQQ,2025-03-10,472.73,USD
SGLN.L,2025-03-10,4371,GBp
0639.HK,2025-03-11,2.51,HKD
0P00000YAN,2025-03-11,154.36,USD
BCHS.L,2025-03-11,7158.5,GBp
CNX1.L,2025-03-11,85627.5,GBp
DPYG.L,2025-03-11,4.75975,GBP
EWQX.L,2025-03-11,452.725,GBp
FLOS.L,2025-03-11,480.275,GBp
GB00B1FXTF86,2025-03-11,8.01,GBP
GHYS.L,2025-03-11,89.965,GBP
GRAB,2025-03-11,4.31,USD
IDTG.L,2025-03-11,3.08775,GBP
IE0008368742,2025-03-11,177.26,USD
IE00B0M63516,2025-03-11,19.97,USD
IGLS.L,2025-03-11,126.42,GBP
IGWD.L,2025-03-11,9738.5,GBp
INXG.L,2025-03-11,11.802,GBP
ISPE.L,2025-03-11,5.91,GBP
IUAG.L,2025-03-11,94.02,USD
IWDG.L,2025-03-11,926.75,GBp
JFM0003373,2025-03-11,154.36,USD
KNSL,2025-03-11,454.45,USD
LU0164881194,2025-03-11,283.32,USD
LU0196696453,2025-03-11,13.46,USD
MU0129U00005,2025-03-11,334.14,USD
QQQ,2025-03-11,471.6,USD
SGLN.L,2025-03-11,4378,GBp
0639.HK,2025-03-12,2.5,HKD
0P00000YAN,2025-03-12,154.12,USD
BCHS.L,2025-03-12,7309,GBp
CNX1.L,2025-03-12,86724,GBp
DPYG.L,2025-03-12,4.767,GBP
EWQX.L,2025-03-12,454.525,GBp
FLOS.L,2025-03-12,480.3,GBp
GB00B1FXTF86,2025-03-12,7.95,GBP
GHYS.L,2025-03-12,89.945,GBP
GRAB,2025-03-12,4.22,USD
IDTG.L,2025-03-12,3.065,GBP
IE0008368742,2025-03-12,176.99,USD
IE00B0M63516,2025-03-12,20.07,USD
IGLS.L,2025-03-12,126.28,GBP
IGWD.L,2025-03-12,9836,GBp
INXG.L,2025-03-12,11.746,GBP
ISPE.L,2025-03-12,5.899,GBP
IUAG.L,2025-03-12,93.54,USD
IWDG.L,2025-03-12,935.375,GBp
JFM0003373,2025-03-12,154.12,USD
KNSL,2025-03-12,448.28,USD
LU0164881194,2025-03-12,282.43,USD
LU0196696453,2025-03-12,13.57,USD
MU0129U00005,2025-03-12,334.54,USD
QQQ,2025-03-12,476.92,USD
SGLN.L,2025-03-12,4399,GBp
0639.HK,2025-03-13,2.51,HKD
0P00000YAN,2025-03-13,153.63,USD
BCHS.L,2025-03-13,7232,GBp
CNX1.L,2025-03-13,85271.5,GBp
DPYG.L,2025-03-13,4.7235,GBP
EWQX.L,2025-03-13,448.6,GBp
FLOS.L,2025-03-13,480.375,GBp
GB00B1FXTF86,2025-03-13,7.96,GBP
GHYS.L,2025-03-13,89.675,GBP
GRAB,2025-03-13,4.26,USD
IDTG.L,2025-03-13,3.0665,GBP
IE0008368742,2025-03-13,174.61,USD
IE00B0M63516,2025-03-13,20.01,USD
IGLS.L,2025-03-13,126.45,GBP
IGWD.L,2025-03-13,9728,GBp
INXG.L,2025-03-13,11.84,GBP
ISPE.L,2025-03-13,5.839,GBP
IUAG.L,2025-03-13,93.72,USD
IWDG.L,2025-03-13,926.5,GBp
JFM0003373,2025-03-13,153.63,USD
KNSL,2025-03-13,439.28,USD
LU0164881194,2025-03-13,281.35,USD
LU0196696453,2025-03-13,13.78,USD
MU0129U00005,2025-03-13,333.44,USD
QQQ,2025-03-13,468.34,USD
SGLN.L,2025-03-13,4474,GBp
0639.HK,2025-03-14,2.5,HKD
0P00000YAN,2025-03-14,154.18,USD
BCHS.L,2025-03-14,7408,GBp
CNX1.L,2025-03-14,86853,GBp
DPYG.L,2025-03-14,4.735,GBP
EWQX.L,2025-03-14,456.425,GBp
FLOS.L,2025-03-14,480.35,GBp
GHYS.L,2025-03-14,89.775,GBP
GRAB,2025-03-14,4.4,USD
IDTG.L,2025-03-14,3.0845,GBP
IE0008368742,2025-03-14,179.26,USD
IE00B0M63516,2025-03-14,20.82,USD
IGLS.L,2025-03-14,126.5,GBP
IGWD.L,2025-03-14,9856,GBp
INXG.L,2025-03-14,11.867,GBP
ISPE.L,2025-03-14,5.9035,GBP
IUAG.L,2025-03-14,93.765,USD
IWDG.L,2025-03-14,937.75,GBp
JFM0003373,2025-03-14,154.18,USD
KNSL,2025-03-14,455.42,USD
LU0196696453,2025-03-14,14.36,USD
QQQ,2025-03-14,479.66,USD
SGLN.L,2025-03-14,4493,GBp
0639.HK,2025-03-17,2.56,HKD
0P00000YAN,2025-03-17,155,USD
BCHS.L,2025-03-17,7433,GBp
CNX1.L,2025-03-17,86631.5,GBp
DPYG.L,2025-03-17,4.813,GBP
EWQX.L,2025-03-17,459.875,GBp
FLOS.L,2025-03-17,480.35,GBp
GB00B1FXTF86,2025-03-17,8.03,GBP
GHYS.L,2025-03-17,90,GBP
GRAB,2025-03-17,4.45,USD
IDTG.L,2025-03-17,3.10375,GBP
IE00B0M63516,2025-03-17,21.32,USD
IGLS.L,2025-03-17,126.58,GBP
IGWD.L,2025-03-17,9925,GBp
INXG.L,2025-03-17,11.925,GBP
ISPE.L,2025-03-17,5.988,GBP
IUAG.L,2025-03-17,94.05,USD
IWDG.L,2025-03-17,945,GBp
JFM0003373,2025-03-17,155,USD
KNSL,2025-03-17,456.7,USD
LU0164881194,2025-03-17,284.78,USD
LU0196696453,2025-03-17,14.68,USD
MU0129U00005,2025-03-17,336.73,USD
QQQ,2025-03-17,482.77,USD
SGLN.L,2025-03-17,4480,GBp
0639.HK,2025-03-18,2.62,HKD
0P00000YAN,2025-03-18,154.1,USD
BCHS.L,2025-03-18,7354,GBp
CNX1.L,2025-03-18,85994.5,GBp
DPYG.L,2025-03-18,4.8055,GBP
EWQX.L,2025-03-18,457.65,GBp
FLOS.L,2025-03-18,480.425,GBp
GB00B1FXTF86,2025-03-18,8.23,GBP
GHYS.L,2025-03-18,90.4,GBP
GRAB,2025-03-18,4.6,USD
IDTG.L,2025-03-18,3.084,GBP
IE0008368742,2025-03-18,183.12,USD
IE00B0M63516,2025-03-18,21.43,USD
IGLS.L,2025-03-18,126.45,GBP
IGWD.L,2025-03-18,9898.5,GBp
INXG.L,2025-03-18,11.882,GBP
ISPE.L,2025-03-18,5.974,GBP
IUAG.L,2025-03-18,93.82,USD
IWDG.L,2025-03-18,942.5,GBp
JFM0003373,2025-03-18,154.1,USD
KNSL,2025-03-18,450.86,USD
LU0164881194,2025-03-18,291.65,USD
LU0196696453,2025-03-18,14.68,USD
MU0129U00005,2025-03-18,344.46,USD
QQQ,2025-03-18,474.54,USD
SGLN.L,2025-03-18,4539,GBp
0639.HK,2025-03-19,2.61,HKD
0P00000YAN,2025-03-19,154.54,USD
BCHS.L,2025-03-19,7448.5,GBp
CNX1.L,2025-03-19,86844,GBp
DPYG.L,2025-03-19,4.7995,GBP
EWQX.L,2025-03-19,462.05,GBp
FLOS.L,2025-03-19,480.45,GBp
GB00B1FXTF86,2025-03-19,8.30,GBP
GHYS.L,2025-03-19,90.5,GBP
GRAB,2025-03-19,4.71,USD
IDTG.L,2025-03-19,3.09075,GBP
IE0008368742,2025-03-19,183.39,USD
IE00B0M63516,2025-03-19,21.69,USD
IGLS.L,2025-03-19,126.54,GBP
IGWD.L,2025-03-19,9958,GBp
INXG.L,2025-03-19,11.937,GBP
ISPE.L,2025-03-19,6.004,GBP
IUAG.L,2025-03-19,93.85,USD
IWDG.L,2025-03-19,948.25,GBp
JFM0003373,2025-03-19,154.54,USD
KNSL,2025-03-19,451.4,USD
LU0164881194,2025-03-19,294.71,USD
LU0196696453,2025-03-19,14.90,USD
MU0129U00005,2025-03-19,347.13,USD
QQQ,2025-03-19,480.89,USD
SGLN.L,2025-03-19,4546,GBp
0639.HK,2025-03-20,2.65,HKD
0P00000YAN,2025-03-20,154.62,USD
BCHS.L,2025-03-20,7473,GBp
CNX1.L,2025-03-20,86981,GBp
DPYG.L,2025-03-20,4.8035,GBP
EWQX.L,2025-03-20,460.85,GBp
FLOS.L,2025-03-20,480.775,GBp
GB00B1FXTF86,2025-03-20,8.38,GBP
GHYS.L,2025-03-20,90.51,GBP
GRAB,2025-03-20,4.58,USD
IDTG.L,2025-03-20,3.11925,GBP
IE0008368742,2025-03-20,178.86,USD
IE00B0M63516,2025-03-20,21.43,USD
IGLS.L,2025-03-20,126.495,GBP
IGWD.L,2025-03-20,9961,GBp
INXG.L,2025-03-20,11.943,GBP
ISPE.L,2025-03-20,6.0075,GBP
IUAG.L,2025-03-20,94.37,USD
IWDG.L,2025-03-20,948.5,GBp
JFM0003373,2025-03-20,154.62,USD
KNSL,2025-03-20,459.02,USD
LU0164881194,2025-03-20,296.88,USD
LU0196696453,2025-03-20,14.75,USD
MU0129U00005,2025-03-20,348.67,USD
QQQ,2025-03-20,479.26,USD
SGLN.L,2025-03-20,4549,GBp
0639.HK,2025-03-21,2.63,HKD
0P00000YAN,2025-03-21,153.47,USD
BCHS.L,2025-03-21,7554.5,GBp
CNX1.L,2025-03-21,87106.5,GBp
DPYG.L,2025-03-21,4.769,GBP
EWQX.L,2025-03-21,461.25,GBp
FLOS.L,2025-03-21,481.1,GBp
GB00B1FXTF86,2025-03-21,8.46,GBP
GHYS.L,2025-03-21,90.1,GBP
GRAB,2025-03-21,4.64,USD
IDTG.L,2025-03-21,3.09325,GBP
IE0008368742,2025-03-21,175.76,USD
IE00B0M63516,2025-03-21,21.27,USD
IGLS.L,2025-03-21,126.425,GBP
IGWD.L,2025-03-21,9926,GBp
INXG.L,2025-03-21,11.764,GBP
ISPE.L,2025-03-21,5.956,GBP
IUAG.L,2025-03-21,94.11,USD
IWDG.L,2025-03-21,945,GBp
JFM0003373,2025-03-21,153.47,USD
KNSL,2025-03-21,470.04,USD
LU0164881194,2025-03-21,300.31,USD
LU0196696453,2025-03-21,14.58,USD
MU0129U00005,2025-03-21,351.54,USD
QQQ,2025-03-21,480.84,USD
SGLN.L,2025-03-21,4536,GBp
0639.HK,2025-03-24,2.62,HKD
0P00000YAN,2025-03-24,153.5,USD
BCHS.L,2025-03-24,7805,GBp
CNX1.L,2025-03-24,89257,GBp
DPYG.L,2025-03-24,4.8155,GBP
EWQX.L,2025-03-24,471.45,GBp
FLOS.L,2025-03-24,481.25,GBp
GB00B1FXTF86,2025-03-24,8.58,GBP
GHYS.L,2025-03-24,90.31,GBP
GRAB,2025-03-24,4.62,USD
IDTG.L,2025-03-24,3.0655,GBP
IE0008368742,2025-03-24,176.55,USD
IE00B0M63516,2025-03-24,21.29,USD
IGLS.L,2025-03-24,126.37,GBP
IGWD.L,2025-03-24,10072,GBp
INXG.L,2025-03-24,11.774,GBP
ISPE.L,2025-03-24,6.053,GBP
IUAG.L,2025-03-24,93.9,USD
IWDG.L,2025-03-24,959,GBp
JFM0003373,2025-03-24,153.5,USD
KNSL,2025-03-24,482.7,USD
LU0164881194,2025-03-24,303.24,USD
LU0196696453,2025-03-24,14.63,USD
MU0129U00005,2025-03-24,356.23,USD
QQQ,2025-03-24,490.66,USD
SGLN.L,2025-03-24,4532,GBp
0639.HK,2025-03-25,2.57,HKD
0P00000YAN,2025-03-25,154.43,USD
BCHS.L,2025-03-25,7767,GBp
CNX1.L,2025-03-25,89391,GBp
DPYG.L,2025-03-25,4.80175,GBP
EWQX.L,2025-03-25,470.375,GBp
FLOS.L,2025-03-25,481.05,GBp
GB00B1FXTF86,2025-03-25,8.49,GBP
GHYS.L,2025-03-25,90.495,GBP
GRAB,2025-03-25,4.54,USD
IDTG.L,2025-03-25,3.0635,GBP
IE0008368742,2025-03-25,174.43,USD
IE00B0M63516,2025-03-25,21.56,USD
IGLS.L,2025-03-25,126.42,GBP
IGWD.L,2025-03-25,10097,GBp
INXG.L,2025-03-25,11.731,GBP
ISPE.L,2025-03-25,6.043,GBP
IUAG.L,2025-03-25,93.97,USD
IWDG.L,2025-03-25,961.5,GBp
JFM0003373,2025-03-25,154.43,USD
KNSL,2025-03-25,486.08,USD
LU0164881194,2025-03-25,300.22,USD
LU0196696453,2025-03-25,14.81,USD
MU0129U00005,2025-03-25,354.65,USD
QQQ,2025-03-25,493.46,USD
SGLN.L,2025-03-25,4534,GBp
0639.HK,2025-03-26,2.6,HKD
0P00000YAN,2025-03-26,156.07,USD
BCHS.L,2025-03-26,7622,GBp
CNX1.L,2025-03-26,88817,GBp
DPYG.L,2025-03-26,4.802,GBP
EWQX.L,2025-03-26,469.4,GBp
FLOS.L,2025-03-26,481.35,GBp
GB00B1FXTF86,2025-03-26,8.47,GBP
GHYS.L,2025-03-26,90.235,GBP
GRAB,2025-03-26,4.78,USD
IDTG.L,2025-03-26,3.0415,GBP
IE0008368742,2025-03-26,175.41,USD
IE00B0M63516,2025-03-26,21.22,USD
IGLS.L,2025-03-26,126.4,GBP
IGWD.L,2025-03-26,10027.5,GBp
INXG.L,2025-03-26,11.803,GBP
ISPE.L,2025-03-26,6.039,GBP
IUAG.L,2025-03-26,93.74,USD
IWDG.L,2025-03-26,955.5,GBp
JFM0003373,2025-03-26,156.07,USD
KNSL,2025-03-26,480.41,USD
LU0164881194,2025-03-26,298.55,USD
LU0196696453,2025-03-26,14.55,USD
MU0129U00005,2025-03-26,352.39,USD
QQQ,2025-03-26,484.38,USD
SGLN.L,2025-03-26,4547,GBp
0639.HK,2025-03-27,2.61,HKD
0P00000YAN,2025-03-27,157.26,USD
BCHS.L,2025-03-27,7504,GBp
CNX1.L,2025-03-27,87830,GBp
DPYG.L,2025-03-27,4.8065,GBP
EWQX.L,2025-03-27,464.525,GBp
FLOS.L,2025-03-27,481.2,GBp
GB00B1FXTF86,2025-03-27,8.48,GBP
GHYS.L,2025-03-27,90.19,GBP
GRAB,2025-03-27,4.8,USD
IDTG.L,2025-03-27,3.02975,GBP
IE0008368742,2025-03-27,176.58,USD
IE00B0M63516,2025-03-27,21.38,USD
IGLS.L,2025-03-27,126.51,GBP
IGWD.L,2025-03-27,10005,GBp
INXG.L,2025-03-27,11.752,GBP
ISPE.L,2025-03-27,6.027,GBP
IUAG.L,2025-03-27,93.69,USD
IWDG.L,2025-03-27,952.5,GBp
JFM0003373,2025-03-27,157.26,USD
KNSL,2025-03-27,486.75,USD
LU0164881194,2025-03-27,300.63,USD
LU0196696453,2025-03-27,14.63,USD
MU0129U00005,2025-03-27,353.39,USD
QQQ,2025-03-27,481.62,USD
SGLN.L,2025-03-27,4578,GBp
0639.HK,2025-03-28,2.59,HKD
0P00000YAN,2025-03-28,156.13,USD
BCHS.L,2025-03-28,7153,GBp
CNX1.L,2025-03-28,85425,GBp
DPYG.L,2025-03-28,4.78,GBP
EWQX.L,2025-03-28,453.2,GBp
FLOS.L,2025-03-28,481.45,GBp
GB00B1FXTF86,2025-03-28,8.48,GBP
GHYS.L,2025-03-28,89.88,GBP
GRAB,2025-03-28,4.57,USD
IDTG.L,2025-03-28,3.0735,GBP
IE0008368742,2025-03-28,175.14,USD
IE00B0M63516,2025-03-28,20.85,USD
IGLS.L,2025-03-28,126.6,GBP
IGWD.L,2025-03-28,9830,GBp
INXG.L,2025-03-28,11.808,GBP
ISPE.L,2025-03-28,5.935,GBP
IUAG.L,2025-03-28,94.08,USD
IWDG.L,2025-03-28,934.5,GBp
JFM0003373,2025-03-28,156.13,USD
KNSL,2025-03-28,482.14,USD
LU0164881194,2025-03-28,300.67,USD
LU0196696453,2025-03-28,14.31,USD
MU0129U00005,2025-03-28,353.73,USD
QQQ,2025-03-28,468.94,USD
SGLN.L,2025-03-28,4625,GBp
0639.HK,2025-03-31,2.53,HKD
BCHS.L,2025-03-31,7011,GBp
CNX1.L,2025-03-31,84460,GBp
DPYG.L,2025-03-31,4.81725,GBP
EWQX.L,2025-03-31,448.6,GBp
FLOS.L,2025-03-31,481.25,GBp
GHYS.L,2025-03-31,89.785,GBP
GRAB,2025-03-31,4.53,USD
IDTG.L,2025-03-31,3.095,GBP
IE0008368742,2025-03-31,172.49,USD
IE00B0M63516,2025-03-31,20.74,USD
IGLS.L,2025-03-31,126.72,GBP
IGWD.L,2025-03-31,9727,GBp
INXG.L,2025-03-31,11.804,GBP
ISPE.L,2025-03-31,5.93,GBP
IUAG.L,2025-03-31,94.21,USD
IWDG.L,2025-03-31,926,GBp
KNSL,2025-03-31,486.71,USD
LU0196696453,2025-03-31,14.26,USD
QQQ,2025-03-31,468.92,USD
SGLN.L,2025-03-31,4693,GBp
0639.HK,2025-04-01,2.59,HKD
0P00000YAN,2025-04-01,156.09,USD
BCHS.L,2025-04-01,7106.5,GBp
CNX1.L,2025-04-01,85863,GBp
DPYG.L,2025-04-01,4.833,GBP
EWQX.L,2025-04-01,454.9,GBp
FLOS.L,2025-04-01,481.65,GBp
GB00B1FXTF86,2025-04-01,8.40,GBP
GHYS.L,2025-04-01,90,GBP
GRAB,2025-04-01,4.55,USD
IDTG.L,2025-04-01,3.127,GBP
IE0008368742,2025-04-01,173.88,USD
IE00B0M63516,2025-04-01,21.10,USD
IGLS.L,2025-04-01,126.8,GBP
IGWD.L,2025-04-01,9847,GBp
INXG.L,2025-04-01,11.882,GBP
ISPE.L,2025-04-01,5.981,GBP
IUAG.L,2025-04-01,94.6,USD
IWDG.L,2025-04-01,938.5,GBp
JFM0003373,2025-04-01,156.09,USD
KNSL,2025-04-01,488.15,USD
LU0164881194,2025-04-01,295.86,USD
LU0196696453,2025-04-01,14.44,USD
MU0129U00005,2025-04-01,347.60,USD
QQQ,2025-04-01,472.7,USD
SGLN.L,2025-04-01,4703,GBp
0639.HK,2025-04-02,2.56,HKD
0P00000YAN,2025-04-02,156.67,USD
BCHS.L,2025-04-02,7226,GBp
CNX1.L,2025-04-02,86175.5,GBp
DPYG.L,2025-04-02,4.836,GBP
EWQX.L,2025-04-02,456.35,GBp
FLOS.L,2025-04-02,481.6,GBp
GB00B1FXTF86,2025-04-02,8.51,GBP
GHYS.L,2025-04-02,90.02,GBP
GRAB,2025-04-02,4.61,USD
IDTG.L,2025-04-02,3.125,GBP
IE0008368742,2025-04-02,174.64,USD
IE00B0M63516,2025-04-02,21.00,USD
IGLS.L,2025-04-02,126.71,GBP
IGWD.L,2025-04-02,9875,GBp
INXG.L,2025-04-02,11.824,GBP
ISPE.L,2025-04-02,6.0125,GBP
IUAG.L,2025-04-02,94.4,USD
IWDG.L,2025-04-02,940.625,GBp
JFM0003373,2025-04-02,156.67,USD
KNSL,2025-04-02,491.5,USD
LU0164881194,2025-04-02,299.57,USD
LU0196696453,2025-04-02,14.36,USD
MU0129U00005,2025-04-02,350.16,USD
QQQ,2025-04-02,476.15,USD
SGLN.L,2025-04-02,4687,GBp
0639.HK,2025-04-03,2.53,HKD
0P00000YAN,2025-04-03,154.74,USD
BCHS.L,2025-04-03,6778.5,GBp
CNX1.L,2025-04-03,81744,GBp
DPYG.L,2025-04-03,4.75975,GBP
EWQX.L,2025-04-03,432.7,GBp
FLOS.L,2025-04-03,480.9,GBp
GB00B1FXTF86,2025-04-03,8.30,GBP
GHYS.L,2025-04-03,89.48,GBP
GRAB,2025-04-03,4.26,USD
IDTG.L,2025-04-03,3.1525,GBP
IE0008368742,2025-04-03,169.76,USD
IE00B0M63516,2025-04-03,21.26,USD
IGLS.L,2025-04-03,127.255,GBP
IGWD.L,2025-04-03,9527.5,GBp
INXG.L,2025-04-03,11.914,GBP
ISPE.L,2025-04-03,5.792,GBP
IUAG.L,2025-04-03,95.105,USD
IWDG.L,2025-04-03,905.875,GBp
JFM0003373,2025-04-03,154.74,USD
KNSL,2025-04-03,498.6,USD
LU0164881194,2025-04-03,299.28,USD
LU0196696453,2025-04-03,14.62,USD
MU0129U00005,2025-04-03,349.01,USD
QQQ,2025-04-03,450.66,USD
SGLN.L,2025-04-03,4604,GBp
BCHS.L,2025-04-04,6493.5,GBp
CNX1.L,2025-04-04,78667,GBp
DPYG.L,2025-04-04,4.5895,GBP
EWQX.L,2025-04-04,419.425,GBp
FLOS.L,2025-04-04,477.3,GBp
GB00B1FXTF86,2025-04-04,8.26,GBP
GHYS.L,2025-04-04,88.39,GBP
GRAB,2025-04-04,3.73,USD
IDTG.L,2025-04-04,3.205,GBP
IE00B0M63516,2025-04-04,19.80,USD
IGLS.L,2025-04-04,127.455,GBP
IGWD.L,2025-04-04,9058.5,GBp
INXG.L,2025-04-04,11.907,GBP
ISPE.L,2025-04-04,5.525,GBP
IUAG.L,2025-04-04,95.11,USD
IWDG.L,2025-04-04,861.5,GBp
KNSL,2025-04-04,459.11,USD
LU0164881194,2025-04-04,293.11,USD
LU0196696453,2025-04-04,13.59,USD
QQQ,2025-04-04,422.67,USD
SGLN.L,2025-04-04,4540,GBp
0639.HK,2025-04-07,2.25,HKD
0P00000YAN,2025-04-07,143.58,USD
BCHS.L,2025-04-07,6359,GBp
CNX1.L,2025-04-07,76725,GBp
DPYG.L,2025-04-07,4.3465,GBP
EWQX.L,2025-04-07,407.5,GBp
FLOS.L,2025-04-07,474.625,GBp
GB00B1FXTF86,2025-04-07,8.06,GBP
GHYS.L,2025-04-07,87.51,GBP
GRAB,2025-04-07,3.48,USD
IDTG.L,2025-04-07,3.1105,GBP
IE0008368742,2025-04-07,149.94,USD
IE00B0M63516,2025-04-07,19.14,USD
IGLS.L,2025-04-07,126.785,GBP
IGWD.L,2025-04-07,8707,GBp
INXG.L,2025-04-07,11.663,GBP
ISPE.L,2025-04-07,5.282,GBP
IUAG.L,2025-04-07,94.08,USD
IWDG.L,2025-04-07,829.75,GBp
JFM0003373,2025-04-07,143.58,USD
KNSL,2025-04-07,440.45,USD
LU0164881194,2025-04-07,282.61,USD
LU0196696453,2025-04-07,13.51,USD
MU0129U00005,2025-04-07,329.94,USD
QQQ,2025-04-07,423.69,USD
SGLN.L,2025-04-07,4551,GBp
0639.HK,2025-04-08,2.38,HKD
0P00000YAN,2025-04-08,138.82,USD
BCHS.L,2025-04-08,6558.5,GBp
CNX1.L,2025-04-08,80186,GBp
DPYG.L,2025-04-08,4.4475,GBP
EWQX.L,2025-04-08,421.4,GBp
FLOS.L,2025-04-08,479.775,GBp
GB00B1FXTF86,2025-04-08,8.24,GBP
GHYS.L,2025-04-08,88.035,GBP
GRAB,2025-04-08,3.73,USD
IDTG.L,2025-04-08,3.078,GBP
IE0008368742,2025-04-08,152.92,USD
IE00B0M63516,2025-04-08,19.32,USD
IGLS.L,2025-04-08,127.35,GBP
IGWD.L,2025-04-08,8985.5,GBp
INXG.L,2025-04-08,11.639,GBP
ISPE.L,2025-04-08,5.4425,GBP
IUAG.L,2025-04-08,93.8,USD
IWDG.L,2025-04-08,860.25,GBp
JFM0003373,2025-04-08,138.82,USD
KNSL,2025-04-08,437.46,USD
LU0164881194,2025-04-08,288.15,USD
LU0196696453,2025-04-08,13.35,USD
MU0129U00005,2025-04-08,334.40,USD
QQQ,2025-04-08,416.06,USD
SGLN.L,2025-04-08,4575,GBp
0639.HK,2025-04-09,2.35,HKD
0P00000YAN,2025-04-09,140.23,USD
BCHS.L,2025-04-09,6300,GBp
CNX1.L,2025-04-09,77303.5,GBp
DPYG.L,2025-04-09,4.281,GBP
EWQX.L,2025-04-09,405.05,GBp
FLOS.L,2025-04-09,475.325,GBp
GB00B1FXTF86,2025-04-09,8.08,GBP
GHYS.L,2025-04-09,86.77,GBP
GRAB,2025-04-09,4.26,USD
IDTG.L,2025-04-09,2.977,GBP
IE0008368742,2025-04-09,153.99,USD
IE00B0M63516,2025-04-09,18.69,USD
IGLS.L,2025-04-09,127.45,GBP
IGWD.L,2025-04-09,8703,GBp
INXG.L,2025-04-09,11.34,GBP
ISPE.L,2025-04-09,5.248,GBP
IUAG.L,2025-04-09,92.43,USD
IWDG.L,2025-04-09,829.5,GBp
JFM0003373,2025-04-09,140.23,USD
KNSL,2025-04-09,471.34,USD
LU0164881194,2025-04-09,285.49,USD
LU0196696453,2025-04-09,12.88,USD
MU0129U00005,2025-04-09,345.78,USD
QQQ,2025-04-09,466,USD
SGLN.L,2025-04-09,4691,GBp
0639.HK,2025-04-10,2.34,HKD
0P00000YAN,2025-04-10,146.04,USD
BCHS.L,2025-04-10,6564.5,GBp
CNX1.L,2025-04-10,80948,GBp
DPYG.L,2025-04-10,4.431,GBP
EWQX.L,2025-04-10,422.6,GBp
FLOS.L,2025-04-10,478.2,GBp
GHYS.L,2025-04-10,87.96,GBP
GRAB,2025-04-10,3.97,USD
IDTG.L,2025-04-10,2.98975,GBP
IE0008368742,2025-04-10,157.71,USD
IE00B0M63516,2025-04-10,19.42,USD
IGLS.L,2025-04-10,127.6,GBP
IGWD.L,2025-04-10,9139,GBp
INXG.L,2025-04-10,11.555,GBP
ISPE.L,2025-04-10,5.485,GBP
IUAG.L,2025-04-10,93.75,USD
IWDG.L,2025-04-10,869.75,GBp
JFM0003373,2025-04-10,146.04,USD
KNSL,2025-04-10,478.23,USD
LU0196696453,2025-04-10,13.48,USD
QQQ,2025-04-10,446.18,USD
SGLN.L,2025-04-10,4744,GBp
0639.HK,2025-04-11,2.36,HKD
0P00000YAN,2025-04-11,146.55,USD
BCHS.L,2025-04-11,6603.5,GBp
CNX1.L,2025-04-11,80220,GBp
DPYG.L,2025-04-11,4.427,GBP
EWQX.L,2025-04-11,416.9,GBp
FLOS.L,2025-04-11,475.2,GBp
GB00B1FXTF86,2025-04-11,8.17,GBP
GHYS.L,2025-04-11,88.145,GBP
GRAB,2025-04-11,4.05,USD
IDTG.L,2025-04-11,2.931,GBP
IE0008368742,2025-04-11,159.01,USD
IE00B0M63516,2025-04-11,19.57,USD
IGLS.L,2025-04-11,127.42,GBP
IGWD.L,2025-04-11,9129.5,GBp
INXG.L,2025-04-11,11.388,GBP
ISPE.L,2025-04-11,5.4515,GBP
IUAG.L,2025-04-11,92.49,USD
IWDG.L,2025-04-11,869.25,GBp
JFM0003373,2025-04-11,146.55,USD
KNSL,2025-04-11,482.34,USD
LU0164881194,2025-04-11,292.10,USD
LU0196696453,2025-04-11,13.56,USD
MU0129U00005,2025-04-11,341.66,USD
QQQ,2025-04-11,454.4,USD
SGLN.L,2025-04-11,4823,GBp
0639.HK,2025-04-14,2.43,HKD
0P00000YAN,2025-04-14,148.35,USD
BCHS.L,2025-04-14,6784.5,GBp
CNX1.L,2025-04-14,81675,GBp
DPYG.L,2025-04-14,4.5895,GBP
EWQX.L,2025-04-14,426.9,GBp
FLOS.L,2025-04-14,478.225,GBp
GHYS.L,2025-04-14,88.59,GBP
GRAB,2025-04-14,3.98,USD
IDTG.L,2025-04-14,2.987,GBP
IE0008368742,2025-04-14,161.14,USD
IE00B0M63516,2025-04-14,20.03,USD
IGLS.L,2025-04-14,127.34,GBP
IGWD.L,2025-04-14,9415,GBp
INXG.L,2025-04-14,11.49,GBP
ISPE.L,2025-04-14,5.638,GBP
IUAG.L,2025-04-14,93.28,USD
IWDG.L,2025-04-14,894,GBp
JFM0003373,2025-04-14,148.35,USD
KNSL,2025-04-14,485.1,USD
LU0196696453,2025-04-14,13.99,USD
QQQ,2025-04-14,457.48,USD
SGLN.L,2025-04-14,4725,GBp
0639.HK,2025-04-15,2.42,HKD
0P00000YAN,2025-04-15,150.07,USD
BCHS.L,2025-04-15,6776.5,GBp
CNX1.L,2025-04-15,81690,GBp
DPYG.L,2025-04-15,4.6285,GBP
EWQX.L,2025-04-15,426.275,GBp
FLOS.L,2025-04-15,479.4,GBp
GB00B1FXTF86,2025-04-15,8.26,GBP
GHYS.L,2025-04-15,89.165,GBP
GRAB,2025-04-15,4.06,USD
IDTG.L,2025-04-15,3.0085,GBP
IE0008368742,2025-04-15,161.82,USD
IE00B0M63516,2025-04-15,20.06,USD
IGLS.L,2025-04-15,127.63,GBP
IGWD.L,2025-04-15,9459,GBp
INXG.L,2025-04-15,11.447,GBP
ISPE.L,2025-04-15,5.665,GBP
IUAG.L,2025-04-15,93.31,USD
IWDG.L,2025-04-15,900,GBp
JFM0003373,2025-04-15,150.07,USD
KNSL,2025-04-15,484.21,USD
LU0164881194,2025-04-15,300.68,USD
LU0196696453,2025-04-15,13.93,USD
MU0129U00005,2025-04-15,351.35,USD
QQQ,2025-04-15,457.99,USD
SGLN.L,2025-04-15,4734,GBp
0639.HK,2025-04-16,2.4,HKD
0P00000YAN,2025-04-16,150.75,USD
BCHS.L,2025-04-16,6699.5,GBp
CNX1.L,2025-04-16,80420,GBp
DPYG.L,2025-04-16,4.67,GBP
EWQX.L,2025-04-16,424.3,GBp
FLOS.L,2025-04-16,479.05,GBp
GB00B1FXTF86,2025-04-16,8.25,GBP
GHYS.L,2025-04-16,89.06,GBP
GRAB,2025-04-16,4.04,USD
IDTG.L,2025-04-16,3.0165,GBP
IE0008368742,2025-04-16,159.59,USD
IE00B0M63516,2025-04-16,20.00,USD
IGLS.L,2025-04-16,127.84,GBP
IGWD.L,2025-04-16,9366,GBp
INXG.L,2025-04-16,11.576,GBP
ISPE.L,2025-04-16,5.648,GBP
IUAG.L,2025-04-16,93.44,USD
IWDG.L,2025-04-16,892.25,GBp
JFM0003373,2025-04-16,150.75,USD
KNSL,2025-04-16,483.65,USD
LU0164881194,2025-04-16,302.34,USD
LU0196696453,2025-04-16,13.84,USD
MU0129U00005,2025-04-16,352.71,USD
QQQ,2025-04-16,444.18,USD
SGLN.L,2025-04-16,4868,GBp
0639.HK,2025-04-17,2.41,HKD
0P00000YAN,2025-04-17,151.99,USD
BCHS.L,2025-04-17,6687.5,GBp
CNX1.L,2025-04-17,78860,GBp
DPYG.L,2025-04-17,4.704,GBP
EWQX.L,2025-04-17,417.45,GBp
FLOS.L,2025-04-17,480.7,GBp
GB00B1FXTF86,2025-04-17,8.35,GBP
GHYS.L,2025-04-17,86.75,GBP
GRAB,2025-04-17,4.11,USD
IDTG.L,2025-04-17,2.9995,GBP
IE0008368742,2025-04-17,161.48,USD
IE00B0M63516,2025-04-17,20.20,USD
IGLS.L,2025-04-17,127.71,GBP
IGWD.L,2025-04-17,9284,GBp
INXG.L,2025-04-17,11.704,GBP
ISPE.L,2025-04-17,5.61,GBP
IUAG.L,2025-04-17,93.61,USD
IWDG.L,2025-04-17,881.25,GBp
JFM0003373,2025-04-17,151.99,USD
KNSL,2025-04-17,485.7,USD
LU0164881194,2025-04-17,307.16,USD
LU0196696453,2025-04-17,13.95,USD
MU0129U00005,2025-04-17,357.45,USD
QQQ,2025-04-17,444.1,USD
SGLN.L,2025-04-17,4832,GBp
GRAB,2025-04-21,4.07,USD
KNSL,2025-04-21,470.99,USD
QQQ,2025-04-21,433.11,USD
0639.HK,2025-04-22,2.45,HKD
0P00000YAN,2025-04-22,153.38,USD
BCHS.L,2025-04-22,6892.5,GBp
CNX1.L,2025-04-22,78050,GBp
DPYG.L,2025-04-22,4.6985,GBP
EWQX.L,2025-04-22,414,GBp
FLOS.L,2025-04-22,480.05,GBp
GB00B1FXTF86,2025-04-22,8.49,GBP
GHYS.L,2025-04-22,86.85,GBP
GRAB,2025-04-22,4.24,USD
IDTG.L,2025-04-22,2.9735,GBP
IE0008368742,2025-04-22,161.77,USD
IE00B0M63516,2025-04-22,20.66,USD
IGLS.L,2025-04-22,127.81,GBP
IGWD.L,2025-04-22,9301,GBp
INXG.L,2025-04-22,11.624,GBP
ISPE.L,2025-04-22,5.606,GBP
IUAG.L,2025-04-22,93.59,USD
IWDG.L,2025-04-22,881,GBp
JFM0003373,2025-04-22,153.38,USD
KNSL,2025-04-22,487.73,USD
LU0164881194,2025-04-22,312.18,USD
LU0196696453,2025-04-22,14.34,USD
MU0129U00005,2025-04-22,364.56,USD
QQQ,2025-04-22,444.48,USD
SGLN.L,2025-04-22,4966,GBp
0639.HK,2025-04-23,2.47,HKD
0P00000YAN,2025-04-23,155.07,USD
BCHS.L,2025-04-23,7082,GBp
CNX1.L,2025-04-23,81015,GBp
DPYG.L,2025-04-23,4.7085,GBP
EWQX.L,2025-04-23,428,GBp
FLOS.L,2025-04-23,481.55,GBp
GB00B1FXTF86,2025-04-23,8.56,GBP
GHYS.L,2025-04-23,88,GBP
GRAB,2025-04-23,4.38,USD
IDTG.L,2025-04-23,2.998,GBP
IE0008368742,2025-04-23,165.08,USD
IE00B0M63516,2025-04-23,21.25,USD
IGLS.L,2025-04-23,127.76,GBP
IGWD.L,2025-04-23,9495,GBp
INXG.L,2025-04-23,11.671,GBP
ISPE.L,2025-04-23,5.7035,GBP
IUAG.L,2025-04-23,93.67,USD
IWDG.L,2025-04-23,900.25,GBp
JFM0003373,2025-04-23,155.07,USD
KNSL,2025-04-23,491.66,USD
LU0164881194,2025-04-23,313.58,USD
LU0196696453,2025-04-23,14.79,USD
MU0129U00005,2025-04-23,364.68,USD
QQQ,2025-04-23,454.56,USD
SGLN.L,2025-04-23,4791,GBp
0639.HK,2025-04-24,2.45,HKD
0P00000YAN,2025-04-24,155.3,USD
BCHS.L,2025-04-24,7109.5,GBp
CNX1.L,2025-04-24,81980,GBp
DPYG.L,2025-04-24,4.72675,GBP
EWQX.L,2025-04-24,432.95,GBp
FLOS.L,2025-04-24,481.65,GBp
GB00B1FXTF86,2025-04-24,8.53,GBP
GHYS.L,2025-04-24,87.625,GBP
GRAB,2025-04-24,4.68,USD
IDTG.L,2025-04-24,3.0075,GBP
IE0008368742,2025-04-24,163.93,USD
IE00B0M63516,2025-04-24,21.41,USD
IGLS.L,2025-04-24,128,GBP
IGWD.L,2025-04-24,9561,GBp
INXG.L,2025-04-24,11.85,GBP
ISPE.L,2025-04-24,5.745,GBP
IUAG.L,2025-04-24,93.825,USD
IWDG.L,2025-04-24,907,GBp
JFM0003373,2025-04-24,155.3,USD
KNSL,2025-04-24,501.97,USD
LU0164881194,2025-04-24,312.68,USD
LU0196696453,2025-04-24,14.83,USD
MU0129U00005,2025-04-24,362.90,USD
QQQ,2025-04-24,467.35,USD
SGLN.L,2025-04-24,4862,GBp
0639.HK,2025-04-25,2.45,HKD
0P00000YAN,2025-04-25,156.36,USD
BCHS.L,2025-04-25,7210.5,GBp
CNX1.L,2025-04-25,82700,GBp
DPYG.L,2025-04-25,4.706,GBP
EWQX.L,2025-04-25,435.8,GBp
FLOS.L,2025-04-25,481.95,GBp
GB00B1FXTF86,2025-04-25,8.38,GBP
GHYS.L,2025-04-25,87.9,GBP
GRAB,2025-04-25,4.78,USD
IDTG.L,2025-04-25,3.031,GBP
IE0008368742,2025-04-25,164.79,USD
IE00B0M63516,2025-04-25,21.55,USD
IGLS.L,2025-04-25,127.95,GBP
IGWD.L,2025-04-25,9625,GBp
INXG.L,2025-04-25,11.868,GBP
ISPE.L,2025-04-25,5.737,GBP
IUAG.L,2025-04-25,94.03,USD
IWDG.L,2025-04-25,912.25,GBp
JFM0003373,2025-04-25,156.36,USD
KNSL,2025-04-25,419.99,USD
LU0164881194,2025-04-25,306.51,USD
LU0196696453,2025-04-25,15.05,USD
MU0129U00005,2025-04-25,358.30,USD
QQQ,2025-04-25,472.56,USD
SGLN.L,2025-04-25,4779,GBp
0639.HK,2025-04-28,2.45,HKD
0P00000YAN,2025-04-28,156.83,USD
BCHS.L,2025-04-28,7098.5,GBp
CNX1.L,2025-04-28,82190,GBp
DPYG.L,2025-04-28,4.724,GBP
EWQX.L,2025-04-28,433.525,GBp
FLOS.L,2025-04-28,482.15,GBp
GB00B1FXTF86,2025-04-28,8.46,GBP
GHYS.L,2025-04-28,87.66,GBP
GRAB,2025-04-28,4.76,USD
IDTG.L,2025-04-28,3.0475,GBP
IE0008368742,2025-04-28,164.49,USD
IE00B0M63516,2025-04-28,21.67,USD
IGLS.L,2025-04-28,127.93,GBP
IGWD.L,2025-04-28,9639,GBp
INXG.L,2025-04-28,11.809,GBP
ISPE.L,2025-04-28,5.76,GBP
IUAG.L,2025-04-28,94.24,USD
IWDG.L,2025-04-28,914.25,GBp
JFM0003373,2025-04-28,156.83,USD
KNSL,2025-04-28,424.19,USD
LU0164881194,2025-04-28,311.74,USD
LU0196696453,2025-04-28,15.15,USD
MU0129U00005,2025-04-28,362.97,USD
QQQ,2025-04-28,472.41,USD
SGLN.L,2025-04-28,4830,GBp
0639.HK,2025-04-29,2.46,HKD
0P00000YAN,2025-04-29,158.18,USD
BCHS.L,2025-04-29,7185,GBp
CNX1.L,2025-04-29,83055,GBp
DPYG.L,2025-04-29,4.7325,GBP
EWQX.L,2025-04-29,436.25,GBp
FLOS.L,2025-04-29,481.6,GBp
GB00B1FXTF86,2025-04-29,8.44,GBP
GHYS.L,2025-04-29,87.715,GBP
GRAB,2025-04-29,4.79,USD
IDTG.L,2025-04-29,3.0765,GBP
IE0008368742,2025-04-29,165.38,USD
IE00B0M63516,2025-04-29,22.06,USD
IGLS.L,2025-04-29,128.05,GBP
IGWD.L,2025-04-29,9704,GBp
INXG.L,2025-04-29,11.814,GBP
ISPE.L,2025-04-29,5.7895,GBP
IUAG.L,2025-04-29,94.59,USD
IWDG.L,2025-04-29,919.5,GBp
JFM0003373,2025-04-29,158.18,USD
KNSL,2025-04-29,434.6,USD
LU0164881194,2025-04-29,311.77,USD
LU0196696453,2025-04-29,15.30,USD
MU0129U00005,2025-04-29,362.95,USD
QQQ,2025-04-29,475.53,USD
SGLN.L,2025-04-29,4797,GBp
0639.HK,2025-04-30,2.46,HKD
0P00000YAN,2025-04-30,160.7,USD
BCHS.L,2025-04-30,7194,GBp
CNX1.L,2025-04-30,82970,GBp
DPYG.L,2025-04-30,4.7485,GBP
EWQX.L,2025-04-30,436.6,GBp
FLOS.L,2025-04-30,481.9,GBp
GB00B1FXTF86,2025-04-30,8.43,GBP
GHYS.L,2025-04-30,87.8,GBP
GRAB,2025-04-30,4.88,USD
IDTG.L,2025-04-30,3.073,GBP
IE0008368742,2025-04-30,166.13,USD
IE00B0M63516,2025-04-30,21.70,USD
IGLS.L,2025-04-30,128.23,GBP
IGWD.L,2025-04-30,9681.5,GBp
INXG.L,2025-04-30,11.858,GBP
ISPE.L,2025-04-30,5.776,GBP
IUAG.L,2025-04-30,94.76,USD
IWDG.L,2025-04-30,917.75,GBp
JFM0003373,2025-04-30,160.7,USD
KNSL,2025-04-30,435.26,USD
LU0164881194,2025-04-30,314.09,USD
LU0196696453,2025-04-30,15.06,USD
MU0129U00005,2025-04-30,365.46,USD
QQQ,2025-04-30,475.47,USD
SGLN.L,2025-04-30,4816,GBp
BCHS.L,2025-05-01,7427,GBp
CNX1.L,2025-05-01,86080,GBp
DPYG.L,2025-05-01,4.83025,GBP
EWQX.L,2025-05-01,448.875,GBp
FLOS.L,2025-05-01,481.9,GBp
GHYS.L,2025-05-01,87.46,GBP
GRAB,2025-05-01,4.77,USD
IDTG.L,2025-05-01,3.066,GBP
IE00B0M63516,2025-05-01,21.67,USD
IGLS.L,2025-05-01,128.76,GBP
IGWD.L,2025-05-01,9857,GBp
INXG.L,2025-05-01,11.769,GBP
ISPE.L,2025-05-01,5.859,GBP
IUAG.L,2025-05-01,94.64,USD
IWDG.L,2025-05-01,937.75,GBp
KNSL,2025-05-01,426.46,USD
QQQ,2025-05-01,481.68,USD
SGLN.L,2025-05-01,4692,GBp
0639.HK,2025-05-02,2.46,HKD
0P00000YAN,2025-05-02,163.67,USD
BCHS.L,2025-05-02,7567,GBp
CNX1.L,2025-05-02,86350,GBp
DPYG.L,2025-05-02,4.84075,GBP
EWQX.L,2025-05-02,451.15,GBp
FLOS.L,2025-05-02,482.525,GBp
GB00B1FXTF86,2025-05-02,8.43,GBP
GHYS.L,2025-05-02,88.02,GBP
GRAB,2025-05-02,4.89,USD
IDTG.L,2025-05-02,3.009,GBP
IE0008368742,2025-05-02,168.67,USD
IE00B0M63516,2025-05-02,21.83,USD
IGLS.L,2025-05-02,128.09,GBP
IGWD.L,2025-05-02,9936,GBp
INXG.L,2025-05-02,11.767,GBP
ISPE.L,2025-05-02,5.8845,GBP
IUAG.L,2025-05-02,94.08,USD
IWDG.L,2025-05-02,940.75,GBp
JFM0003373,2025-05-02,163.67,USD
KNSL,2025-05-02,448.8,USD
LU0164881194,2025-05-02,314.50,USD
LU0196696453,2025-05-02,15.28,USD
MU0129U00005,2025-05-02,364.44,USD
QQQ,2025-05-02,488.83,USD
SGLN.L,2025-05-02,4737,GBp
GRAB,2025-05-05,4.86,USD
KNSL,2025-05-05,456.02,USD
LU0164881194,2025-05-05,318.13,USD
QQQ,2025-05-05,485.93,USD
0639.HK,2025-05-06,2.5,HKD
0P00000YAN,2025-05-06,164.47,USD
BCHS.L,2025-05-06,7455.5,GBp
CNX1.L,2025-05-06,85040,GBp
DPYG.L,2025-05-06,4.851,GBP
EWQX.L,2025-05-06,447.35,GBp
FLOS.L,2025-05-06,482.525,GBp
GB00B1FXTF86,2025-05-06,8.41,GBP
GHYS.L,2025-05-06,87.96,GBP
GRAB,2025-05-06,4.84,USD
IDTG.L,2025-05-06,2.9755,GBP
IE0008368742,2025-05-06,169.90,USD
IE00B0M63516,2025-05-06,21.44,USD
IGLS.L,2025-05-06,128.14,GBP
IGWD.L,2025-05-06,9889,GBp
INXG.L,2025-05-06,11.722,GBP
ISPE.L,2025-05-06,5.89,GBP
IUAG.L,2025-05-06,93.77,USD
IWDG.L,2025-05-06,938,GBp
JFM0003373,2025-05-06,164.47,USD
KNSL,2025-05-06,458.25,USD
LU0164881194,2025-05-06,313.76,USD
LU0196696453,2025-05-06,14.91,USD
MU0129U00005,2025-05-06,366.11,USD
QQQ,2025-05-06,481.41,USD
SGLN.L,2025-05-06,4941,GBp
0639.HK,2025-05-07,2.48,HKD
0P00000YAN,2025-05-07,165.17,USD
BCHS.L,2025-05-07,7483.5,GBp
CNX1.L,2025-05-07,84650,GBp
DPYG.L,2025-05-07,4.851,GBP
EWQX.L,2025-05-07,445.55,GBp
FLOS.L,2025-05-07,482.525,GBp
GB00B1FXTF86,2025-05-07,8.49,GBP
GHYS.L,2025-05-07,88.015,GBP
GRAB,2025-05-07,4.84,USD
IDTG.L,2025-05-07,3.021,GBP
IE0008368742,2025-05-07,169.63,USD
IE00B0M63516,2025-05-07,21.26,USD
IGLS.L,2025-05-07,128.27,GBP
IGWD.L,2025-05-07,9852,GBp
INXG.L,2025-05-07,11.797,GBP
ISPE.L,2025-05-07,5.872,GBP
IUAG.L,2025-05-07,94.12,USD
IWDG.L,2025-05-07,933.25,GBp
JFM0003373,2025-05-07,165.17,USD
KNSL,2025-05-07,460.09,USD
LU0164881194,2025-05-07,312.79,USD
LU0196696453,2025-05-07,14.83,USD
MU0129U00005,2025-05-07,365.97,USD
QQQ,2025-05-07,483.3,USD
SGLN.L,2025-05-07,4929,GBp
0639.HK,2025-05-08,2.44,HKD
0P00000YAN,2025-05-08,163.87,USD
BCHS.L,2025-05-08,7824,GBp
CNX1.L,2025-05-08,86580,GBp
DPYG.L,2025-05-08,4.829,GBP
EWQX.L,2025-05-08,455.85,GBp
FLOS.L,2025-05-08,482.975,GBp
GB00B1FXTF86,2025-05-08,8.29,GBP
GHYS.L,2025-05-08,88.12,GBP
GRAB,2025-05-08,4.93,USD
IDTG.L,2025-05-08,3.008,GBP
IE0008368742,2025-05-08,170.42,USD
IE00B0M63516,2025-05-08,22.14,USD
IGLS.L,2025-05-08,127.99,GBP
IGWD.L,2025-05-08,9965,GBp
INXG.L,2025-05-08,11.65,GBP
ISPE.L,2025-05-08,5.964,GBP
IUAG.L,2025-05-08,94.02,USD
IWDG.L,2025-05-08,945.25,GBp
JFM0003373,2025-05-08,163.87,USD
KNSL,2025-05-08,457.65,USD
LU0164881194,2025-05-08,306.33,USD
LU0196696453,2025-05-08,15.42,USD
MU0129U00005,2025-05-08,358.11,USD
QQQ,2025-05-08,488.29,USD
SGLN.L,2025-05-08,4880,GBp
0639.HK,2025-05-09,2.46,HKD
0P00000YAN,2025-05-09,163.82,USD
BCHS.L,2025-05-09,7811.5,GBp
CNX1.L,2025-05-09,86330,GBp
DPYG.L,2025-05-09,4.846,GBP
EWQX.L,2025-05-09,455.925,GBp
FLOS.L,2025-05-09,482.825,GBp
GB00B1FXTF86,2025-05-09,8.28,GBP
GHYS.L,2025-05-09,88.215,GBP
GRAB,2025-05-09,4.9,USD
IDTG.L,2025-05-09,2.988,GBP
IE0008368742,2025-05-09,170.48,USD
IE00B0M63516,2025-05-09,22.22,USD
IGLS.L,2025-05-09,128.07,GBP
IGWD.L,2025-05-09,9950,GBp
INXG.L,2025-05-09,11.576,GBP
ISPE.L,2025-05-09,5.942,GBP
IUAG.L,2025-05-09,93.81,USD
IWDG.L,2025-05-09,942.875,GBp
JFM0003373,2025-05-09,163.82,USD
KNSL,2025-05-09,454.08,USD
MU0129U00005,2025-05-09,356.05,USD
QQQ,2025-05-09,487.97,USD
SGLN.L,2025-05-09,4879,GBp
0639.HK,2025-05-12,2.52,HKD
BCHS.L,2025-05-12,8087,GBp
CNX1.L,2025-05-12,89830,GBp
DPYG.L,2025-05-12,4.8775,GBP
EWQX.L,2025-05-12,472.1,GBp
FLOS.L,2025-05-12,482.95,GBp
GB00B1FXTF86,2025-05-12,8.69,GBP
GHYS.L,2025-05-12,88.575,GBP
GRAB,2025-05-12,4.99,USD
IDTG.L,2025-05-12,2.972,GBP
IE0008368742,2025-05-12,175.70,USD
IE00B0M63516,2025-05-12,22.12,USD
IGLS.L,2025-05-12,127.7,GBP
IGWD.L,2025-05-12,10182,GBp
INXG.L,2025-05-12,11.57,GBP
ISPE.L,2025-05-12,6.075,GBP
IUAG.L,2025-05-12,93.56,USD
IWDG.L,2025-05-12,965,GBp
KNSL,2025-05-12,456.81,USD
LU0164881194,2025-05-12,316.27,USD
LU0196696453,2025-05-12,15.48,USD
MU0129U00005,2025-05-12,370.28,USD
QQQ,2025-05-12,507.85,USD
SGLN.L,2025-05-12,4760,GBp
0639.HK,2025-05-13,2.53,HKD
0P00000YAN,2025-05-13,165.44,USD
BCHS.L,2025-05-13,8227.5,GBp
CNX1.L,2025-05-13,91410,GBp
DPYG.L,2025-05-13,4.829,GBP
EWQX.L,2025-05-13,478.25,GBp
FLOS.L,2025-05-13,483.2,GBp
GB00B1FXTF86,2025-05-13,8.60,GBP
GHYS.L,2025-05-13,88.67,GBP
GRAB,2025-05-13,5.03,USD
IDTG.L,2025-05-13,2.9465,GBP
IE0008368742,2025-05-13,173.53,USD
IE00B0M63516,2025-05-13,22.83,USD
IGLS.L,2025-05-13,127.76,GBP
IGWD.L,2025-05-13,10296.5,GBp
INXG.L,2025-05-13,11.545,GBP
ISPE.L,2025-05-13,6.1385,GBP
IUAG.L,2025-05-13,93.33,USD
IWDG.L,2025-05-13,975,GBp
JFM0003373,2025-05-13,165.44,USD
KNSL,2025-05-13,446.34,USD
LU0164881194,2025-05-13,314.77,USD
LU0196696453,2025-05-13,15.79,USD
MU0129U00005,2025-05-13,367.58,USD
QQQ,2025-05-13,515.59,USD
SGLN.L,2025-05-13,4755,GBp
0639.HK,2025-05-14,2.59,HKD
0P00000YAN,2025-05-14,167.93,USD
BCHS.L,2025-05-14,8419,GBp
CNX1.L,2025-05-14,91720,GBp
DPYG.L,2025-05-14,4.776,GBP
EWQX.L,2025-05-14,476.225,GBp
FLOS.L,2025-05-14,483.65,GBp
GB00B1FXTF86,2025-05-14,8.62,GBP
GHYS.L,2025-05-14,88.675,GBP
GRAB,2025-05-14,5.25,USD
IDTG.L,2025-05-14,2.939,GBP
IE0008368742,2025-05-14,175.88,USD
IE00B0M63516,2025-05-14,22.84,USD
IGLS.L,2025-05-14,127.66,GBP
IGWD.L,2025-05-14,10287,GBp
INXG.L,2025-05-14,11.47,GBP
ISPE.L,2025-05-14,6.094,GBP
IUAG.L,2025-05-14,93.37,USD
IWDG.L,2025-05-14,974.25,GBp
JFM0003373,2025-05-14,167.93,USD
KNSL,2025-05-14,438.99,USD
LU0164881194,2025-05-14,316.37,USD
LU0196696453,2025-05-14,15.95,USD
MU0129U00005,2025-05-14,367.11,USD
QQQ,2025-05-14,518.68,USD
SGLN.L,2025-05-14,4652,GBp
0639.HK,2025-05-15,2.61,HKD
0P00000YAN,2025-05-15,167.82,USD
BCHS.L,2025-05-15,8240.5,GBp
CNX1.L,2025-05-15,91950,GBp
DPYG.L,2025-05-15,4.7775,GBP
EWQX.L,2025-05-15,477.875,GBp
FLOS.L,2025-05-15,471.925,GBp
GB00B1FXTF86,2025-05-15,8.70,GBP
GHYS.L,2025-05-15,88.41,GBP
GRAB,2025-05-15,5.06,USD
IDTG.L,2025-05-15,2.9545,GBP
IE0008368742,2025-05-15,174.09,USD
IE00B0M63516,2025-05-15,22.62,USD
IGLS.L,2025-05-15,127.86,GBP
IGWD.L,2025-05-15,10303.5,GBp
INXG.L,2025-05-15,11.148,GBP
ISPE.L,2025-05-15,6.109,GBP
IUAG.L,2025-05-15,91.76,USD
IWDG.L,2025-05-15,976,GBp
JFM0003373,2025-05-15,167.82,USD
KNSL,2025-05-15,459.57,USD
LU0164881194,2025-05-15,320.12,USD
LU0196696453,2025-05-15,15.82,USD
MU0129U00005,2025-05-15,371.03,USD
QQQ,2025-05-15,519.25,USD
SGLN.L,2025-05-15,4701,GBp
0639.HK,2025-05-16,2.58,HKD
0P00000YAN,2025-05-16,168.17,USD
BCHS.L,2025-05-16,8477.5,GBp
CNX1.L,2025-05-16,92160,GBp
DPYG.L,2025-05-16,4.83175,GBP
EWQX.L,2025-05-16,480.45,GBp
FLOS.L,2025-05-16,472.075,GBp
GB00B1FXTF86,2025-05-16,8.74,GBP
GHYS.L,2025-05-16,88.735,GBP
GRAB,2025-05-16,5.09,USD
IDTG.L,2025-05-16,2.9625,GBP
IE0008368742,2025-05-16,174.26,USD
IE00B0M63516,2025-05-16,22.43,USD
IGLS.L,2025-05-16,127.825,GBP
IGWD.L,2025-05-16,10344,GBp
INXG.L,2025-05-16,11.168,GBP
ISPE.L,2025-05-16,6.161,GBP
IUAG.L,2025-05-16,92.06,USD
IWDG.L,2025-05-16,981.25,GBp
JFM0003373,2025-05-16,168.17,USD
KNSL,2025-05-16,463.53,USD
LU0164881194,2025-05-16,320.13,USD
LU0196696453,2025-05-16,15.61,USD
MU0129U00005,2025-05-16,371.72,USD
QQQ,2025-05-16,521.51,USD
SGLN.L,2025-05-16,4659,GBp
0639.HK,2025-05-19,2.61,HKD
0P00000YAN,2025-05-19,168.32,USD
BCHS.L,2025-05-19,8543.5,GBp
CNX1.L,2025-05-19,91380,GBp
DPYG.L,2025-05-19,4.8455,GBP
EWQX.L,2025-05-19,477.2,GBp
FLOS.L,2025-05-19,472.35,GBp
GB00B1FXTF86,2025-05-19,8.71,GBP
GHYS.L,2025-05-19,88.605,GBP
GRAB,2025-05-19,5.08,USD
IDTG.L,2025-05-19,2.9335,GBP
IE0008368742,2025-05-19,173.56,USD
IE00B0M63516,2025-05-19,22.75,USD
IGLS.L,2025-05-19,127.85,GBP
IGWD.L,2025-05-19,10373,GBp
INXG.L,2025-05-19,11.129,GBP
ISPE.L,2025-05-19,6.178,GBP
IUAG.L,2025-05-19,91.67,USD
IWDG.L,2025-05-19,982.5,GBp
JFM0003373,2025-05-19,168.32,USD
KNSL,2025-05-19,472.2,USD
LU0164881194,2025-05-19,320.07,USD
LU0196696453,2025-05-19,15.92,USD
MU0129U00005,2025-05-19,372.05,USD
QQQ,2025-05-19,522.01,USD
SGLN.L,2025-05-19,4700,GBp
0639.HK,2025-05-20,2.61,HKD
0P00000YAN,2025-05-20,167.75,USD
BCHS.L,2025-05-20,8757,GBp
CNX1.L,2025-05-20,91450,GBp
DPYG.L,2025-05-20,4.8485,GBP
EWQX.L,2025-05-20,478.025,GBp
FLOS.L,2025-05-20,472.325,GBp
GB00B1FXTF86,2025-05-20,8.59,GBP
GHYS.L,2025-05-20,88.72,GBP
GRAB,2025-05-20,4.94,USD
IDTG.L,2025-05-20,2.938,GBP
IE0008368742,2025-05-20,174.36,USD
IE00B0M63516,2025-05-20,22.57,USD
IGLS.L,2025-05-20,127.72,GBP
IGWD.L,2025-05-20,10397,GBp
INXG.L,2025-05-20,11.106,GBP
ISPE.L,2025-05-20,6.1935,GBP
IUAG.L,2025-05-20,91.745,USD
IWDG.L,2025-05-20,985.25,GBp
JFM0003373,2025-05-20,167.75,USD
KNSL,2025-05-20,476.35,USD
LU0164881194,2025-05-20,315.11,USD
LU0196696453,2025-05-20,15.80,USD
MU0129U00005,2025-05-20,366.48,USD
QQQ,2025-05-20,520.27,USD
SGLN.L,2025-05-20,4762,GBp
0639.HK,2025-05-21,2.64,HKD
0P00000YAN,2025-05-21,168.76,USD
BCHS.L,2025-05-21,9713.5,GBp
CNX1.L,2025-05-21,91310,GBp
DPYG.L,2025-05-21,4.8,GBP
EWQX.L,2025-05-21,475.125,GBp
FLOS.L,2025-05-21,472.475,GBp
GB00B1FXTF86,2025-05-21,8.61,GBP
GHYS.L,2025-05-21,88.59,GBP
GRAB,2025-05-21,4.81,USD
IDTG.L,2025-05-21,2.9135,GBP
IE0008368742,2025-05-21,175.36,USD
IE00B0M63516,2025-05-21,22.41,USD
IGLS.L,2025-05-21,127.57,GBP
IGWD.L,2025-05-21,10370,GBp
INXG.L,2025-05-21,11.03,GBP
ISPE.L,2025-05-21,6.129,GBP
IUAG.L,2025-05-21,91.495,USD
IWDG.L,2025-05-21,982.75,GBp
JFM0003373,2025-05-21,168.76,USD
KNSL,2025-05-21,464.03,USD
LU0164881194,2025-05-21,317.67,USD
LU0196696453,2025-05-21,15.75,USD
MU0129U00005,2025-05-21,368.67,USD
QQQ,2025-05-21,513.04,USD
SGLN.L,2025-05-21,4785.5,GBp
0639.HK,2025-05-22,2.63,HKD
0P00000YAN,2025-05-22,168.22,USD
BCHS.L,2025-05-22,8935,GBp
CNX1.L,2025-05-22,90360,GBp
DPYG.L,2025-05-22,4.71475,GBP
EWQX.L,2025-05-22,467.75,GBp
FLOS.L,2025-05-22,472.55,GBp
GB00B1FXTF86,2025-05-22,8.52,GBP
GHYS.L,2025-05-22,88.335,GBP
GRAB,2025-05-22,4.96,USD
IDTG.L,2025-05-22,2.8765,GBP
IE0008368742,2025-05-22,173.73,USD
IE00B0M63516,2025-05-22,22.39,USD
IGLS.L,2025-05-22,127.83,GBP
IGWD.L,2025-05-22,10244.5,GBp
INXG.L,2025-05-22,11.031,GBP
ISPE.L,2025-05-22,6.019,GBP
IUAG.L,2025-05-22,91.31,USD
IWDG.L,2025-05-22,971,GBp
JFM0003373,2025-05-22,168.22,USD
KNSL,2025-05-22,453.15,USD
LU0164881194,2025-05-22,314.43,USD
LU0196696453,2025-05-22,15.68,USD
MU0129U00005,2025-05-22,365.27,USD
QQQ,2025-05-22,514,USD
SGLN.L,2025-05-22,4766,GBp
0639.HK,2025-05-23,2.64,HKD
0P00000YAN,2025-05-23,170.02,USD
BCHS.L,2025-05-23,8454,GBp
CNX1.L,2025-05-23,88740,GBp
DPYG.L,2025-05-23,4.712,GBP
EWQX.L,2025-05-23,459.975,GBp
FLOS.L,2025-05-23,472.575,GBp
GB00B1FXTF86,2025-05-23,8.59,GBP
GHYS.L,2025-05-23,88.14,GBP
GRAB,2025-05-23,4.95,USD
IDTG.L,2025-05-23,2.902,GBP
IE0008368742,2025-05-23,174.35,USD
IE00B0M63516,2025-05-23,22.01,USD
IGLS.L,2025-05-23,127.94,GBP
IGWD.L,2025-05-23,10163,GBp
INXG.L,2025-05-23,11.102,GBP
ISPE.L,2025-05-23,5.993,GBP
IUAG.L,2025-05-23,91.53,USD
IWDG.L,2025-05-23,963.75,GBp
JFM0003373,2025-05-23,170.02,USD
KNSL,2025-05-23,463.61,USD
LU0164881194,2025-05-23,320.29,USD
LU0196696453,2025-05-23,15.43,USD
MU0129U00005,2025-05-23,371.65,USD
QQQ,2025-05-23,509.24,USD
SGLN.L,2025-05-23,4832,GBp
0639.HK,2025-05-26,2.63,HKD
IE0008368742,2025-05-26,172.87,USD
IE00B0M63516,2025-05-26,22.58,USD
LU0164881194,2025-05-26,321.92,USD
MU0129U00005,2025-05-26,375.39,USD
0639.HK,2025-05-27,2.63,HKD
0P00000YAN,2025-05-27,169.26,USD
BCHS.L,2025-05-27,8842,GBp
CNX1.L,2025-05-27,90450,GBp
DPYG.L,2025-05-27,4.7965,GBP
EWQX.L,2025-05-27,469.1,GBp
FLOS.L,2025-05-27,472.875,GBp
GB00B1FXTF86,2025-05-27,8.60,GBP
GHYS.L,2025-05-27,88.5,GBP
GRAB,2025-05-27,4.97,USD
IDTG.L,2025-05-27,2.942,GBP
IE0008368742,2025-05-27,173.02,USD
IE00B0M63516,2025-05-27,22.38,USD
IGLS.L,2025-05-27,127.9,GBP
IGWD.L,2025-05-27,10346,GBp
INXG.L,2025-05-27,11.189,GBP
ISPE.L,2025-05-27,6.095,GBP
IUAG.L,2025-05-27,91.8,USD
IWDG.L,2025-05-27,980.5,GBp
JFM0003373,2025-05-27,169.26,USD
KNSL,2025-05-27,474.07,USD
LU0164881194,2025-05-27,319.53,USD
LU0196696453,2025-05-27,15.80,USD
MU0129U00005,2025-05-27,371.73,USD
QNTG.L,2025-05-27,15.621,GBP
QQQ,2025-05-27,521.22,USD
SGLN.L,2025-05-27,4736,GBp
0639.HK,2025-05-28,2.63,HKD
0P00000YAN,2025-05-28,169.58,USD
BCHS.L,2025-05-28,8631.5,GBp
CNX1.L,2025-05-28,91050,GBp
DPYG.L,2025-05-28,4.79,GBP
EWQX.L,2025-05-28,470.925,GBp
FLOS.L,2025-05-28,472.875,GBp
GB00B1FXTF86,2025-05-28,8.59,GBP
GHYS.L,2025-05-28,88.695,GBP
GRAB,2025-05-28,4.97,USD
IDTG.L,2025-05-28,2.9245,GBP
IE0008368742,2025-05-28,173.31,USD
IE00B0M63516,2025-05-28,22.24,USD
IGLS.L,2025-05-28,127.75,GBP
IGWD.L,2025-05-28,10326.5,GBp
INXG.L,2025-05-28,11.1,GBP
ISPE.L,2025-05-28,6.0765,GBP
IUAG.L,2025-05-28,91.78,USD
IWDG.L,2025-05-28,979.5,GBp
JFM0003373,2025-05-28,169.58,USD
KNSL,2025-05-28,469.01,USD
LU0164881194,2025-05-28,318.17,USD
LU0196696453,2025-05-28,15.64,USD
MU0129U00005,2025-05-28,369.66,USD
QNTG.L,2025-05-28,15.71,GBP
QQQ,2025-05-28,518.91,USD
SGLN.L,2025-05-28,4756,GBp
0639.HK,2025-05-29,2.64,HKD
0P00000YAN,2025-05-29,168.99,USD
BCHS.L,2025-05-29,8647,GBp
CNX1.L,2025-05-29,91085,GBp
DPYG.L,2025-05-29,4.8315,GBP
EWQX.L,2025-05-29,468.25,GBp
FLOS.L,2025-05-29,473.35,GBp
GB00B1FXTF86,2025-05-29,8.61,GBP
GHYS.L,2025-05-29,88.98,GBP
GRAB,2025-05-29,4.89,USD
IDTG.L,2025-05-29,2.958,GBP
IE0008368742,2025-05-29,175.54,USD
IE00B0M63516,2025-05-29,22.27,USD
IGLS.L,2025-05-29,127.89,GBP
IGWD.L,2025-05-29,10340,GBp
INXG.L,2025-05-29,11.191,GBP
ISPE.L,2025-05-29,6.056,GBP
IUAG.L,2025-05-29,92.08,USD
IWDG.L,2025-05-29,979.25,GBp
JFM0003373,2025-05-29,168.99,USD
KNSL,2025-05-29,467.08,USD
MU0129U00005,2025-05-29,370.38,USD
QNTG.L,2025-05-29,15.48,GBP
QQQ,2025-05-29,519.93,USD
SGLN.L,2025-05-29,4775,GBp
0639.HK,2025-05-30,2.59,HKD
0P00000YAN,2025-05-30,167.77,USD
BCHS.L,2025-05-30,8454,GBp
CNX1.L,2025-05-30,90420,GBp
DPYG.L,2025-05-30,4.8405,GBP
EWQX.L,2025-05-30,466.45,GBp
FLOS.L,2025-05-30,473.1,GBp
GB00B1FXTF86,2025-05-30,8.56,GBP
GHYS.L,2025-05-30,88.89,GBP
GRAB,2025-05-30,4.87,USD
IDTG.L,2025-05-30,2.9635,GBP
IE0008368742,2025-05-30,172.56,USD
IE00B0M63516,2025-05-30,21.91,USD
IGLS.L,2025-05-30,128.01,GBP
IGWD.L,2025-05-30,10335,GBp
INXG.L,2025-05-30,11.242,GBP
ISPE.L,2025-05-30,6.057,GBP
IUAG.L,2025-05-30,92.23,USD
IWDG.L,2025-05-30,978.25,GBp
JFM0003373,2025-05-30,167.77,USD
KNSL,2025-05-30,471.99,USD
LU0164881194,2025-05-30,319.41,USD
LU0196696453,2025-05-30,15.29,USD
MU0129U00005,2025-05-30,368.59,USD
QNTG.L,2025-05-30,14.979,GBP
QQQ,2025-05-30,519.11,USD
SGLN.L,2025-05-30,4741,GBp
0639.HK,2025-06-02,2.56,HKD
0P00000YAN,2025-06-02,167.47,USD
BCHS.L,2025-06-02,8451,GBp
CNX1.L,2025-06-02,90100,GBp
DPYG.L,2025-06-02,4.8335,GBP
EWQX.L,2025-06-02,463.025,GBp
FLOS.L,2025-06-02,472.95,GBp
GB00B1FXTF86,2025-06-02,8.54,GBP
GHYS.L,2025-06-02,88.89,GBP
GRAB,2025-06-02,4.85,USD
IDTG.L,2025-06-02,2.928,GBP
IE00B0M63516,2025-06-02,21.93,USD
IGLS.L,2025-06-02,127.91,GBP
IGWD.L,2025-06-02,10322,GBp
INXG.L,2025-06-02,11.278,GBP
ISPE.L,2025-06-02,6.0435,GBP
IUAG.L,2025-06-02,92.05,USD
IWDG.L,2025-06-02,978.5,GBp
JFM0003373,2025-06-02,167.47,USD
KNSL,2025-06-02,473.13,USD
LU0164881194,2025-06-02,321.15,USD
LU0196696453,2025-06-02,15.36,USD
MU0129U00005,2025-06-02,369.38,USD
QNTG.L,2025-06-02,14.803,GBP
QQQ,2025-06-02,523.21,USD
SGLN.L,2025-06-02,4837,GBp
0639.HK,2025-06-03,2.57,HKD
0P00000YAN,2025-06-03,167.25,USD
BCHS.L,2025-06-03,8909.5,GBp
CNX1.L,2025-06-03,91630,GBp
DPYG.L,2025-06-03,4.8355,GBP
EWQX.L,2025-06-03,470.925,GBp
FLOS.L,2025-06-03,473.275,GBp
GB00B1FXTF86,2025-06-03,8.52,GBP
GHYS.L,2025-06-03,89.155,GBP
GRAB,2025-06-03,4.99,USD
IDTG.L,2025-06-03,2.934,GBP
IE0008368742,2025-06-03,172.75,USD
IE00B0M63516,2025-06-03,22.04,USD
IGLS.L,2025-06-03,127.98,GBP
IGWD.L,2025-06-03,10424,GBp
INXG.L,2025-06-03,11.326,GBP
ISPE.L,2025-06-03,6.11,GBP
IUAG.L,2025-06-03,91.99,USD
IWDG.L,2025-06-03,987.25,GBp
JFM0003373,2025-06-03,167.25,USD
KNSL,2025-06-03,473.99,USD
LU0164881194,2025-06-03,318.17,USD
LU0196696453,2025-06-03,15.53,USD
MU0129U00005,2025-06-03,367.20,USD
QNTG.L,2025-06-03,15.156,GBP
QQQ,2025-06-03,527.3,USD
SGLN.L,2025-06-03,4814,GBp
0639.HK,2025-06-04,2.65,HKD
0P00000YAN,2025-06-04,167.22,USD
BCHS.L,2025-06-04,8965,GBp
CNX1.L,2025-06-04,91680,GBp
DPYG.L,2025-06-04,4.83975,GBP
EWQX.L,2025-06-04,472.825,GBp
FLOS.L,2025-06-04,473.4,GBp
GB00B1FXTF86,2025-06-04,8.51,GBP
GHYS.L,2025-06-04,89.23,GBP
GRAB,2025-06-04,5.02,USD
IDTG.L,2025-06-04,2.967,GBP
IE0008368742,2025-06-04,173.53,USD
IE00B0M63516,2025-06-04,22.15,USD
IGLS.L,2025-06-04,128.05,GBP
IGWD.L,2025-06-04,10456,GBp
INXG.L,2025-06-04,11.362,GBP
ISPE.L,2025-06-04,6.137,GBP
IUAG.L,2025-06-04,92.56,USD
IWDG.L,2025-06-04,990,GBp
JFM0003373,2025-06-04,167.22,USD
KNSL,2025-06-04,467.66,USD
LU0164881194,2025-06-04,318.93,USD
LU0196696453,2025-06-04,15.66,USD
MU0129U00005,2025-06-04,367.16,USD
QNTG.L,2025-06-04,15.134,GBP
QQQ,2025-06-04,528.77,USD
SGLN.L,2025-06-04,4829,GBp
0639.HK,2025-06-05,2.67,HKD
0P00000YAN,2025-06-05,168.25,USD
BCHS.L,2025-06-05,9038.5,GBp
CNX1.L,2025-06-05,92210,GBp
DPYG.L,2025-06-05,4.848,GBP
EWQX.L,2025-06-05,474.5,GBp
FLOS.L,2025-06-05,473.525,GBp
GB00B1FXTF86,2025-06-05,8.53,GBP
GHYS.L,2025-06-05,89.29,GBP
GRAB,2025-06-05,5.06,USD
IDTG.L,2025-06-05,2.977,GBP
IE0008368742,2025-06-05,175.03,USD
IE00B0M63516,2025-06-05,22.24,USD
IGLS.L,2025-06-05,128.03,GBP
IGWD.L,2025-06-05,10483,GBp
INXG.L,2025-06-05,11.356,GBP
ISPE.L,2025-06-05,6.13,GBP
IUAG.L,2025-06-05,92.55,USD
IWDG.L,2025-06-05,993,GBp
JFM0003373,2025-06-05,168.25,USD
KNSL,2025-06-05,470.91,USD
LU0164881194,2025-06-05,321.93,USD
LU0196696453,2025-06-05,15.65,USD
MU0129U00005,2025-06-05,370.19,USD
QNTG.L,2025-06-05,15.091,GBP
QQQ,2025-06-05,524.79,USD
SGLN.L,2025-06-05,4797,GBp
0639.HK,2025-06-06,2.68,HKD
0P00000YAN,2025-06-06,167.77,USD
BCHS.L,2025-06-06,9238.5,GBp
CNX1.L,2025-06-06,92110,GBp
DPYG.L,2025-06-06,4.856,GBP
EWQX.L,2025-06-06,475.8,GBp
FLOS.L,2025-06-06,473.775,GBp
GB00B1FXTF86,2025-06-06,8.68,GBP
GHYS.L,2025-06-06,89.28,GBP
GRAB,2025-06-06,5.17,USD
IDTG.L,2025-06-06,2.9555,GBP
IE0008368742,2025-06-06,174.72,USD
IE00B0M63516,2025-06-06,22.12,USD
IGLS.L,2025-06-06,128.09,GBP
IGWD.L,2025-06-06,10490,GBp
INXG.L,2025-06-06,11.344,GBP
ISPE.L,2025-06-06,6.1435,GBP
IUAG.L,2025-06-06,92.02,USD
IWDG.L,2025-06-06,993.75,GBp
JFM0003373,2025-06-06,167.77,USD
KNSL,2025-06-06,476.13,USD
LU0164881194,2025-06-06,327.47,USD
LU0196696453,2025-06-06,15.50,USD
MU0129U00005,2025-06-06,375.20,USD
QNTG.L,2025-06-06,15.249,GBP
QQQ,2025-06-06,529.92,USD
SGLN.L,2025-06-06,4786,GBp
0639.HK,2025-06-09,2.69,HKD
0P00000YAN,2025-06-09,167.51,USD
BCHS.L,2025-06-09,9376.5,GBp
CNX1.L,2025-06-09,92150,GBp
DPYG.L,2025-06-09,4.876,GBP
EWQX.L,2025-06-09,475.7,GBp
FLOS.L,2025-06-09,473.75,GBp
GB00B1FXTF86,2025-06-09,8.73,GBP
GHYS.L,2025-06-09,89.08,GBP
GRAB,2025-06-09,4.98,USD
IDTG.L,2025-06-09,2.939,GBP
IE0008368742,2025-06-09,176.36,USD
IE00B0M63516,2025-06-09,22.09,USD
IGLS.L,2025-06-09,128.03,GBP
IGWD.L,2025-06-09,10492.5,GBp
INXG.L,2025-06-09,11.355,GBP
ISPE.L,2025-06-09,6.153,GBP
IUAG.L,2025-06-09,92.02,USD
IWDG.L,2025-06-09,994.25,GBp
JFM0003373,2025-06-09,167.51,USD
KNSL,2025-06-09,463.51,USD
MU0129U00005,2025-06-09,376.47,USD
QNTG.L,2025-06-09,15.502,GBP
QQQ,2025-06-09,530.7,USD
SGLN.L,2025-06-09,4770,GBp
0639.HK,2025-06-10,2.69,HKD
0P00000YAN,2025-06-10,167.01,USD
BCHS.L,2025-06-10,9299.5,GBp
CNX1.L,2025-06-10,92270,GBp
DPYG.L,2025-06-10,4.9035,GBP
EWQX.L,2025-06-10,478.65,GBp
FLOS.L,2025-06-10,474.05,GBp
GB00B1FXTF86,2025-06-10,8.77,GBP
GHYS.L,2025-06-10,89.07,GBP
GRAB,2025-06-10,4.68,USD
IDTG.L,2025-06-10,2.9455,GBP
IE0008368742,2025-06-10,176.30,USD
IE00B0M63516,2025-06-10,22.36,USD
IGLS.L,2025-06-10,128.27,GBP
IGWD.L,2025-06-10,10504,GBp
INXG.L,2025-06-10,11.372,GBP
ISPE.L,2025-06-10,6.18,GBP
IUAG.L,2025-06-10,92.03,USD
IWDG.L,2025-06-10,994.75,GBp
JFM0003373,2025-06-10,167.01,USD
KNSL,2025-06-10,459.24,USD
LU0164881194,2025-06-10,327.34,USD
LU0196696453,2025-06-10,15.69,USD
MU0129U00005,2025-06-10,376.37,USD
QNTG.L,2025-06-10,15.532,GBP
QQQ,2025-06-10,534.21,USD
SGLN.L,2025-06-10,4782,GBp
0639.HK,2025-06-11,2.73,HKD
0P00000YAN,2025-06-11,166.59,USD
BCHS.L,2025-06-11,9389.5,GBp
CNX1.L,2025-06-11,93010,GBp
DPYG.L,2025-06-11,4.922,GBP
EWQX.L,2025-06-11,480.1,GBp
FLOS.L,2025-06-11,473.6,GBp
GB00B1FXTF86,2025-06-11,8.74,GBP
GHYS.L,2025-06-11,89.4,GBP
GRAB,2025-06-11,4.73,USD
IDTG.L,2025-06-11,2.9595,GBP
IE0008368742,2025-06-11,177.56,USD
IE00B0M63516,2025-06-11,22.51,USD
IGLS.L,2025-06-11,128.325,GBP
IGWD.L,2025-06-11,10562,GBp
INXG.L,2025-06-11,11.4,GBP
ISPE.L,2025-06-11,6.189,GBP
IUAG.L,2025-06-11,92.29,USD
IWDG.L,2025-06-11,1000,GBp
JFM0003373,2025-06-11,166.59,USD
KNSL,2025-06-11,459.71,USD
LU0164881194,2025-06-11,327.85,USD
LU0196696453,2025-06-11,15.75,USD
MU0129U00005,2025-06-11,376.20,USD
QNTG.L,2025-06-11,15.772,GBP
QQQ,2025-06-11,532.41,USD
SGLN.L,2025-06-11,4785,GBp
0639.HK,2025-06-12,2.7,HKD
0P00000YAN,2025-06-12,166.95,USD
BCHS.L,2025-06-12,9343,GBp
CNX1.L,2025-06-12,92280,GBp
DPYG.L,2025-06-12,4.884,GBP
EWQX.L,2025-06-12,476.525,GBp
FLOS.L,2025-06-12,473.85,GBp
GB00B1FXTF86,2025-06-12,8.57,GBP
GHYS.L,2025-06-12,89.285,GBP
GRAB,2025-06-12,4.63,USD
IDTG.L,2025-06-12,2.928,GBP
IE0008368742,2025-06-12,176.86,USD
IE00B0M63516,2025-06-12,22.25,USD
IGLS.L,2025-06-12,128.58,GBP
IGWD.L,2025-06-12,10525,GBp
INXG.L,2025-06-12,11.58,GBP
ISPE.L,2025-06-12,6.159,GBP
IUAG.L,2025-06-12,92.84,USD
IWDG.L,2025-06-12,997.5,GBp
JFM0003373,2025-06-12,166.95,USD
KNSL,2025-06-12,473.94,USD
LU0164881194,2025-06-12,323.75,USD
LU0196696453,2025-06-12,15.78,USD
MU0129U00005,2025-06-12,371.74,USD
QNTG.L,2025-06-12,15.39,GBP
QQQ,2025-06-12,533.66,USD
SGLN.L,2025-06-12,4846,GBp
0639.HK,2025-06-13,2.7,HKD
0P00000YAN,2025-06-13,165.95,USD
BCHS.L,2025-06-13,9133,GBp
CNX1.L,2025-06-13,91800,GBp
DPYG.L,2025-06-13,4.8695,GBP
EWQX.L,2025-06-13,473.7,GBp
FLOS.L,2025-06-13,474.3,GBp
GB00B1FXTF86,2025-06-13,8.57,GBP
GHYS.L,2025-06-13,89.2,GBP
GRAB,2025-06-13,4.57,USD
IDTG.L,2025-06-13,2.916,GBP
IE0008368742,2025-06-13,175.23,USD
IE00B0M63516,2025-06-13,22.29,USD
IGLS.L,2025-06-13,128.38,GBP
IGWD.L,2025-06-13,10475,GBp
INXG.L,2025-06-13,11.474,GBP
ISPE.L,2025-06-13,6.147,GBP
IUAG.L,2025-06-13,92.44,USD
IWDG.L,2025-06-13,992.25,GBp
JFM0003373,2025-06-13,165.95,USD
KNSL,2025-06-13,474.32,USD
LU0164881194,2025-06-13,320.44,USD
LU0196696453,2025-06-13,15.76,USD
MU0129U00005,2025-06-13,367.25,USD
QNTG.L,2025-06-13,15.035,GBP
QQQ,2025-06-13,526.96,USD
SGLN.L,2025-06-13,4891,GBp
0639.HK,2025-06-16,2.71,HKD
0P00000YAN,2025-06-16,166.16,USD
BCHS.L,2025-06-16,9488.5,GBp
CNX1.L,2025-06-16,92570,GBp
DPYG.L,2025-06-16,4.88575,GBP
EWQX.L,2025-06-16,475.5,GBp
FLOS.L,2025-06-16,474.325,GBp
GB00B1FXTF86,2025-06-16,8.59,GBP
GHYS.L,2025-06-16,89.18,GBP
GRAB,2025-06-16,4.71,USD
IDTG.L,2025-06-16,2.9125,GBP
IE0008368742,2025-06-16,175.18,USD
IE00B0M63516,2025-06-16,22.81,USD
IGLS.L,2025-06-16,128.48,GBP
IGWD.L,2025-06-16,10532.5,GBp
INXG.L,2025-06-16,11.536,GBP
ISPE.L,2025-06-16,6.162,GBP
IUAG.L,2025-06-16,92.48,USD
IWDG.L,2025-06-16,997.25,GBp
JFM0003373,2025-06-16,166.16,USD
KNSL,2025-06-16,470.47,USD
LU0164881194,2025-06-16,323.99,USD
LU0196696453,2025-06-16,16.15,USD
MU0129U00005,2025-06-16,371.82,USD
QNTG.L,2025-06-16,15.217,GBP
QQQ,2025-06-16,534.29,USD
SGLN.L,2025-06-16,4866,GBp
0639.HK,2025-06-17,2.69,HKD
0P00000YAN,2025-06-17,166.18,USD
BCHS.L,2025-06-17,9402.5,GBp
CNX1.L,2025-06-17,92640,GBp
DPYG.L,2025-06-17,4.86925,GBP
EWQX.L,2025-06-17,477.575,GBp
FLOS.L,2025-06-17,474.45,GBp
GB00B1FXTF86,2025-06-17,8.54,GBP
GHYS.L,2025-06-17,89.265,GBP
GRAB,2025-06-17,4.8,USD
IDTG.L,2025-06-17,2.9085,GBP
IE0008368742,2025-06-17,175.33,USD
IE00B0M63516,2025-06-17,22.71,USD
IGLS.L,2025-06-17,128.4,GBP
IGWD.L,2025-06-17,10471,GBp
INXG.L,2025-06-17,11.526,GBP
ISPE.L,2025-06-17,6.131,GBP
IUAG.L,2025-06-17,92.455,USD
IWDG.L,2025-06-17,992.5,GBp
JFM0003373,2025-06-17,166.18,USD
KNSL,2025-06-17,464.51,USD
LU0164881194,2025-06-17,321.92,USD
LU0196696453,2025-06-17,16.07,USD
MU0129U00005,2025-06-17,369.70,USD
QNTG.L,2025-06-17,15.228,GBP
QQQ,2025-06-17,529.08,USD
SGLN.L,2025-06-17,4862,GBp
0639.HK,2025-06-18,2.64,HKD
0P00000YAN,2025-06-18,164.64,USD
BCHS.L,2025-06-18,9453,GBp
CNX1.L,2025-06-18,92765,GBp
DPYG.L,2025-06-18,4.89,GBP
EWQX.L,2025-06-18,476.575,GBp
FLOS.L,2025-06-18,474.25,GBp
GB00B1FXTF86,2025-06-18,8.59,GBP
GHYS.L,2025-06-18,89.36,GBP
GRAB,2025-06-18,4.66,USD
IDTG.L,2025-06-18,2.941,GBP
IE0008368742,2025-06-18,173.70,USD
IE00B0M63516,2025-06-18,22.69,USD
IGLS.L,2025-06-18,128.59,GBP
IGWD.L,2025-06-18,10469.5,GBp
INXG.L,2025-06-18,11.618,GBP
ISPE.L,2025-06-18,6.131,GBP
IUAG.L,2025-06-18,92.74,USD
IWDG.L,2025-06-18,992,GBp
JFM0003373,2025-06-18,164.64,USD
KNSL,2025-06-18,460.87,USD
LU0164881194,2025-06-18,320.02,USD
LU0196696453,2025-06-18,16.14,USD
MU0129U00005,2025-06-18,366.72,USD
QNTG.L,2025-06-18,15.305,GBP
QQQ,2025-06-18,528.99,USD
SGLN.L,2025-06-18,4887,GBp
0639.HK,2025-06-19,2.61,HKD
BCHS.L,2025-06-19,9397,GBp
CNX1.L,2025-06-19,91640,GBp
DPYG.L,2025-06-19,4.85175,GBP
EWQX.L,2025-06-19,471.25,GBp
FLOS.L,2025-06-19,474.5,GBp
GB00B1FXTF86,2025-06-19,8.51,GBP
GHYS.L,2025-06-19,89.055,GBP
IDTG.L,2025-06-19,2.9295,GBP
IE0008368742,2025-06-19,170.16,USD
IE00B0M63516,2025-06-19,22.58,USD
IGLS.L,2025-06-19,128.41,GBP
IGWD.L,2025-06-19,10350,GBp
INXG.L,2025-06-19,11.59,GBP
ISPE.L,2025-06-19,6.053,GBP
IUAG.L,2025-06-19,92.675,USD
IWDG.L,2025-06-19,980.5,GBp
LU0164881194,2025-06-19,317.63,USD
MU0129U00005,2025-06-19,364.13,USD
QNTG.L,2025-06-19,15.1,GBP
SGLN.L,2025-06-19,4869,GBp
0639.HK,2025-06-20,2.61,HKD
0P00000YAN,2025-06-20,161.65,USD
BCHS.L,2025-06-20,9521.5,GBp
CNX1.L,2025-06-20,92020,GBp
DPYG.L,2025-06-20,4.888,GBP
EWQX.L,2025-06-20,474.25,GBp
FLOS.L,2025-06-20,474.55,GBp
GB00B1FXTF86,2025-06-20,8.59,GBP
GHYS.L,2025-06-20,89.285,GBP
GRAB,2025-06-20,4.49,USD
IDTG.L,2025-06-20,2.9195,GBP
IE0008368742,2025-06-20,171.23,USD
IE00B0M63516,2025-06-20,22.45,USD
IGLS.L,2025-06-20,128.44,GBP
IGWD.L,2025-06-20,10409,GBp
INXG.L,2025-06-20,11.622,GBP
ISPE.L,2025-06-20,6.13,GBP
IUAG.L,2025-06-20,92.61,USD
IWDG.L,2025-06-20,987.75,GBp
JFM0003373,2025-06-20,161.65,USD
KNSL,2025-06-20,476.07,USD
LU0164881194,2025-06-20,322.38,USD
LU0196696453,2025-06-20,15.89,USD
MU0129U00005,2025-06-20,369.35,USD
QNTG.L,2025-06-20,15.192,GBP
QQQ,2025-06-20,526.83,USD
SGLN.L,2025-06-20,4858,GBp
0639.HK,2025-06-23,2.64,HKD
0P00000YAN,2025-06-23,160.43,USD
BCHS.L,2025-06-23,9265.5,GBp
CNX1.L,2025-06-23,92260,GBp
DPYG.L,2025-06-23,4.907,GBP
EWQX.L,2025-06-23,473.825,GBp
FLOS.L,2025-06-23,474.75,GBp
GB00B1FXTF86,2025-06-23,8.61,GBP
GHYS.L,2025-06-23,89.285,GBP
GRAB,2025-06-23,4.56,USD
IDTG.L,2025-06-23,2.945,GBP
IE0008368742,2025-06-23,170.84,USD
IE00B0M63516,2025-06-23,22.36,USD
IGLS.L,2025-06-23,128.61,GBP
IGWD.L,2025-06-23,10422,GBp
INXG.L,2025-06-23,11.746,GBP
ISPE.L,2025-06-23,6.1305,GBP
IUAG.L,2025-06-23,92.96,USD
IWDG.L,2025-06-23,987.5,GBp
JFM0003373,2025-06-23,160.43,USD
KNSL,2025-06-23,478.02,USD
MU0129U00005,2025-06-23,367.69,USD
QNTG.L,2025-06-23,14.991,GBP
QQQ,2025-06-23,531.65,USD
SGLN.L,2025-06-23,4876,GBp
0639.HK,2025-06-24,2.7,HKD
0P00000YAN,2025-06-24,164.25,USD
BCHS.L,2025-06-24,9483,GBp
CNX1.L,2025-06-24,93180,GBp
DPYG.L,2025-06-24,4.92625,GBP
EWQX.L,2025-06-24,478.025,GBp
FLOS.L,2025-06-24,474.45,GBp
GB00B1FXTF86,2025-06-24,8.60,GBP
GHYS.L,2025-06-24,89.73,GBP
GRAB,2025-06-24,4.74,USD
IDTG.L,2025-06-24,2.94,GBP
IE0008368742,2025-06-24,173.99,USD
IE00B0M63516,2025-06-24,22.78,USD
IGLS.L,2025-06-24,128.72,GBP
IGWD.L,2025-06-24,10566,GBp
INXG.L,2025-06-24,11.66,GBP
ISPE.L,2025-06-24,6.216,GBP
IUAG.L,2025-06-24,93.19,USD
IWDG.L,2025-06-24,1001,GBp
JFM0003373,2025-06-24,164.25,USD
KNSL,2025-06-24,478.33,USD
LU0164881194,2025-06-24,324.45,USD
LU0196696453,2025-06-24,16.08,USD
MU0129U00005,2025-06-24,372.60,USD
QNTG.L,2025-06-24,15.256,GBP
QQQ,2025-06-24,539.78,USD
SGLN.L,2025-06-24,4724,GBp
0639.HK,2025-06-25,2.7,HKD
0P00000YAN,2025-06-25,164.15,USD
BCHS.L,2025-06-25,9633.5,GBp
CNX1.L,2025-06-25,93500,GBp
DPYG.L,2025-06-25,4.872,GBP
EWQX.L,2025-06-25,477.95,GBp
FLOS.L,2025-06-25,474.75,GBp
GB00B1FXTF86,2025-06-25,8.65,GBP
GHYS.L,2025-06-25,89.32,GBP
GRAB,2025-06-25,4.59,USD
IDTG.L,2025-06-25,2.938,GBP
IE0008368742,2025-06-25,176.56,USD
IE00B0M63516,2025-06-25,22.28,USD
IGLS.L,2025-06-25,128.79,GBP
IGWD.L,2025-06-25,10563,GBp
INXG.L,2025-06-25,11.652,GBP
ISPE.L,2025-06-25,6.181,GBP
IUAG.L,2025-06-25,93.13,USD
IWDG.L,2025-06-25,1001,GBp
JFM0003373,2025-06-25,164.15,USD
KNSL,2025-06-25,465.83,USD
LU0164881194,2025-06-25,326.82,USD
LU0196696453,2025-06-25,15.88,USD
MU0129U00005,2025-06-25,374.76,USD
QNTG.L,2025-06-25,15.244,GBP
QQQ,2025-06-25,541.16,USD
SGLN.L,2025-06-25,4742,GBp
0639.HK,2025-06-26,2.73,HKD
0P00000YAN,2025-06-26,165.58,USD
BCHS.L,2025-06-26,9440,GBp
CNX1.L,2025-06-26,93225,GBp
DPYG.L,2025-06-26,4.826,GBP
EWQX.L,2025-06-26,475.525,GBp
FLOS.L,2025-06-26,474.85,GBp
GB00B1FXTF86,2025-06-26,8.66,GBP
GHYS.L,2025-06-26,89.4,GBP
GRAB,2025-06-26,4.67,USD
IDTG.L,2025-06-26,2.9555,GBP
IE0008368742,2025-06-26,176.08,USD
IE00B0M63516,2025-06-26,22.59,USD
IGLS.L,2025-06-26,128.77,GBP
IGWD.L,2025-06-26,10618,GBp
INXG.L,2025-06-26,11.608,GBP
ISPE.L,2025-06-26,6.221,GBP
IUAG.L,2025-06-26,93.33,USD
IWDG.L,2025-06-26,1005.5,GBp
JFM0003373,2025-06-26,165.58,USD
KNSL,2025-06-26,476.4,USD
LU0164881194,2025-06-26,330.99,USD
LU0196696453,2025-06-26,16.07,USD
MU0129U00005,2025-06-26,379.44,USD
QNTG.L,2025-06-26,15.153,GBP
QQQ,2025-06-26,546.22,USD
SGLN.L,2025-06-26,4696,GBp
0639.HK,2025-06-27,2.83,HKD
0P00000YAN,2025-06-27,165.58,USD
BCHS.L,2025-06-27,9799.5,GBp
CNX1.L,2025-06-27,94380,GBp
DPYG.L,2025-06-27,4.86775,GBP
EWQX.L,2025-06-27,480.325,GBp
FLOS.L,2025-06-27,474.9,GBp
GB00B1FXTF86,2025-06-27,8.74,GBP
GHYS.L,2025-06-27,89.79,GBP
GRAB,2025-06-27,4.92,USD
IDTG.L,2025-06-27,2.963,GBP
IE0008368742,2025-06-27,175.69,USD
IE00B0M63516,2025-06-27,22.73,USD
IGLS.L,2025-06-27,128.775,GBP
IGWD.L,2025-06-27,10712.5,GBp
INXG.L,2025-06-27,11.542,GBP
ISPE.L,2025-06-27,6.262,GBP
IUAG.L,2025-06-27,93.32,USD
IWDG.L,2025-06-27,1015,GBp
JFM0003373,2025-06-27,165.58,USD
KNSL,2025-06-27,473.31,USD
LU0164881194,2025-06-27,332.79,USD
LU0196696453,2025-06-27,16.10,USD
MU0129U00005,2025-06-27,381.63,USD
QNTG.L,2025-06-27,15.392,GBP
QQQ,2025-06-27,548.09,USD
SGLN.L,2025-06-27,4636,GBp
0639.HK,2025-06-30,2.86,HKD
0P00000YAN,2025-06-30,165.99,USD
BCHS.L,2025-06-30,10109,GBp
CNX1.L,2025-06-30,94560,GBp
DPYG.L,2025-06-30,4.8235,GBP
EWQX.L,2025-06-30,480.6,GBp
FLOS.L,2025-06-30,475.15,GBp
GB00B1FXTF86,2025-06-30,8.78,GBP
GHYS.L,2025-06-30,89.69,GBP
GRAB,2025-06-30,5.03,USD
IDTG.L,2025-06-30,2.965,GBP
IE0008368742,2025-06-30,175.09,USD
IE00B0M63516,2025-06-30,23.02,USD
IGLS.L,2025-06-30,128.85,GBP
IGWD.L,2025-06-30,10719,GBp
INXG.L,2025-06-30,11.504,GBP
ISPE.L,2025-06-30,6.263,GBP
IUAG.L,2025-06-30,93.49,USD
IWDG.L,2025-06-30,1016,GBp
JFM0003373,2025-06-30,165.99,USD
KNSL,2025-06-30,483.9,USD
LU0164881194,2025-06-30,330.14,USD
LU0196696453,2025-06-30,16.34,USD
MU0129U00005,2025-06-30,378.63,USD
QNTG.L,2025-06-30,15.469,GBP
QQQ,2025-06-30,551.64,USD
SGLN.L,2025-06-30,4658,GBp
BCHS.L,2025-07-01,10032,GBp
CNX1.L,2025-07-01,93930,GBp
DPYG.L,2025-07-01,4.894,GBP
EWQX.L,2025-07-01,482.725,GBp
FLOS.L,2025-07-01,475.45,GBp
GB00B1FXTF86,2025-07-01,8.74,GBP
GHYS.L,2025-07-01,90.05,GBP
GRAB,2025-07-01,4.93,USD
IDTG.L,2025-07-01,2.975,GBP
IE00B0M63516,2025-07-01,23.15,USD
IGLS.L,2025-07-01,128.95,GBP
IGWD.L,2025-07-01,10710,GBp
INXG.L,2025-07-01,11.578,GBP
ISPE.L,2025-07-01,6.351,GBP
IUAG.L,2025-07-01,93.54,USD
IWDG.L,2025-07-01,1015,GBp
KNSL,2025-07-01,479.39,USD
LU0164881194,2025-07-01,331.64,USD
LU0196696453,2025-07-01,16.48,USD
QNTG.L,2025-07-01,15.42,GBP
QQQ,2025-07-01,546.99,USD
SGLN.L,2025-07-01,4734,GBp
0639.HK,2025-07-02,2.9,HKD
0P00000YAN,2025-07-02,166.23,USD
BCHS.L,2025-07-02,10338,GBp
CNX1.L,2025-07-02,95095,GBp
DPYG.L,2025-07-02,4.879,GBP
EWQX.L,2025-07-02,487.025,GBp
FLOS.L,2025-07-02,475.525,GBp
GB00B1FXTF86,2025-07-02,8.74,GBP
GHYS.L,2025-07-02,89.94,GBP
GRAB,2025-07-02,4.9,USD
IDTG.L,2025-07-02,2.962,GBP
IE0008368742,2025-07-02,176.00,USD
IE00B0M63516,2025-07-02,23.30,USD
IGLS.L,2025-07-02,128.7,GBP
IGWD.L,2025-07-02,10742,GBp
INXG.L,2025-07-02,11.34,GBP
ISPE.L,2025-07-02,6.345,GBP
IUAG.L,2025-07-02,93.45,USD
IWDG.L,2025-07-02,1018.5,GBp
JFM0003373,2025-07-02,166.23,USD
KNSL,2025-07-02,473.13,USD
LU0164881194,2025-07-02,329.70,USD
LU0196696453,2025-07-02,16.42,USD
MU0129U00005,2025-07-02,376.57,USD
QNTG.L,2025-07-02,15.661,GBP
QQQ,2025-07-02,550.8,USD
SGLN.L,2025-07-02,4767,GBp
0639.HK,2025-07-03,2.89,HKD
0P00000YAN,2025-07-03,166.28,USD
BCHS.L,2025-07-03,10542,GBp
CNX1.L,2025-07-03,95910,GBp
DPYG.L,2025-07-03,4.9135,GBP
EWQX.L,2025-07-03,491,GBp
FLOS.L,2025-07-03,475.7,GBp
GB00B1FXTF86,2025-07-03,8.80,GBP
GHYS.L,2025-07-03,89.99,GBP
GRAB,2025-07-03,4.87,USD
IDTG.L,2025-07-03,2.9485,GBP
IE0008368742,2025-07-03,176.91,USD
IE00B0M63516,2025-07-03,23.57,USD
IGLS.L,2025-07-03,128.89,GBP
IGWD.L,2025-07-03,10838,GBp
INXG.L,2025-07-03,11.415,GBP
ISPE.L,2025-07-03,6.401,GBP
IUAG.L,2025-07-03,93.29,USD
IWDG.L,2025-07-03,1028.5,GBp
JFM0003373,2025-07-03,166.28,USD
KNSL,2025-07-03,476.16,USD
LU0164881194,2025-07-03,330.91,USD
LU0196696453,2025-07-03,16.70,USD
MU0129U00005,2025-07-03,378.50,USD
QNTG.L,2025-07-03,15.951,GBP
QQQ,2025-07-03,556.22,USD
SGLN.L,2025-07-03,4736,GBp
0639.HK,2025-07-04,2.89,HKD
BCHS.L,2025-07-04,10410,GBp
CNX1.L,2025-07-04,95430,GBp
DPYG.L,2025-07-04,4.8845,GBP
EWQX.L,2025-07-04,488.7,GBp
FLOS.L,2025-07-04,475.7,GBp
GB00B1FXTF86,2025-07-04,8.82,GBP
GHYS.L,2025-07-04,90.08,GBP
IDTG.L,2025-07-04,2.94,GBP
IE0008368742,2025-07-04,176.54,USD
IE00B0M63516,2025-07-04,23.65,USD
IGLS.L,2025-07-04,128.815,GBP
IGWD.L,2025-07-04,10774.5,GBp
INXG.L,2025-07-04,11.391,GBP
ISPE.L,2025-07-04,6.359,GBP
IUAG.L,2025-07-04,93.34,USD
IWDG.L,2025-07-04,1022.5,GBp
LU0164881194,2025-07-04,331.59,USD
LU0196696453,2025-07-04,16.76,USD
MU0129U00005,2025-07-04,379.60,USD
QNTG.L,2025-07-04,15.893,GBP
SGLN.L,2025-07-04,4744.5,GBp
0639.HK,2025-07-07,2.89,HKD
0P00000YAN,2025-07-07,166.36,USD
BCHS.L,2025-07-07,10342,GBp
CNX1.L,2025-07-07,95440,GBp
DPYG.L,2025-07-07,4.8965,GBP
EWQX.L,2025-07-07,487.95,GBp
FLOS.L,2025-07-07,475.975,GBp
GB00B1FXTF86,2025-07-07,8.75,GBP
GHYS.L,2025-07-07,90.035,GBP
GRAB,2025-07-07,4.97,USD
IDTG.L,2025-07-07,2.921,GBP
IE0008368742,2025-07-07,175.54,USD
IE00B0M63516,2025-07-07,23.20,USD
IGLS.L,2025-07-07,128.84,GBP
IGWD.L,2025-07-07,10788,GBp
INXG.L,2025-07-07,11.32,GBP
ISPE.L,2025-07-07,6.358,GBP
IUAG.L,2025-07-07,93.07,USD
IWDG.L,2025-07-07,1022.5,GBp
JFM0003373,2025-07-07,166.36,USD
KNSL,2025-07-07,474.56,USD
LU0164881194,2025-07-07,329.97,USD
LU0196696453,2025-07-07,16.52,USD
MU0129U00005,2025-07-07,377.52,USD
QNTG.L,2025-07-07,15.972,GBP
QQQ,2025-07-07,552.03,USD
SGLN.L,2025-07-07,4730,GBp
0639.HK,2025-07-08,2.89,HKD
0P00000YAN,2025-07-08,165.85,USD
BCHS.L,2025-07-08,10361,GBp
CNX1.L,2025-07-08,95810,GBp
DPYG.L,2025-07-08,4.854,GBP
EWQX.L,2025-07-08,491.65,GBp
FLOS.L,2025-07-08,476.075,GBp
GB00B1FXTF86,2025-07-08,8.81,GBP
GHYS.L,2025-07-08,90.11,GBP
GRAB,2025-07-08,4.8,USD
IDTG.L,2025-07-08,2.9055,GBP
IE0008368742,2025-07-08,177.26,USD
IE00B0M63516,2025-07-08,23.11,USD
IGLS.L,2025-07-08,128.73,GBP
IGWD.L,2025-07-08,10770,GBp
INXG.L,2025-07-08,11.232,GBP
ISPE.L,2025-07-08,6.361,GBP
IUAG.L,2025-07-08,92.85,USD
IWDG.L,2025-07-08,1021.5,GBp
JFM0003373,2025-07-08,165.85,USD
KNSL,2025-07-08,485.19,USD
LU0164881194,2025-07-08,330.83,USD
LU0196696453,2025-07-08,16.36,USD
MU0129U00005,2025-07-08,378.92,USD
QNTG.L,2025-07-08,16.002,GBP
QQQ,2025-07-08,552.34,USD
SGLN.L,2025-07-08,4719,GBp
0639.HK,2025-07-09,2.6,HKD
0P00000YAN,2025-07-09,166.19,USD
BCHS.L,2025-07-09,10307,GBp
CNX1.L,2025-07-09,96120,GBp
DPYG.L,2025-07-09,4.853,GBP
EWQX.L,2025-07-09,490.725,GBp
FLOS.L,2025-07-09,476.15,GBp
GB00B1FXTF86,2025-07-09,8.82,GBP
GHYS.L,2025-07-09,90.09,GBP
GRAB,2025-07-09,4.99,USD
IDTG.L,2025-07-09,2.93,GBP
IE0008368742,2025-07-09,176.58,USD
IE00B0M63516,2025-07-09,22.92,USD
IGLS.L,2025-07-09,128.83,GBP
IGWD.L,2025-07-09,10804,GBp
INXG.L,2025-07-09,11.277,GBP
ISPE.L,2025-07-09,6.351,GBP
IUAG.L,2025-07-09,93.04,USD
IWDG.L,2025-07-09,1024.5,GBp
JFM0003373,2025-07-09,166.19,USD
KNSL,2025-07-09,488.96,USD
LU0164881194,2025-07-09,330.27,USD
LU0196696453,2025-07-09,16.22,USD
MU0129U00005,2025-07-09,379.58,USD
QNTG.L,2025-07-09,15.922,GBP
QQQ,2025-07-09,556.25,USD
SGLN.L,2025-07-09,4731,GBp
0639.HK,2025-07-10,2.62,HKD
0P00000YAN,2025-07-10,166.8,USD
BCHS.L,2025-07-10,10477,GBp
CNX1.L,2025-07-10,96380,GBp
DPYG.L,2025-07-10,4.8735,GBP
EWQX.L,2025-07-10,492.925,GBp
FLOS.L,2025-07-10,476.275,GBp
GB00B1FXTF86,2025-07-10,8.81,GBP
GHYS.L,2025-07-10,90.185,GBP
GRAB,2025-07-10,4.92,USD
IDTG.L,2025-07-10,2.936,GBP
IE0008368742,2025-07-10,177.60,USD
IE00B0M63516,2025-07-10,22.29,USD
IGLS.L,2025-07-10,128.83,GBP
IGWD.L,2025-07-10,10859,GBp
INXG.L,2025-07-10,11.304,GBP
ISPE.L,2025-07-10,6.4335,GBP
IUAG.L,2025-07-10,93.2,USD
IWDG.L,2025-07-10,1030,GBp
JFM0003373,2025-07-10,166.8,USD
KNSL,2025-07-10,489.15,USD
LU0164881194,2025-07-10,328.83,USD
LU0196696453,2025-07-10,15.75,USD
MU0129U00005,2025-07-10,377.59,USD
QNTG.L,2025-07-10,15.997,GBP
QQQ,2025-07-10,555.45,USD
SGLN.L,2025-07-10,4755,GBp
0639.HK,2025-07-11,2.64,HKD
0P00000YAN,2025-07-11,167.53,USD
BCHS.L,2025-07-11,10601,GBp
CNX1.L,2025-07-11,96660,GBp
DPYG.L,2025-07-11,4.8525,GBP
EWQX.L,2025-07-11,490.55,GBp
FLOS.L,2025-07-11,476.45,GBp
GB00B1FXTF86,2025-07-11,8.76,GBP
GHYS.L,2025-07-11,89.96,GBP
GRAB,2025-07-11,5,USD
IDTG.L,2025-07-11,2.9165,GBP
IE0008368742,2025-07-11,178.09,USD
IE00B0M63516,2025-07-11,22.12,USD
IGLS.L,2025-07-11,128.84,GBP
IGWD.L,2025-07-11,10807,GBp
INXG.L,2025-07-11,11.344,GBP
ISPE.L,2025-07-11,6.367,GBP
IUAG.L,2025-07-11,93.11,USD
IWDG.L,2025-07-11,1026,GBp
JFM0003373,2025-07-11,167.53,USD
KNSL,2025-07-11,479.82,USD
LU0164881194,2025-07-11,324.73,USD
LU0196696453,2025-07-11,15.66,USD
MU0129U00005,2025-07-11,372.46,USD
QNTG.L,2025-07-11,15.788,GBP
QQQ,2025-07-11,554.2,USD
SGLN.L,2025-07-11,4838,GBp
0639.HK,2025-07-14,2.66,HKD
0P00000YAN,2025-07-14,168.01,USD
BCHS.L,2025-07-14,10717,GBp
CNX1.L,2025-07-14,97210,GBp
DPYG.L,2025-07-14,4.89225,GBP
EWQX.L,2025-07-14,493.95,GBp
FLOS.L,2025-07-14,476.25,GBp
GB00B1FXTF86,2025-07-14,8.83,GBP
GHYS.L,2025-07-14,90.23,GBP
GRAB,2025-07-14,5.01,USD
IDTG.L,2025-07-14,2.8945,GBP
IE0008368742,2025-07-14,177.91,USD
IE00B0M63516,2025-07-14,22.09,USD
IGLS.L,2025-07-14,129.02,GBP
IGWD.L,2025-07-14,10819.5,GBp
INXG.L,2025-07-14,11.354,GBP
ISPE.L,2025-07-14,6.365,GBP
IUAG.L,2025-07-14,93.02,USD
IWDG.L,2025-07-14,1027,GBp
JFM0003373,2025-07-14,168.01,USD
KNSL,2025-07-14,489.89,USD
LU0164881194,2025-07-14,325.74,USD
LU0196696453,2025-07-14,15.60,USD
MU0129U00005,2025-07-14,372.07,USD
QNTG.L,2025-07-14,15.802,GBP
QQQ,2025-07-14,556.21,USD
SGLN.L,2025-07-14,4832,GBp
0639.HK,2025-07-15,2.64,HKD
0P00000YAN,2025-07-15,168.88,USD
BCHS.L,2025-07-15,10564,GBp
CNX1.L,2025-07-15,98360,GBp
DPYG.L,2025-07-15,4.86825,GBP
EWQX.L,2025-07-15,496.125,GBp
FLOS.L,2025-07-15,476.25,GBp
GB00B1FXTF86,2025-07-15,8.93,GBP
GHYS.L,2025-07-15,90.05,GBP
GRAB,2025-07-15,5.04,USD
IDTG.L,2025-07-15,2.8785,GBP
IE0008368742,2025-07-15,179.59,USD
IE00B0M63516,2025-07-15,22.04,USD
IGLS.L,2025-07-15,128.89,GBP
IGWD.L,2025-07-15,10824.5,GBp
INXG.L,2025-07-15,11.315,GBP
ISPE.L,2025-07-15,6.324,GBP
IUAG.L,2025-07-15,92.53,USD
IWDG.L,2025-07-15,1027,GBp
JFM0003373,2025-07-15,168.88,USD
KNSL,2025-07-15,476.89,USD
LU0164881194,2025-07-15,328.85,USD
LU0196696453,2025-07-15,15.62,USD
MU0129U00005,2025-07-15,376.60,USD
QNTG.L,2025-07-15,15.831,GBP
QQQ,2025-07-15,556.72,USD
SGLN.L,2025-07-15,4827,GBp
0639.HK,2025-07-16,2.64,HKD
0P00000YAN,2025-07-16,168.66,USD
BCHS.L,2025-07-16,10659,GBp
CNX1.L,2025-07-16,96700,GBp
DPYG.L,2025-07-16,4.85825,GBP
EWQX.L,2025-07-16,488.425,GBp
FLOS.L,2025-07-16,476.575,GBp
GB00B1FXTF86,2025-07-16,8.92,GBP
GHYS.L,2025-07-16,90.005,GBP
GRAB,2025-07-16,5.13,USD
IDTG.L,2025-07-16,2.8525,GBP
IE0008368742,2025-07-16,179.76,USD
IE00B0M63516,2025-07-16,22.09,USD
IGLS.L,2025-07-16,128.89,GBP
IGWD.L,2025-07-16,10730,GBp
INXG.L,2025-07-16,11.309,GBP
ISPE.L,2025-07-16,6.243,GBP
IUAG.L,2025-07-16,92.63,USD
IWDG.L,2025-07-16,1018.5,GBp
JFM0003373,2025-07-16,168.66,USD
KNSL,2025-07-16,484.87,USD
LU0164881194,2025-07-16,328.43,USD
LU0196696453,2025-07-16,15.58,USD
MU0129U00005,2025-07-16,376.44,USD
QNTG.L,2025-07-16,15.869,GBP
QQQ,2025-07-16,557.29,USD
SGLN.L,2025-07-16,4864,GBp
0639.HK,2025-07-17,2.66,HKD
0P00000YAN,2025-07-17,170.85,USD
BCHS.L,2025-07-17,10949,GBp
CNX1.L,2025-07-17,98500,GBp
DPYG.L,2025-07-17,4.8715,GBP
EWQX.L,2025-07-17,497.275,GBp
FLOS.L,2025-07-17,476.7,GBp
GB00B1FXTF86,2025-07-17,8.94,GBP
GHYS.L,2025-07-17,90.17,GBP
GRAB,2025-07-17,5.25,USD
IDTG.L,2025-07-17,2.8955,GBP
IE0008368742,2025-07-17,180.43,USD
IE00B0M63516,2025-07-17,22.31,USD
IGLS.L,2025-07-17,126.28,GBP
IGWD.L,2025-07-17,10866,GBp
INXG.L,2025-07-17,11.298,GBP
ISPE.L,2025-07-17,6.34,GBP
IUAG.L,2025-07-17,92.835,USD
IWDG.L,2025-07-17,1027.5,GBp
JFM0003373,2025-07-17,170.85,USD
KNSL,2025-07-17,483.74,USD
LU0164881194,2025-07-17,327.30,USD
LU0196696453,2025-07-17,15.86,USD
MU0129U00005,2025-07-17,374.89,USD
QNTG.L,2025-07-17,16.447,GBP
QQQ,2025-07-17,561.8,USD
SGLN.L,2025-07-17,4832,GBp
0639.HK,2025-07-18,2.67,HKD
0P00000YAN,2025-07-18,172.02,USD
BCHS.L,2025-07-18,11003,GBp
CNX1.L,2025-07-18,98300,GBp
DPYG.L,2025-07-18,4.8755,GBP
EWQX.L,2025-07-18,496.675,GBp
FLOS.L,2025-07-18,477,GBp
GB00B1FXTF86,2025-07-18,8.85,GBP
GHYS.L,2025-07-18,90.18,GBP
GRAB,2025-07-18,5.34,USD
IDTG.L,2025-07-18,2.894,GBP
IE0008368742,2025-07-18,182.20,USD
IE00B0M63516,2025-07-18,22.11,USD
IGLS.L,2025-07-18,126.33,GBP
IGWD.L,2025-07-18,10878,GBp
INXG.L,2025-07-18,11.254,GBP
ISPE.L,2025-07-18,6.364,GBP
IUAG.L,2025-07-18,92.93,USD
IWDG.L,2025-07-18,1028,GBp
JFM0003373,2025-07-18,172.02,USD
KNSL,2025-07-18,480.18,USD
LU0164881194,2025-07-18,324.61,USD
LU0196696453,2025-07-18,15.75,USD
MU0129U00005,2025-07-18,372.56,USD
QNTG.L,2025-07-18,16.45,GBP
QQQ,2025-07-18,561.26,USD
SGLN.L,2025-07-18,4845,GBp
0639.HK,2025-07-21,2.75,HKD
0P00000YAN,2025-07-21,171.02,USD
BCHS.L,2025-07-21,11255,GBp
CNX1.L,2025-07-21,98560,GBp
DPYG.L,2025-07-21,4.913,GBP
EWQX.L,2025-07-21,497.3,GBp
FLOS.L,2025-07-21,477.225,GBp
GB00B1FXTF86,2025-07-21,8.89,GBP
GHYS.L,2025-07-21,90.11,GBP
GRAB,2025-07-21,5.35,USD
IDTG.L,2025-07-21,2.9275,GBP
IE0008368742,2025-07-21,182.95,USD
IE00B0M63516,2025-07-21,22.07,USD
IGLS.L,2025-07-21,126.5,GBP
IGWD.L,2025-07-21,10921,GBp
INXG.L,2025-07-21,11.33,GBP
ISPE.L,2025-07-21,6.387,GBP
IUAG.L,2025-07-21,93.25,USD
IWDG.L,2025-07-21,1033,GBp
JFM0003373,2025-07-21,171.02,USD
KNSL,2025-07-21,476.02,USD
LU0164881194,2025-07-21,326.30,USD
LU0196696453,2025-07-21,15.57,USD
MU0129U00005,2025-07-21,374.74,USD
QNTG.L,2025-07-21,16.724,GBP
QQQ,2025-07-21,564.17,USD
SGLN.L,2025-07-21,4888,GBp
0639.HK,2025-07-22,2.9,HKD
0P00000YAN,2025-07-22,170.55,USD
BCHS.L,2025-07-22,10772,GBp
CNX1.L,2025-07-22,97770,GBp
DPYG.L,2025-07-22,4.93175,GBP
EWQX.L,2025-07-22,496.475,GBp
FLOS.L,2025-07-22,477.15,GBp
GB00B1FXTF86,2025-07-22,8.85,GBP
GHYS.L,2025-07-22,90.14,GBP
GRAB,2025-07-22,5.47,USD
IDTG.L,2025-07-22,2.9355,GBP
IE0008368742,2025-07-22,183.98,USD
IE00B0M63516,2025-07-22,22.02,USD
IGLS.L,2025-07-22,126.6,GBP
IGWD.L,2025-07-22,10868,GBp
INXG.L,2025-07-22,11.388,GBP
ISPE.L,2025-07-22,6.393,GBP
IUAG.L,2025-07-22,93.4,USD
IWDG.L,2025-07-22,1027.5,GBp
JFM0003373,2025-07-22,170.55,USD
KNSL,2025-07-22,485.37,USD
LU0164881194,2025-07-22,326.38,USD
LU0196696453,2025-07-22,15.59,USD
MU0129U00005,2025-07-22,374.59,USD
QNTG.L,2025-07-22,16.156,GBP
QQQ,2025-07-22,561.25,USD
SGLN.L,2025-07-22,4923,GBp
0639.HK,2025-07-23,2.85,HKD
0P00000YAN,2025-07-23,172.46,USD
BCHS.L,2025-07-23,10903,GBp
CNX1.L,2025-07-23,97460,GBp
DPYG.L,2025-07-23,4.95275,GBP
EWQX.L,2025-07-23,495.575,GBp
FLOS.L,2025-07-23,477.25,GBp
GB00B1FXTF86,2025-07-23,8.80,GBP
GHYS.L,2025-07-23,90.45,GBP
GRAB,2025-07-23,5.37,USD
IDTG.L,2025-07-23,2.917,GBP
IE0008368742,2025-07-23,186.04,USD
IE00B0M63516,2025-07-23,22.10,USD
IGLS.L,2025-07-23,126.58,GBP
IGWD.L,2025-07-23,10953,GBp
INXG.L,2025-07-23,11.33,GBP
ISPE.L,2025-07-23,6.45,GBP
IUAG.L,2025-07-23,93.22,USD
IWDG.L,2025-07-23,1034.5,GBp
JFM0003373,2025-07-23,172.46,USD
KNSL,2025-07-23,479.18,USD
LU0164881194,2025-07-23,327.32,USD
LU0196696453,2025-07-23,15.57,USD
MU0129U00005,2025-07-23,375.52,USD
QNTG.L,2025-07-23,16.325,GBP
QQQ,2025-07-23,563.81,USD
SGLN.L,2025-07-23,4886,GBp
0639.HK,2025-07-24,2.89,HKD
0P00000YAN,2025-07-24,173.48,USD
BCHS.L,2025-07-24,10990,GBp
CNX1.L,2025-07-24,98300,GBp
DPYG.L,2025-07-24,4.93775,GBP
EWQX.L,2025-07-24,498.675,GBp
FLOS.L,2025-07-24,477.4,GBp
GB00B1FXTF86,2025-07-24,8.76,GBP
GHYS.L,2025-07-24,90.405,GBP
GRAB,2025-07-24,5.34,USD
IDTG.L,2025-07-24,2.9165,GBP
IE0008368742,2025-07-24,186.64,USD
IE00B0M63516,2025-07-24,21.99,USD
IGLS.L,2025-07-24,126.62,GBP
IGWD.L,2025-07-24,11020,GBp
INXG.L,2025-07-24,11.366,GBP
ISPE.L,2025-07-24,6.473,GBP
IUAG.L,2025-07-24,93.165,USD
IWDG.L,2025-07-24,1042,GBp
JFM0003373,2025-07-24,173.48,USD
KNSL,2025-07-24,476.52,USD
LU0164881194,2025-07-24,325.63,USD
LU0196696453,2025-07-24,15.52,USD
MU0129U00005,2025-07-24,372.68,USD
QNTG.L,2025-07-24,16.486,GBP
QQQ,2025-07-24,565.01,USD
SGLN.L,2025-07-24,4841,GBp
0639.HK,2025-07-25,2.91,HKD
0P00000YAN,2025-07-25,172.1,USD
BCHS.L,2025-07-25,10833,GBp
CNX1.L,2025-07-25,99270,GBp
DPYG.L,2025-07-25,4.91,GBP
EWQX.L,2025-07-25,501.15,GBp
FLOS.L,2025-07-25,477.475,GBp
GB00B1FXTF86,2025-07-25,8.67,GBP
GHYS.L,2025-07-25,90.3,GBP
GRAB,2025-07-25,5.36,USD
IDTG.L,2025-07-25,2.912,GBP
IE0008368742,2025-07-25,184.78,USD
IE00B0M63516,2025-07-25,21.85,USD
IGLS.L,2025-07-25,126.53,GBP
IGWD.L,2025-07-25,11021.5,GBp
INXG.L,2025-07-25,11.318,GBP
ISPE.L,2025-07-25,6.452,GBP
IUAG.L,2025-07-25,93.135,USD
IWDG.L,2025-07-25,1041.75,GBp
JFM0003373,2025-07-25,172.1,USD
KNSL,2025-07-25,477.35,USD
LU0164881194,2025-07-25,322.31,USD
LU0196696453,2025-07-25,15.42,USD
MU0129U00005,2025-07-25,368.37,USD
QNTG.L,2025-07-25,16.299,GBP
QQQ,2025-07-25,566.37,USD
SGLN.L,2025-07-25,4812,GBp
0639.HK,2025-07-28,2.86,HKD
0P00000YAN,2025-07-28,171.78,USD
BCHS.L,2025-07-28,10834,GBp
CNX1.L,2025-07-28,99745,GBp
DPYG.L,2025-07-28,4.914,GBP
EWQX.L,2025-07-28,504.45,GBp
FLOS.L,2025-07-28,477.7,GBp
GB00B1FXTF86,2025-07-28,8.60,GBP
GHYS.L,2025-07-28,90.495,GBP
GRAB,2025-07-28,5.28,USD
IDTG.L,2025-07-28,2.914,GBP
IE0008368742,2025-07-28,184.48,USD
IE00B0M63516,2025-07-28,21.59,USD
IGLS.L,2025-07-28,126.43,GBP
IGWD.L,2025-07-28,11025,GBp
INXG.L,2025-07-28,11.305,GBP
ISPE.L,2025-07-28,6.466,GBP
IUAG.L,2025-07-28,93.16,USD
IWDG.L,2025-07-28,1041.5,GBp
JFM0003373,2025-07-28,171.78,USD
KNSL,2025-07-28,472.35,USD
LU0164881194,2025-07-28,318.90,USD
LU0196696453,2025-07-28,15.18,USD
MU0129U00005,2025-07-28,365.61,USD
QNTG.L,2025-07-28,16.272,GBP
QQQ,2025-07-28,568.14,USD
SGLN.L,2025-07-28,4806,GBp
0639.HK,2025-07-29,2.94,HKD
0P00000YAN,2025-07-29,171.19,USD
BCHS.L,2025-07-29,10599,GBp
CNX1.L,2025-07-29,100280,GBp
DPYG.L,2025-07-29,4.919,GBP
EWQX.L,2025-07-29,506.35,GBp
FLOS.L,2025-07-29,477.55,GBp
GB00B1FXTF86,2025-07-29,8.68,GBP
GHYS.L,2025-07-29,90.39,GBP
GRAB,2025-07-29,5.31,USD
IDTG.L,2025-07-29,2.946,GBP
IE0008368742,2025-07-29,184.52,USD
IE00B0M63516,2025-07-29,21.64,USD
IGLS.L,2025-07-29,126.55,GBP
IGWD.L,2025-07-29,11000,GBp
INXG.L,2025-07-29,11.374,GBP
ISPE.L,2025-07-29,6.432,GBP
IUAG.L,2025-07-29,93.49,USD
IWDG.L,2025-07-29,1040.5,GBp
JFM0003373,2025-07-29,171.19,USD
KNSL,2025-07-29,450.35,USD
LU0164881194,2025-07-29,321.13,USD
LU0196696453,2025-07-29,15.21,USD
MU0129U00005,2025-07-29,366.47,USD
QNTG.L,2025-07-29,16.165,GBP
QQQ,2025-07-29,567.26,USD
SGLN.L,2025-07-29,4841,GBp
0639.HK,2025-07-30,2.93,HKD
0P00000YAN,2025-07-30,170.4,USD
BCHS.L,2025-07-30,10689,GBp
CNX1.L,2025-07-30,100710,GBp
DPYG.L,2025-07-30,4.94725,GBP
EWQX.L,2025-07-30,507.95,GBp
FLOS.L,2025-07-30,477.75,GBp
GB00B1FXTF86,2025-07-30,8.61,GBP
GHYS.L,2025-07-30,90.52,GBP
GRAB,2025-07-30,5.29,USD
IDTG.L,2025-07-30,2.9355,GBP
IE0008368742,2025-07-30,183.50,USD
IE00B0M63516,2025-07-30,21.45,USD
IGLS.L,2025-07-30,126.58,GBP
IGWD.L,2025-07-30,11008.5,GBp
INXG.L,2025-07-30,11.394,GBP
ISPE.L,2025-07-30,6.426,GBP
IUAG.L,2025-07-30,93.51,USD
IWDG.L,2025-07-30,1040,GBp
JFM0003373,2025-07-30,170.4,USD
KNSL,2025-07-30,444.6,USD
LU0164881194,2025-07-30,320.04,USD
LU0196696453,2025-07-30,15.08,USD
MU0129U00005,2025-07-30,363.52,USD
QNTG.L,2025-07-30,16.341,GBP
QQQ,2025-07-30,568.02,USD
SGLN.L,2025-07-30,4814,GBp
0639.HK,2025-07-31,2.89,HKD
0P00000YAN,2025-07-31,168.05,USD
BCHS.L,2025-07-31,10809,GBp
CNX1.L,2025-07-31,101430,GBp
DPYG.L,2025-07-31,4.8785,GBP
EWQX.L,2025-07-31,504.9,GBp
FLOS.L,2025-07-31,478.075,GBp
GB00B1FXTF86,2025-07-31,8.62,GBP
GHYS.L,2025-07-31,90.64,GBP
GRAB,2025-07-31,4.89,USD
IDTG.L,2025-07-31,2.9565,GBP
IE0008368742,2025-07-31,180.06,USD
IE00B0M63516,2025-07-31,21.64,USD
IGLS.L,2025-07-31,126.71,GBP
IGWD.L,2025-07-31,11011.5,GBp
INXG.L,2025-07-31,11.453,GBP
ISPE.L,2025-07-31,6.375,GBP
IUAG.L,2025-07-31,93.62,USD
IWDG.L,2025-07-31,1041.5,GBp
JFM0003373,2025-07-31,168.05,USD
KNSL,2025-07-31,440.69,USD
LU0164881194,2025-07-31,318.19,USD
LU0196696453,2025-07-31,15.15,USD
MU0129U00005,2025-07-31,361.74,USD
QNTG.L,2025-07-31,16.328,GBP
QQQ,2025-07-31,565.01,USD
SGLN.L,2025-07-31,4841,GBp
0639.HK,2025-08-01,2.84,HKD
0P00000YAN,2025-08-01,167.41,USD
BCHS.L,2025-08-01,10222,GBp
CNX1.L,2025-08-01,98520,GBp
DPYG.L,2025-08-01,4.80025,GBP
EWQX.L,2025-08-01,491.425,GBp
FLOS.L,2025-08-01,478.05,GBp
GB00B1FXTF86,2025-08-01,8.56,GBP
GHYS.L,2025-08-01,90.55,GBP
GRAB,2025-08-01,4.8,USD
IDTG.L,2025-08-01,2.9825,GBP
IE0008368742,2025-08-01,178.08,USD
IE00B0M63516,2025-08-01,21.68,USD
IGLS.L,2025-08-01,126.89,GBP
IGWD.L,2025-08-01,10760,GBp
INXG.L,2025-08-01,11.474,GBP
ISPE.L,2025-08-01,6.242,GBP
IUAG.L,2025-08-01,94.09,USD
IWDG.L,2025-08-01,1016.5,GBp
JFM0003373,2025-08-01,167.41,USD
KNSL,2025-08-01,444.49,USD
LU0164881194,2025-08-01,315.00,USD
LU0196696453,2025-08-01,15.32,USD
MU0129U00005,2025-08-01,358.29,USD
QNTG.L,2025-08-01,15.645,GBP
QQQ,2025-08-01,553.88,USD
SGLN.L,2025-08-01,4910,GBp
0639.HK,2025-08-04,2.91,HKD
0P00000YAN,2025-08-04,170.04,USD
BCHS.L,2025-08-04,10359,GBp
CNX1.L,2025-08-04,99600,GBp
DPYG.L,2025-08-04,4.87425,GBP
EWQX.L,2025-08-04,496.2,GBp
FLOS.L,2025-08-04,477.925,GBp
GB00B1FXTF86,2025-08-04,8.52,GBP
GHYS.L,2025-08-04,90.84,GBP
GRAB,2025-08-04,4.96,USD
IDTG.L,2025-08-04,2.9865,GBP
IE00B0M63516,2025-08-04,21.78,USD
IGLS.L,2025-08-04,126.89,GBP
IGWD.L,2025-08-04,10896,GBp
INXG.L,2025-08-04,11.525,GBP
ISPE.L,2025-08-04,6.333,GBP
IUAG.L,2025-08-04,94.17,USD
IWDG.L,2025-08-04,1029.5,GBp
JFM0003373,2025-08-04,170.04,USD
KNSL,2025-08-04,445.49,USD
LU0164881194,2025-08-04,317.58,USD
LU0196696453,2025-08-04,15.43,USD
MU0129U00005,2025-08-04,361.18,USD
QNTG.L,2025-08-04,15.892,GBP
QQQ,2025-08-04,564.1,USD
SGLN.L,2025-08-04,4931.5,GBp
0639.HK,2025-08-05,2.93,HKD
0P00000YAN,2025-08-05,171.05,USD
BCHS.L,2025-08-05,10460,GBp
CNX1.L,2025-08-05,99210,GBp
DPYG.L,2025-08-05,4.88725,GBP
EWQX.L,2025-08-05,494.1,GBp
FLOS.L,2025-08-05,477.8,GBp
GB00B1FXTF86,2025-08-05,8.45,GBP
GHYS.L,2025-08-05,90.8,GBP
GRAB,2025-08-05,4.97,USD
IDTG.L,2025-08-05,3.0025,GBP
IE0008368742,2025-08-05,180.92,USD
IE00B0M63516,2025-08-05,21.87,USD
IGLS.L,2025-08-05,126.86,GBP
IGWD.L,2025-08-05,10889,GBp
INXG.L,2025-08-05,11.488,GBP
ISPE.L,2025-08-05,6.314,GBP
IUAG.L,2025-08-05,94.25,USD
IWDG.L,2025-08-05,1029.5,GBp
JFM0003373,2025-08-05,171.05,USD
KNSL,2025-08-05,444.2,USD
LU0164881194,2025-08-05,316.09,USD
LU0196696453,2025-08-05,15.37,USD
MU0129U00005,2025-08-05,359.66,USD
QNTG.L,2025-08-05,16.091,GBP
QQQ,2025-08-05,560.27,USD
SGLN.L,2025-08-05,4942,GBp
0639.HK,2025-08-06,2.99,HKD
0P00000YAN,2025-08-06,170.86,USD
BCHS.L,2025-08-06,10320,GBp
CNX1.L,2025-08-06,99720,GBp
DPYG.L,2025-08-06,4.92,GBP
EWQX.L,2025-08-06,493.6,GBp
FLOS.L,2025-08-06,478.3,GBp
GB00B1FXTF86,2025-08-06,8.40,GBP
GHYS.L,2025-08-06,90.7,GBP
GRAB,2025-08-06,4.77,USD
IDTG.L,2025-08-06,2.9895,GBP
IE0008368742,2025-08-06,180.51,USD
IE00B0M63516,2025-08-06,22.26,USD
IGLS.L,2025-08-06,126.86,GBP
IGWD.L,2025-08-06,10951.5,GBp
INXG.L,2025-08-06,11.468,GBP
ISPE.L,2025-08-06,6.33,GBP
IUAG.L,2025-08-06,94.15,USD
IWDG.L,2025-08-06,1035,GBp
JFM0003373,2025-08-06,170.86,USD
KNSL,2025-08-06,444.98,USD
LU0164881194,2025-08-06,314.02,USD
LU0196696453,2025-08-06,15.59,USD
MU0129U00005,2025-08-06,357.96,USD
QNTG.L,2025-08-06,16.043,GBP
QQQ,2025-08-06,567.32,USD
SGLN.L,2025-08-06,4913,GBp
0639.HK,2025-08-07,3,HKD
0P00000YAN,2025-08-07,172.2,USD
BCHS.L,2025-08-07,10600,GBp
CNX1.L,2025-08-07,99930,GBp
DPYG.L,2025-08-07,4.884,GBP
EWQX.L,2025-08-07,490.225,GBp
FLOS.L,2025-08-07,478.375,GBp
GB00B1FXTF86,2025-08-07,8.36,GBP
GHYS.L,2025-08-07,90.78,GBP
GRAB,2025-08-07,4.95,USD
IDTG.L,2025-08-07,3,GBP
IE0008368742,2025-08-07,181.38,USD
IE00B0M63516,2025-08-07,22.50,USD
IGLS.L,2025-08-07,126.77,GBP
IGWD.L,2025-08-07,10985,GBp
INXG.L,2025-08-07,11.415,GBP
ISPE.L,2025-08-07,6.288,GBP
IUAG.L,2025-08-07,94.36,USD
IWDG.L,2025-08-07,1037,GBp
JFM0003373,2025-08-07,172.2,USD
KNSL,2025-08-07,440.01,USD
LU0164881194,2025-08-07,315.57,USD
LU0196696453,2025-08-07,15.86,USD
MU0129U00005,2025-08-07,359.26,USD
QNTG.L,2025-08-07,15.866,GBP
QQQ,2025-08-07,569.24,USD
SGLN.L,2025-08-07,4905,GBp
0639.HK,2025-08-08,2.97,HKD
0P00000YAN,2025-08-08,171.16,USD
BCHS.L,2025-08-08,10380,GBp
CNX1.L,2025-08-08,100290,GBp
DPYG.L,2025-08-08,4.90075,GBP
EWQX.L,2025-08-08,488.15,GBp
FLOS.L,2025-08-08,478.625,GBp
GB00B1FXTF86,2025-08-08,8.26,GBP
GHYS.L,2025-08-08,90.77,GBP
GRAB,2025-08-08,4.88,USD
IDTG.L,2025-08-08,2.966,GBP
IE0008368742,2025-08-08,181.11,USD
IE00B0M63516,2025-08-08,22.62,USD
IGLS.L,2025-08-08,126.69,GBP
IGWD.L,2025-08-08,11039.5,GBp
INXG.L,2025-08-08,11.33,GBP
ISPE.L,2025-08-08,6.3185,GBP
IUAG.L,2025-08-08,94.15,USD
IWDG.L,2025-08-08,1042,GBp
JFM0003373,2025-08-08,171.16,USD
KNSL,2025-08-08,438.87,USD
LU0164881194,2025-08-08,312.19,USD
LU0196696453,2025-08-08,15.99,USD
MU0129U00005,2025-08-08,356.16,USD
QNTG.L,2025-08-08,16.01,GBP
QQQ,2025-08-08,574.55,USD
SGLN.L,2025-08-08,4897,GBp
0639.HK,2025-08-11,2.92,HKD
0P00000YAN,2025-08-11,171.37,USD
BCHS.L,2025-08-11,10661,GBp
CNX1.L,2025-08-11,100950,GBp
DPYG.L,2025-08-11,4.8755,GBP
EWQX.L,2025-08-11,489.725,GBp
FLOS.L,2025-08-11,479.05,GBp
GB00B1FXTF86,2025-08-11,8.34,GBP
GHYS.L,2025-08-11,90.9,GBP
GRAB,2025-08-11,4.82,USD
IDTG.L,2025-08-11,2.9725,GBP
IE0008368742,2025-08-11,181.37,USD
IE00B0M63516,2025-08-11,22.37,USD
IGLS.L,2025-08-11,126.8,GBP
IGWD.L,2025-08-11,11049,GBp
INXG.L,2025-08-11,11.387,GBP
ISPE.L,2025-08-11,6.299,GBP
IUAG.L,2025-08-11,94.02,USD
IWDG.L,2025-08-11,1045,GBp
JFM0003373,2025-08-11,171.37,USD
KNSL,2025-08-11,437.2,USD
LU0164881194,2025-08-11,316.32,USD
LU0196696453,2025-08-11,15.87,USD
MU0129U00005,2025-08-11,358.65,USD
QNTG.L,2025-08-11,16.198,GBP
QQQ,2025-08-11,572.85,USD
SGLN.L,2025-08-11,4853,GBp
0639.HK,2025-08-12,2.99,HKD
0P00000YAN,2025-08-12,175.52,USD
BCHS.L,2025-08-12,10473,GBp
CNX1.L,2025-08-12,100605,GBp
DPYG.L,2025-08-12,4.861,GBP
EWQX.L,2025-08-12,488.675,GBp
FLOS.L,2025-08-12,478.55,GBp
GB00B1FXTF86,2025-08-12,8.35,GBP
GHYS.L,2025-08-12,90.9,GBP
GRAB,2025-08-12,4.99,USD
IDTG.L,2025-08-12,2.9495,GBP
IE0008368742,2025-08-12,181.93,USD
IE00B0M63516,2025-08-12,22.92,USD
IGLS.L,2025-08-12,126.74,GBP
IGWD.L,2025-08-12,11104,GBp
INXG.L,2025-08-12,11.264,GBP
ISPE.L,2025-08-12,6.361,GBP
IUAG.L,2025-08-12,93.93,USD
IWDG.L,2025-08-12,1050.5,GBp
JFM0003373,2025-08-12,175.52,USD
KNSL,2025-08-12,437.45,USD
LU0164881194,2025-08-12,316.17,USD
LU0196696453,2025-08-12,16.24,USD
MU0129U00005,2025-08-12,358.17,USD
QNTG.L,2025-08-12,16.186,GBP
QQQ,2025-08-12,580.05,USD
SGLN.L,2025-08-12,4815,GBp
0639.HK,2025-08-13,2.98,HKD
0P00000YAN,2025-08-13,177.96,USD
BCHS.L,2025-08-13,10451,GBp
CNX1.L,2025-08-13,100600,GBp
DPYG.L,2025-08-13,4.8975,GBP
EWQX.L,2025-08-13,490.225,GBp
FLOS.L,2025-08-13,478.65,GBp
GB00B1FXTF86,2025-08-13,8.33,GBP
GHYS.L,2025-08-13,91.26,GBP
GRAB,2025-08-13,5.12,USD
IDTG.L,2025-08-13,2.985,GBP
IE0008368742,2025-08-13,185.80,USD
IE00B0M63516,2025-08-13,22.83,USD
IGLS.L,2025-08-13,126.86,GBP
IGWD.L,2025-08-13,11164,GBp
INXG.L,2025-08-13,11.333,GBP
ISPE.L,2025-08-13,6.422,GBP
IUAG.L,2025-08-13,94.43,USD
IWDG.L,2025-08-13,1054.5,GBp
JFM0003373,2025-08-13,177.96,USD
KNSL,2025-08-13,452.01,USD
LU0164881194,2025-08-13,318.51,USD
LU0196696453,2025-08-13,16.26,USD
MU0129U00005,2025-08-13,361.20,USD
QNTG.L,2025-08-13,16.223,GBP
QQQ,2025-08-13,580.34,USD
SGLN.L,2025-08-13,4802,GBp
0639.HK,2025-08-14,2.93,HKD
0P00000YAN,2025-08-14,176.92,USD
BCHS.L,2025-08-14,10448,GBp
CNX1.L,2025-08-14,100700,GBp
DPYG.L,2025-08-14,4.83775,GBP
EWQX.L,2025-08-14,488.925,GBp
FLOS.L,2025-08-14,478.7,GBp
GB00B1FXTF86,2025-08-14,8.29,GBP
GHYS.L,2025-08-14,91.11,GBP
GRAB,2025-08-14,5.13,USD
IDTG.L,2025-08-14,2.9645,GBP
IE00B0M63516,2025-08-14,22.68,USD
IGLS.L,2025-08-14,126.75,GBP
IGWD.L,2025-08-14,11158,GBp
INXG.L,2025-08-14,11.229,GBP
ISPE.L,2025-08-14,6.419,GBP
IUAG.L,2025-08-14,94.33,USD
IWDG.L,2025-08-14,1053.5,GBp
JFM0003373,2025-08-14,176.92,USD
KNSL,2025-08-14,453.68,USD
LU0164881194,2025-08-14,317.61,USD
LU0196696453,2025-08-14,16.25,USD
MU0129U00005,2025-08-14,361.03,USD
QNTG.L,2025-08-14,16.079,GBP
QQQ,2025-08-14,579.89,USD
SGLN.L,2025-08-14,4793,GBp
0639.HK,2025-08-15,2.95,HKD
0P00000YAN,2025-08-15,176.4,USD
BCHS.L,2025-08-15,10445,GBp
CNX1.L,2025-08-15,100190,GBp
DPYG.L,2025-08-15,4.85525,GBP
EWQX.L,2025-08-15,487.825,GBp
FLOS.L,2025-08-15,478.8,GBp
GHYS.L,2025-08-15,90.96,GBP
GRAB,2025-08-15,5.13,USD
IDTG.L,2025-08-15,2.948,GBP
IE0008368742,2025-08-15,184.88,USD
IE00B0M63516,2025-08-15,22.83,USD
IGLS.L,2025-08-15,126.68,GBP
IGWD.L,2025-08-15,11190,GBp
INXG.L,2025-08-15,11.141,GBP
ISPE.L,2025-08-15,6.4095,GBP
IUAG.L,2025-08-15,94.06,USD
IWDG.L,2025-08-15,1056,GBp
JFM0003373,2025-08-15,176.4,USD
KNSL,2025-08-15,441.84,USD
QNTG.L,2025-08-15,16.188,GBP
QQQ,2025-08-15,577.34,USD
SGLN.L,2025-08-15,4784,GBp
0639.HK,2025-08-18,2.91,HKD
0P00000YAN,2025-08-18,175.28,USD
BCHS.L,2025-08-18,10639,GBp
CNX1.L,2025-08-18,100240,GBp
DPYG.L,2025-08-18,4.85375,GBP
EWQX.L,2025-08-18,490.175,GBp
FLOS.L,2025-08-18,479.125,GBp
GB00B1FXTF86,2025-08-18,8.48,GBP
GHYS.L,2025-08-18,91.115,GBP
GRAB,2025-08-18,5.1,USD
IDTG.L,2025-08-18,2.926,GBP
IE0008368742,2025-08-18,185.48,USD
IE00B0M63516,2025-08-18,22.93,USD
IGLS.L,2025-08-18,126.53,GBP
IGWD.L,2025-08-18,11179,GBp
INXG.L,2025-08-18,11.023,GBP
ISPE.L,2025-08-18,6.422,GBP
IUAG.L,2025-08-18,93.82,USD
IWDG.L,2025-08-18,1055,GBp
JFM0003373,2025-08-18,175.28,USD
KNSL,2025-08-18,446,USD
LU0164881194,2025-08-18,321.91,USD
LU0196696453,2025-08-18,16.28,USD
MU0129U00005,2025-08-18,367.19,USD
QNTG.L,2025-08-18,16.227,GBP
QQQ,2025-08-18,577.11,USD
SGLN.L,2025-08-18,4790,GBp
0639.HK,2025-08-19,2.91,HKD
0P00000YAN,2025-08-19,174.99,USD
BCHS.L,2025-08-19,10430,GBp
CNX1.L,2025-08-19,99760,GBp
DPYG.L,2025-08-19,4.893,GBP
EWQX.L,2025-08-19,489.5,GBp
FLOS.L,2025-08-19,478.9,GBp
GB00B1FXTF86,2025-08-19,8.50,GBP
GHYS.L,2025-08-19,91.085,GBP
GRAB,2025-08-19,5.05,USD
IDTG.L,2025-08-19,2.941,GBP
IE0008368742,2025-08-19,186.04,USD
IE00B0M63516,2025-08-19,22.26,USD
IGLS.L,2025-08-19,126.62,GBP
IGWD.L,2025-08-19,11182,GBp
INXG.L,2025-08-19,11.06,GBP
ISPE.L,2025-08-19,6.452,GBP
IUAG.L,2025-08-19,93.96,USD
IWDG.L,2025-08-19,1054.5,GBp
JFM0003373,2025-08-19,174.99,USD
KNSL,2025-08-19,461.85,USD
LU0164881194,2025-08-19,325.73,USD
LU0196696453,2025-08-19,15.86,USD
MU0129U00005,2025-08-19,371.07,USD
QNTG.L,2025-08-19,16.101,GBP
QQQ,2025-08-19,569.28,USD
SGLN.L,2025-08-19,4785,GBp
0639.HK,2025-08-20,2.85,HKD
0P00000YAN,2025-08-20,175.48,USD
BCHS.L,2025-08-20,10227,GBp
CNX1.L,2025-08-20,98630,GBp
DPYG.L,2025-08-20,4.927,GBP
EWQX.L,2025-08-20,486.85,GBp
FLOS.L,2025-08-20,479.225,GBp
GB00B1FXTF86,2025-08-20,8.56,GBP
GHYS.L,2025-08-20,91.025,GBP
GRAB,2025-08-20,5.03,USD
IDTG.L,2025-08-20,2.9505,GBP
IE0008368742,2025-08-20,187.05,USD
IE00B0M63516,2025-08-20,22.43,USD
IGLS.L,2025-08-20,126.8,GBP
IGWD.L,2025-08-20,11097,GBp
INXG.L,2025-08-20,11.122,GBP
ISPE.L,2025-08-20,6.433,GBP
IUAG.L,2025-08-20,94.14,USD
IWDG.L,2025-08-20,1049,GBp
JFM0003373,2025-08-20,175.48,USD
KNSL,2025-08-20,468.21,USD
LU0164881194,2025-08-20,326.34,USD
LU0196696453,2025-08-20,15.81,USD
MU0129U00005,2025-08-20,370.92,USD
QNTG.L,2025-08-20,15.803,GBP
QQQ,2025-08-20,565.9,USD
SGLN.L,2025-08-20,4819,GBp
0639.HK,2025-08-21,2.83,HKD
0P00000YAN,2025-08-21,175.56,USD
BCHS.L,2025-08-21,10346,GBp
CNX1.L,2025-08-21,99060,GBp
DPYG.L,2025-08-21,4.916,GBP
EWQX.L,2025-08-21,488.375,GBp
FLOS.L,2025-08-21,479.275,GBp
GB00B1FXTF86,2025-08-21,8.50,GBP
GHYS.L,2025-08-21,90.935,GBP
GRAB,2025-08-21,5.01,USD
IDTG.L,2025-08-21,2.9295,GBP
IE0008368742,2025-08-21,188.11,USD
IE00B0M63516,2025-08-21,22.31,USD
IGLS.L,2025-08-21,126.66,GBP
IGWD.L,2025-08-21,11111,GBp
INXG.L,2025-08-21,11.117,GBP
ISPE.L,2025-08-21,6.426,GBP
IUAG.L,2025-08-21,93.83,USD
IWDG.L,2025-08-21,1050.5,GBp
JFM0003373,2025-08-21,175.56,USD
KNSL,2025-08-21,459.06,USD
LU0164881194,2025-08-21,325.57,USD
LU0196696453,2025-08-21,15.85,USD
MU0129U00005,2025-08-21,370.14,USD
QNTG.L,2025-08-21,15.805,GBP
QQQ,2025-08-21,563.28,USD
SGLN.L,2025-08-21,4836,GBp
0639.HK,2025-08-22,2.82,HKD
0P00000YAN,2025-08-22,176.65,USD
BCHS.L,2025-08-22,10633,GBp
CNX1.L,2025-08-22,99790,GBp
DPYG.L,2025-08-22,4.99275,GBP
EWQX.L,2025-08-22,493.15,GBp
FLOS.L,2025-08-22,479.35,GBp
GB00B1FXTF86,2025-08-22,8.47,GBP
GHYS.L,2025-08-22,91.04,GBP
GRAB,2025-08-22,5.13,USD
IDTG.L,2025-08-22,2.9635,GBP
IE0008368742,2025-08-22,189.54,USD
IE00B0M63516,2025-08-22,23.07,USD
IGLS.L,2025-08-22,126.84,GBP
IGWD.L,2025-08-22,11253,GBp
INXG.L,2025-08-22,11.15,GBP
ISPE.L,2025-08-22,6.5415,GBP
IUAG.L,2025-08-22,94.41,USD
IWDG.L,2025-08-22,1062,GBp
JFM0003373,2025-08-22,176.65,USD
KNSL,2025-08-22,455.38,USD
LU0164881194,2025-08-22,323.59,USD
LU0196696453,2025-08-22,16.33,USD
MU0129U00005,2025-08-22,366.87,USD
QNTG.L,2025-08-22,16.139,GBP
QQQ,2025-08-22,571.97,USD
SGLN.L,2025-08-22,4844,GBp
0639.HK,2025-08-25,2.85,HKD
0P00000YAN,2025-08-25,177.65,USD
GRAB,2025-08-25,5.01,USD
IE0008368742,2025-08-25,194.64,USD
IE00B0M63516,2025-08-25,23.17,USD
JFM0003373,2025-08-25,177.65,USD
KNSL,2025-08-25,449.14,USD
LU0164881194,2025-08-25,323.22,USD
MU0129U00005,2025-08-25,367.57,USD
QQQ,2025-08-25,570.32,USD
0639.HK,2025-08-26,2.85,HKD
0P00000YAN,2025-08-26,175.86,USD
BCHS.L,2025-08-26,10642,GBp
CNX1.L,2025-08-26,99660,GBp
DPYG.L,2025-08-26,4.944,GBP
EWQX.L,2025-08-26,488.575,GBp
FLOS.L,2025-08-26,479.65,GBp
GB00B1FXTF86,2025-08-26,8.28,GBP
GHYS.L,2025-08-26,90.85,GBP
GRAB,2025-08-26,5,USD
IDTG.L,2025-08-26,2.937,GBP
IE0008368742,2025-08-26,194.36,USD
IE00B0M63516,2025-08-26,23.00,USD
IGLS.L,2025-08-26,126.7,GBP
IGWD.L,2025-08-26,11162,GBp
INXG.L,2025-08-26,11.108,GBP
ISPE.L,2025-08-26,6.474,GBP
IUAG.L,2025-08-26,94.24,USD
IWDG.L,2025-08-26,1053,GBp
JFM0003373,2025-08-26,175.86,USD
KNSL,2025-08-26,450.73,USD
LU0164881194,2025-08-26,318.78,USD
LU0196696453,2025-08-26,16.31,USD
MU0129U00005,2025-08-26,363.22,USD
QNTG.L,2025-08-26,16.083,GBP
QQQ,2025-08-26,572.61,USD
SGLN.L,2025-08-26,4876,GBp
0639.HK,2025-08-27,2.8,HKD
0P00000YAN,2025-08-27,175.45,USD
BCHS.L,2025-08-27,10736,GBp
CNX1.L,2025-08-27,100120,GBp
DPYG.L,2025-08-27,4.968,GBP
EWQX.L,2025-08-27,490.35,GBp
FLOS.L,2025-08-27,479.15,GBp
GHYS.L,2025-08-27,91.37,GBP
GRAB,2025-08-27,4.95,USD
IDTG.L,2025-08-27,2.9325,GBP
IE0008368742,2025-08-27,192.00,USD
IE00B0M63516,2025-08-27,23.11,USD
IGLS.L,2025-08-27,126.74,GBP
IGWD.L,2025-08-27,11210,GBp
INXG.L,2025-08-27,11.094,GBP
ISPE.L,2025-08-27,6.507,GBP
IUAG.L,2025-08-27,94.33,USD
IWDG.L,2025-08-27,1059,GBp
JFM0003373,2025-08-27,175.45,USD
KNSL,2025-08-27,455.08,USD
LU0196696453,2025-08-27,16.32,USD
QNTG.L,2025-08-27,16.244,GBP
QQQ,2025-08-27,573.49,USD
SGLN.L,2025-08-27,4886,GBp
0639.HK,2025-08-28,2.77,HKD
0P00000YAN,2025-08-28,176.08,USD
BCHS.L,2025-08-28,10788,GBp
CNX1.L,2025-08-28,100300,GBp
DPYG.L,2025-08-28,4.953,GBP
EWQX.L,2025-08-28,490.775,GBp
FLOS.L,2025-08-28,479.525,GBp
GB00B1FXTF86,2025-08-28,8.15,GBP
GHYS.L,2025-08-28,91.255,GBP
GRAB,2025-08-28,4.97,USD
IDTG.L,2025-08-28,2.958,GBP
IE0008368742,2025-08-28,191.41,USD
IE00B0M63516,2025-08-28,23.85,USD
IGLS.L,2025-08-28,126.8,GBP
IGWD.L,2025-08-28,11224,GBp
INXG.L,2025-08-28,11.141,GBP
ISPE.L,2025-08-28,6.485,GBP
IUAG.L,2025-08-28,94.61,USD
IWDG.L,2025-08-28,1059.5,GBp
JFM0003373,2025-08-28,176.08,USD
KNSL,2025-08-28,455.49,USD
LU0164881194,2025-08-28,315.99,USD
LU0196696453,2025-08-28,16.90,USD
MU0129U00005,2025-08-28,359.42,USD
QNTG.L,2025-08-28,16.392,GBP
QQQ,2025-08-28,577.08,USD
SGLN.L,2025-08-28,4896,GBp
0639.HK,2025-08-29,2.75,HKD
0P00000YAN,2025-08-29,174.74,USD
BCHS.L,2025-08-29,10603,GBp
CNX1.L,2025-08-29,99310,GBp
DPYG.L,2025-08-29,4.96925,GBP
EWQX.L,2025-08-29,488.1,GBp
FLOS.L,2025-08-29,479.55,GBp
GB00B1FXTF86,2025-08-29,8.13,GBP
GHYS.L,2025-08-29,91.19,GBP
GRAB,2025-08-29,4.99,USD
IDTG.L,2025-08-29,2.9425,GBP
IE0008368742,2025-08-29,193.19,USD
IE00B0M63516,2025-08-29,23.78,USD
IGLS.L,2025-08-29,126.84,GBP
IGWD.L,2025-08-29,11169,GBp
INXG.L,2025-08-29,11.024,GBP
ISPE.L,2025-08-29,6.492,GBP
IUAG.L,2025-08-29,94.42,USD
IWDG.L,2025-08-29,1055,GBp
JFM0003373,2025-08-29,174.74,USD
KNSL,2025-08-29,457.45,USD
LU0164881194,2025-08-29,312.35,USD
LU0196696453,2025-08-29,16.82,USD
MU0129U00005,2025-08-29,359.27,USD
QNTG.L,2025-08-29,16.333,GBP
QQQ,2025-08-29,570.4,USD
SGLN.L,2025-08-29,4954,GBp
0639.HK,2025-09-01,2.7,HKD
BCHS.L,2025-09-01,10696,GBp
CNX1.L,2025-09-01,99250,GBp
DPYG.L,2025-09-01,4.997,GBP
EWQX.L,2025-09-01,487.95,GBp
FLOS.L,2025-09-01,479.65,GBp
GB00B1FXTF86,2025-09-01,8.24,GBP
GHYS.L,2025-09-01,91.22,GBP
IDTG.L,2025-09-01,2.924,GBP
IE0008368742,2025-09-01,192.97,USD
IE00B0M63516,2025-09-01,23.62,USD
IGLS.L,2025-09-01,126.77,GBP
IGWD.L,2025-09-01,11205,GBp
INXG.L,2025-09-01,11.092,GBP
ISPE.L,2025-09-01,6.509,GBP
IUAG.L,2025-09-01,94.4,USD
IWDG.L,2025-09-01,1058,GBp
LU0164881194,2025-09-01,315.78,USD
LU0196696453,2025-09-01,16.69,USD
MU0129U00005,2025-09-01,360.91,USD
QNTG.L,2025-09-01,16.269,GBP
SGLN.L,2025-09-01,4986,GBp
0639.HK,2025-09-02,2.72,HKD
0P00000YAN,2025-09-02,174.1,USD
BCHS.L,2025-09-02,10692,GBp
CNX1.L,2025-09-02,98650,GBp
DPYG.L,2025-09-02,4.9165,GBP
EWQX.L,2025-09-02,485.95,GBp
FLOS.L,2025-09-02,479.7,GBp
GB00B1FXTF86,2025-09-02,8.26,GBP
GHYS.L,2025-09-02,91.015,GBP
GRAB,2025-09-02,4.93,USD
IDTG.L,2025-09-02,2.921,GBP
IE0008368742,2025-09-02,191.13,USD
IE00B0M63516,2025-09-02,23.40,USD
IGLS.L,2025-09-02,126.71,GBP
IGWD.L,2025-09-02,11048,GBp
INXG.L,2025-09-02,10.992,GBP
ISPE.L,2025-09-02,6.429,GBP
IUAG.L,2025-09-02,94.17,USD
IWDG.L,2025-09-02,1043,GBp
JFM0003373,2025-09-02,174.1,USD
KNSL,2025-09-02,455.3,USD
LU0164881194,2025-09-02,315.85,USD
LU0196696453,2025-09-02,16.59,USD
MU0129U00005,2025-09-02,359.57,USD
QNTG.L,2025-09-02,16.069,GBP
QQQ,2025-09-02,565.62,USD
SGLN.L,2025-09-02,5100,GBp
0639.HK,2025-09-03,2.7,HKD
0P00000YAN,2025-09-03,174.54,USD
BCHS.L,2025-09-03,10650,GBp
CNX1.L,2025-09-03,99620,GBp
DPYG.L,2025-09-03,4.9145,GBP
EWQX.L,2025-09-03,485.15,GBp
FLOS.L,2025-09-03,479.775,GBp
GB00B1FXTF86,2025-09-03,8.33,GBP
GHYS.L,2025-09-03,91.07,GBP
GRAB,2025-09-03,4.92,USD
IDTG.L,2025-09-03,2.9565,GBP
IE0008368742,2025-09-03,190.37,USD
IE00B0M63516,2025-09-03,23.42,USD
IGLS.L,2025-09-03,126.8,GBP
IGWD.L,2025-09-03,11140,GBp
INXG.L,2025-09-03,11.128,GBP
ISPE.L,2025-09-03,6.4295,GBP
IUAG.L,2025-09-03,94.56,USD
IWDG.L,2025-09-03,1051.5,GBp
JFM0003373,2025-09-03,174.54,USD
KNSL,2025-09-03,452.1,USD
LU0164881194,2025-09-03,318.19,USD
LU0196696453,2025-09-03,16.59,USD
MU0129U00005,2025-09-03,360.94,USD
QNTG.L,2025-09-03,16.139,GBP
QQQ,2025-09-03,570.07,USD
SGLN.L,2025-09-03,5150,GBp
0639.HK,2025-09-04,2.71,HKD
0P00000YAN,2025-09-04,175.45,USD
BCHS.L,2025-09-04,10473,GBp
CNX1.L,2025-09-04,100220,GBp
DPYG.L,2025-09-04,4.9295,GBP
EWQX.L,2025-09-04,487.725,GBp
FLOS.L,2025-09-04,479.975,GBp
GB00B1FXTF86,2025-09-04,8.30,GBP
GHYS.L,2025-09-04,91.315,GBP
GRAB,2025-09-04,5.05,USD
IDTG.L,2025-09-04,2.96,GBP
IE0008368742,2025-09-04,189.57,USD
IE00B0M63516,2025-09-04,23.37,USD
IGLS.L,2025-09-04,126.92,GBP
IGWD.L,2025-09-04,11210,GBp
INXG.L,2025-09-04,11.188,GBP
ISPE.L,2025-09-04,6.462,GBP
IUAG.L,2025-09-04,94.69,USD
IWDG.L,2025-09-04,1059,GBp
JFM0003373,2025-09-04,175.45,USD
KNSL,2025-09-04,459.71,USD
LU0164881194,2025-09-04,316.41,USD
LU0196696453,2025-09-04,16.52,USD
MU0129U00005,2025-09-04,361.52,USD
QNTG.L,2025-09-04,16.188,GBP
QQQ,2025-09-04,575.23,USD
SGLN.L,2025-09-04,5127,GBp
0639.HK,2025-09-05,2.71,HKD
0P00000YAN,2025-09-05,176.53,USD
BCHS.L,2025-09-05,10297,GBp
CNX1.L,2025-09-05,99920,GBp
DPYG.L,2025-09-05,4.98575,GBP
EWQX.L,2025-09-05,485.375,GBp
FLOS.L,2025-09-05,480.3,GBp
GB00B1FXTF86,2025-09-05,8.28,GBP
GHYS.L,2025-09-05,91.71,GBP
GRAB,2025-09-05,5.16,USD
IDTG.L,2025-09-05,3.019,GBP
IE0008368742,2025-09-05,192.39,USD
IE00B0M63516,2025-09-05,23.80,USD
IGLS.L,2025-09-05,127.01,GBP
IGWD.L,2025-09-05,11209,GBp
INXG.L,2025-09-05,11.295,GBP
ISPE.L,2025-09-05,6.477,GBP
IUAG.L,2025-09-05,95.43,USD
IWDG.L,2025-09-05,1059,GBp
JFM0003373,2025-09-05,176.53,USD
KNSL,2025-09-05,455.4,USD
LU0164881194,2025-09-05,315.35,USD
LU0196696453,2025-09-05,16.81,USD
MU0129U00005,2025-09-05,361.00,USD
QNTG.L,2025-09-05,16.051,GBP
QQQ,2025-09-05,576.06,USD
SGLN.L,2025-09-05,5149,GBp
0639.HK,2025-09-08,2.71,HKD
0P00000YAN,2025-09-08,175.87,USD
BCHS.L,2025-09-08,10493,GBp
CNX1.L,2025-09-08,100905,GBp
DPYG.L,2025-09-08,4.98,GBP
EWQX.L,2025-09-08,488.55,GBp
FLOS.L,2025-09-08,480.4,GBp
GB00B1FXTF86,2025-09-08,8.30,GBP
GHYS.L,2025-09-08,91.76,GBP
GRAB,2025-09-08,5.19,USD
IDTG.L,2025-09-08,3.052,GBP
IE0008368742,2025-09-08,195.95,USD
IE00B0M63516,2025-09-08,23.72,USD
IGLS.L,2025-09-08,127.11,GBP
IGWD.L,2025-09-08,11263,GBp
INXG.L,2025-09-08,11.358,GBP
ISPE.L,2025-09-08,6.487,GBP
IUAG.L,2025-09-08,95.7,USD
IWDG.L,2025-09-08,1064.5,GBp
JFM0003373,2025-09-08,175.87,USD
KNSL,2025-09-08,451.85,USD
LU0164881194,2025-09-08,316.25,USD
LU0196696453,2025-09-08,16.72,USD
MU0129U00005,2025-09-08,361.56,USD
QNTG.L,2025-09-08,16.211,GBP
QQQ,2025-09-08,578.87,USD
SGLN.L,2025-09-08,5216,GBp
0639.HK,2025-09-09,2.7,HKD
0P00000YAN,2025-09-09,175.7,USD
BCHS.L,2025-09-09,10664,GBp
CNX1.L,2025-09-09,100570,GBp
DPYG.L,2025-09-09,4.9805,GBP
EWQX.L,2025-09-09,488.95,GBp
FLOS.L,2025-09-09,479.85,GBp
GB00B1FXTF86,2025-09-09,8.32,GBP
GHYS.L,2025-09-09,91.32,GBP
GRAB,2025-09-09,5.29,USD
IDTG.L,2025-09-09,3.0415,GBP
IE0008368742,2025-09-09,196.56,USD
IE00B0M63516,2025-09-09,23.85,USD
IGLS.L,2025-09-09,127.04,GBP
IGWD.L,2025-09-09,11258,GBp
INXG.L,2025-09-09,11.318,GBP
ISPE.L,2025-09-09,6.475,GBP
IUAG.L,2025-09-09,95.56,USD
IWDG.L,2025-09-09,1063.5,GBp
JFM0003373,2025-09-09,175.7,USD
KNSL,2025-09-09,442.3,USD
LU0164881194,2025-09-09,317.41,USD
LU0196696453,2025-09-09,16.86,USD
MU0129U00005,2025-09-09,363.42,USD
QNTG.L,2025-09-09,16.29,GBP
QQQ,2025-09-09,580.51,USD
SGLN.L,2025-09-09,5223,GBp
0639.HK,2025-09-10,2.7,HKD
0P00000YAN,2025-09-10,176.96,USD
BCHS.L,2025-09-10,11192,GBp
CNX1.L,2025-09-10,101190,GBp
DPYG.L,2025-09-10,4.9955,GBP
EWQX.L,2025-09-10,485.825,GBp
FLOS.L,2025-09-10,480.2,GBp
GB00B1FXTF86,2025-09-10,8.34,GBP
GHYS.L,2025-09-10,91.465,GBP
GRAB,2025-09-10,5.3,USD
IDTG.L,2025-09-10,3.0525,GBP
IE0008368742,2025-09-10,197.55,USD
IE00B0M63516,2025-09-10,24.05,USD
IGLS.L,2025-09-10,127.02,GBP
IGWD.L,2025-09-10,11316,GBp
INXG.L,2025-09-10,11.328,GBP
ISPE.L,2025-09-10,6.4545,GBP
IUAG.L,2025-09-10,95.59,USD
IWDG.L,2025-09-10,1068.5,GBp
JFM0003373,2025-09-10,176.96,USD
KNSL,2025-09-10,425.66,USD
LU0164881194,2025-09-10,318.60,USD
LU0196696453,2025-09-10,17.03,USD
MU0129U00005,2025-09-10,364.66,USD
QNTG.L,2025-09-10,16.15,GBP
QQQ,2025-09-10,580.7,USD
SGLN.L,2025-09-10,5226,GBp
0639.HK,2025-09-11,2.77,HKD
0P00000YAN,2025-09-11,178.28,USD
BCHS.L,2025-09-11,11331,GBp
CNX1.L,2025-09-11,101415,GBp
DPYG.L,2025-09-11,5.028,GBP
EWQX.L,2025-09-11,490.05,GBp
FLOS.L,2025-09-11,480.35,GBp
GB00B1FXTF86,2025-09-11,8.31,GBP
GHYS.L,2025-09-11,91.67,GBP
GRAB,2025-09-11,5.53,USD
IDTG.L,2025-09-11,3.0735,GBP
IE0008368742,2025-09-11,198.74,USD
IE00B0M63516,2025-09-11,24.01,USD
IGLS.L,2025-09-11,127.09,GBP
IGWD.L,2025-09-11,11388,GBp
INXG.L,2025-09-11,11.381,GBP
ISPE.L,2025-09-11,6.543,GBP
IUAG.L,2025-09-11,95.88,USD
IWDG.L,2025-09-11,1076.5,GBp
JFM0003373,2025-09-11,178.28,USD
KNSL,2025-09-11,436.37,USD
LU0164881194,2025-09-11,317.51,USD
LU0196696453,2025-09-11,17.16,USD
MU0129U00005,2025-09-11,363.14,USD
QNTG.L,2025-09-11,16.323,GBP
QQQ,2025-09-11,584.08,USD
SGLN.L,2025-09-11,5203,GBp
0639.HK,2025-09-12,2.75,HKD
0P00000YAN,2025-09-12,179.48,USD
BCHS.L,2025-09-12,11302,GBp
CNX1.L,2025-09-12,101800,GBp
DPYG.L,2025-09-12,5.034,GBP
EWQX.L,2025-09-12,491.2,GBp
FLOS.L,2025-09-12,480.5,GBp
GB00B1FXTF86,2025-09-12,8.33,GBP
GHYS.L,2025-09-12,91.775,GBP
GRAB,2025-09-12,6,USD
IDTG.L,2025-09-12,3.055,GBP
IE0008368742,2025-09-12,199.49,USD
IE00B0M63516,2025-09-12,23.90,USD
IGLS.L,2025-09-12,126.95,GBP
IGWD.L,2025-09-12,11383,GBp
INXG.L,2025-09-12,11.317,GBP
ISPE.L,2025-09-12,6.523,GBP
IUAG.L,2025-09-12,95.75,USD
IWDG.L,2025-09-12,1075,GBp
JFM0003373,2025-09-12,179.48,USD
KNSL,2025-09-12,431.69,USD
LU0164881194,2025-09-12,318.67,USD
LU0196696453,2025-09-12,17.13,USD
MU0129U00005,2025-09-12,364.12,USD
QNTG.L,2025-09-12,16.687,GBP
QQQ,2025-09-12,586.66,USD
SGLN.L,2025-09-12,5222,GBp
0639.HK,2025-09-15,2.8,HKD
0P00000YAN,2025-09-15,179.07,USD
BCHS.L,2025-09-15,11520,GBp
CNX1.L,2025-09-15,102155,GBp
DPYG.L,2025-09-15,5.041,GBP
EWQX.L,2025-09-15,490.85,GBp
FLOS.L,2025-09-15,480.85,GBp
GB00B1FXTF86,2025-09-15,8.32,GBP
GHYS.L,2025-09-15,91.83,GBP
GRAB,2025-09-15,6.14,USD
IDTG.L,2025-09-15,3.08,GBP
IE0008368742,2025-09-15,199.20,USD
IE00B0M63516,2025-09-15,24.17,USD
IGLS.L,2025-09-15,127.03,GBP
IGWD.L,2025-09-15,11425,GBp
INXG.L,2025-09-15,11.358,GBP
ISPE.L,2025-09-15,6.516,GBP
IUAG.L,2025-09-15,95.94,USD
IWDG.L,2025-09-15,1080.5,GBp
JFM0003373,2025-09-15,179.07,USD
KNSL,2025-09-15,424.24,USD
LU0164881194,2025-09-15,319.67,USD
LU0196696453,2025-09-15,17.32,USD
MU0129U00005,2025-09-15,364.04,USD
QNTG.L,2025-09-15,16.967,GBP
QQQ,2025-09-15,591.68,USD
SGLN.L,2025-09-15,5236,GBp
0639.HK,2025-09-16,2.81,HKD
0P00000YAN,2025-09-16,179.94,USD
BCHS.L,2025-09-16,11553,GBp
CNX1.L,2025-09-16,101960,GBp
DPYG.L,2025-09-16,5.004,GBP
EWQX.L,2025-09-16,487.85,GBp
FLOS.L,2025-09-16,480.775,GBp
GB00B1FXTF86,2025-09-16,8.37,GBP
GHYS.L,2025-09-16,91.95,GBP
GRAB,2025-09-16,6.32,USD
IDTG.L,2025-09-16,3.0735,GBP
IE0008368742,2025-09-16,200.56,USD
IE00B0M63516,2025-09-16,24.19,USD
IGLS.L,2025-09-16,126.97,GBP
IGWD.L,2025-09-16,11391,GBp
INXG.L,2025-09-16,11.32,GBP
ISPE.L,2025-09-16,6.473,GBP
IUAG.L,2025-09-16,96.01,USD
IWDG.L,2025-09-16,1076,GBp
JFM0003373,2025-09-16,179.94,USD
KNSL,2025-09-16,428.3,USD
LU0164881194,2025-09-16,322.00,USD
LU0196696453,2025-09-16,17.37,USD
MU0129U00005,2025-09-16,366.73,USD
QNTG.L,2025-09-16,16.885,GBP
QQQ,2025-09-16,591.18,USD
SGLN.L,2025-09-16,5238,GBp
0639.HK,2025-09-17,2.83,HKD
0P00000YAN,2025-09-17,179.74,USD
BCHS.L,2025-09-17,11699,GBp
CNX1.L,2025-09-17,101430,GBp
DPYG.L,2025-09-17,5.016,GBP
EWQX.L,2025-09-17,491.3,GBp
FLOS.L,2025-09-17,480.75,GBp
GB00B1FXTF86,2025-09-17,8.44,GBP
GHYS.L,2025-09-17,91.89,GBP
GRAB,2025-09-17,6.1,USD
IDTG.L,2025-09-17,3.0855,GBP
IE0008368742,2025-09-17,203.53,USD
IE00B0M63516,2025-09-17,24.45,USD
IGLS.L,2025-09-17,127.08,GBP
IGWD.L,2025-09-17,11389.5,GBp
INXG.L,2025-09-17,11.366,GBP
ISPE.L,2025-09-17,6.521,GBP
IUAG.L,2025-09-17,96.07,USD
IWDG.L,2025-09-17,1076.5,GBp
JFM0003373,2025-09-17,179.74,USD
KNSL,2025-09-17,430.66,USD
LU0164881194,2025-09-17,325.15,USD
LU0196696453,2025-09-17,17.51,USD
MU0129U00005,2025-09-17,368.17,USD
QNTG.L,2025-09-17,17.3,GBP
QQQ,2025-09-17,590,USD
SGLN.L,2025-09-17,5240,GBp
0639.HK,2025-09-18,2.81,HKD
0P00000YAN,2025-09-18,178.83,USD
BCHS.L,2025-09-18,12150,GBp
CNX1.L,2025-09-18,103820,GBp
DPYG.L,2025-09-18,4.9955,GBP
EWQX.L,2025-09-18,502.3,GBp
FLOS.L,2025-09-18,481.25,GBp
GB00B1FXTF86,2025-09-18,8.38,GBP
GHYS.L,2025-09-18,91.91,GBP
GRAB,2025-09-18,6.35,USD
IDTG.L,2025-09-18,3.0435,GBP
IE0008368742,2025-09-18,201.28,USD
IE00B0M63516,2025-09-18,24.47,USD
IGLS.L,2025-09-18,127.15,GBP
IGWD.L,2025-09-18,11479,GBp
INXG.L,2025-09-18,11.326,GBP
ISPE.L,2025-09-18,6.534,GBP
IUAG.L,2025-09-18,95.58,USD
IWDG.L,2025-09-18,1084.5,GBp
JFM0003373,2025-09-18,178.83,USD
KNSL,2025-09-18,427.32,USD
LU0164881194,2025-09-18,323.88,USD
LU0196696453,2025-09-18,17.55,USD
MU0129U00005,2025-09-18,368.00,USD
QNTG.L,2025-09-18,18.419,GBP
QQQ,2025-09-18,595.32,USD
SGLN.L,2025-09-18,5216,GBp
0639.HK,2025-09-19,2.85,HKD
BCHS.L,2025-09-19,12156,GBp
CNX1.L,2025-09-19,104160,GBp
DPYG.L,2025-09-19,4.99175,GBP
EWQX.L,2025-09-19,501.5,GBp
FLOS.L,2025-09-19,480.6,GBp
GB00B1FXTF86,2025-09-19,8.50,GBP
GHYS.L,2025-09-19,91.98,GBP
GRAB,2025-09-19,6.39,USD
IDTG.L,2025-09-19,3.0305,GBP
IE0008368742,2025-09-19,201.94,USD
IE00B0M63516,2025-09-19,24.46,USD
IGLS.L,2025-09-19,126.97,GBP
IGWD.L,2025-09-19,11456,GBp
INXG.L,2025-09-19,11.252,GBP
ISPE.L,2025-09-19,6.502,GBP
IUAG.L,2025-09-19,95.48,USD
IWDG.L,2025-09-19,1081.5,GBp
KNSL,2025-09-19,428.71,USD
LU0164881194,2025-09-19,323.66,USD
LU0196696453,2025-09-19,17.57,USD
MU0129U00005,2025-09-19,366.70,USD
QNTG.L,2025-09-19,18.683,GBP
QQQ,2025-09-19,599.35,USD
SGLN.L,2025-09-19,5287,GBp
0639.HK,2025-09-22,2.79,HKD
0P00000YAN,2025-09-22,178.08,USD
BCHS.L,2025-09-22,12084,GBp
CNX1.L,2025-09-22,104760,GBp
DPYG.L,2025-09-22,4.967,GBP
EWQX.L,2025-09-22,503.3,GBp
FLOS.L,2025-09-22,481.125,GBp
GB00B1FXTF86,2025-09-22,8.42,GBP
GHYS.L,2025-09-22,91.9,GBP
GRAB,2025-09-22,6.45,USD
IDTG.L,2025-09-22,3.025,GBP
IE0008368742,2025-09-22,200.74,USD
IE00B0M63516,2025-09-22,24.22,USD
IGLS.L,2025-09-22,127.02,GBP
IGWD.L,2025-09-22,11510,GBp
INXG.L,2025-09-22,11.25,GBP
ISPE.L,2025-09-22,6.515,GBP
IUAG.L,2025-09-22,95.41,USD
IWDG.L,2025-09-22,1087.5,GBp
JFM0003373,2025-09-22,178.08,USD
KNSL,2025-09-22,423.61,USD
MU0129U00005,2025-09-22,363.48,USD
QNTG.L,2025-09-22,18.714,GBP
QQQ,2025-09-22,602.2,USD
SGLN.L,2025-09-22,5368,GBp
0639.HK,2025-09-23,2.76,HKD
0P00000YAN,2025-09-23,177.04,USD
BCHS.L,2025-09-23,12401,GBp
CNX1.L,2025-09-23,104840,GBp
DPYG.L,2025-09-23,4.98675,GBP
EWQX.L,2025-09-23,505.7,GBp
FLOS.L,2025-09-23,481.075,GBp
GB00B1FXTF86,2025-09-23,8.31,GBP
GHYS.L,2025-09-23,92.21,GBP
GRAB,2025-09-23,6.32,USD
IDTG.L,2025-09-23,3.0305,GBP
IE0008368742,2025-09-23,200.24,USD
IE00B0M63516,2025-09-23,24.75,USD
IGLS.L,2025-09-23,127.13,GBP
IGWD.L,2025-09-23,11542,GBp
INXG.L,2025-09-23,11.325,GBP
ISPE.L,2025-09-23,6.552,GBP
IUAG.L,2025-09-23,95.41,USD
IWDG.L,2025-09-23,1090,GBp
JFM0003373,2025-09-23,177.04,USD
KNSL,2025-09-23,427.99,USD
LU0164881194,2025-09-23,317.97,USD
LU0196696453,2025-09-23,17.80,USD
MU0129U00005,2025-09-23,359.71,USD
QNTG.L,2025-09-23,19.111,GBP
QQQ,2025-09-23,598.2,USD
SGLN.L,2025-09-23,5431,GBp
0639.HK,2025-09-24,2.78,HKD
0P00000YAN,2025-09-24,176.07,USD
BCHS.L,2025-09-24,12548,GBp
CNX1.L,2025-09-24,104590,GBp
DPYG.L,2025-09-24,4.9685,GBP
EWQX.L,2025-09-24,504.3,GBp
FLOS.L,2025-09-24,481.35,GBp
GB00B1FXTF86,2025-09-24,8.29,GBP
GHYS.L,2025-09-24,91.9,GBP
GRAB,2025-09-24,6.22,USD
IDTG.L,2025-09-24,3.032,GBP
IE0008368742,2025-09-24,201.68,USD
IE00B0M63516,2025-09-24,24.63,USD
IGLS.L,2025-09-24,127.08,GBP
IGWD.L,2025-09-24,11494,GBp
INXG.L,2025-09-24,11.366,GBP
ISPE.L,2025-09-24,6.531,GBP
IUAG.L,2025-09-24,95.6,USD
IWDG.L,2025-09-24,1084,GBp
JFM0003373,2025-09-24,176.07,USD
KNSL,2025-09-24,429.79,USD
LU0164881194,2025-09-24,316.21,USD
LU0196696453,2025-09-24,17.65,USD
MU0129U00005,2025-09-24,357.69,USD
QNTG.L,2025-09-24,19.213,GBP
QQQ,2025-09-24,596.1,USD
SGLN.L,2025-09-24,5410,GBp
0639.HK,2025-09-25,2.77,HKD
0P00000YAN,2025-09-25,175.05,USD
BCHS.L,2025-09-25,12236,GBp
CNX1.L,2025-09-25,104920,GBp
DPYG.L,2025-09-25,4.9335,GBP
EWQX.L,2025-09-25,504.05,GBp
FLOS.L,2025-09-25,481.55,GBp
GB00B1FXTF86,2025-09-25,8.22,GBP
GHYS.L,2025-09-25,91.815,GBP
GRAB,2025-09-25,6.25,USD
IDTG.L,2025-09-25,3.0215,GBP
IE0008368742,2025-09-25,201.49,USD
IE00B0M63516,2025-09-25,24.44,USD
IGLS.L,2025-09-25,127.02,GBP
IGWD.L,2025-09-25,11427,GBp
INXG.L,2025-09-25,11.264,GBP
ISPE.L,2025-09-25,6.468,GBP
IUAG.L,2025-09-25,95.15,USD
IWDG.L,2025-09-25,1079,GBp
JFM0003373,2025-09-25,175.05,USD
KNSL,2025-09-25,415.15,USD
LU0164881194,2025-09-25,314.67,USD
LU0196696453,2025-09-25,17.53,USD
MU0129U00005,2025-09-25,354.46,USD
QNTG.L,2025-09-25,19.065,GBP
QQQ,2025-09-25,593.53,USD
SGLN.L,2025-09-25,5434,GBp
0639.HK,2025-09-26,2.78,HKD
0P00000YAN,2025-09-26,174.42,USD
BCHS.L,2025-09-26,11809,GBp
CNX1.L,2025-09-26,104310,GBp
DPYG.L,2025-09-26,4.9655,GBP
EWQX.L,2025-09-26,505.45,GBp
FLOS.L,2025-09-26,481.475,GBp
GB00B1FXTF86,2025-09-26,8.14,GBP
GHYS.L,2025-09-26,92.02,GBP
GRAB,2025-09-26,6.11,USD
IDTG.L,2025-09-26,3.0345,GBP
IE0008368742,2025-09-26,198.62,USD
IE00B0M63516,2025-09-26,24.33,USD
IGLS.L,2025-09-26,127.06,GBP
IGWD.L,2025-09-26,11459,GBp
INXG.L,2025-09-26,11.299,GBP
ISPE.L,2025-09-26,6.513,GBP
IUAG.L,2025-09-26,95.31,USD
IWDG.L,2025-09-26,1082,GBp
JFM0003373,2025-09-26,174.42,USD
KNSL,2025-09-26,419.33,USD
LU0164881194,2025-09-26,310.39,USD
LU0196696453,2025-09-26,17.45,USD
MU0129U00005,2025-09-26,349.69,USD
QNTG.L,2025-09-26,19.082,GBP
QQQ,2025-09-26,595.97,USD
SGLN.L,2025-09-26,5472,GBp
0639.HK,2025-09-29,2.78,HKD
0P00000YAN,2025-09-29,174.54,USD
BCHS.L,2025-09-29,12284,GBp
CNX1.L,2025-09-29,105140,GBp
DPYG.L,2025-09-29,4.982,GBP
EWQX.L,2025-09-29,510.05,GBp
FLOS.L,2025-09-29,481.525,GBp
GB00B1FXTF86,2025-09-29,8.14,GBP
GHYS.L,2025-09-29,91.875,GBP
GRAB,2025-09-29,6.11,USD
IDTG.L,2025-09-29,3.0565,GBP
IE0008368742,2025-09-29,201.66,USD
IE00B0M63516,2025-09-29,24.61,USD
IGLS.L,2025-09-29,127.12,GBP
IGWD.L,2025-09-29,11517,GBp
INXG.L,2025-09-29,11.35,GBP
ISPE.L,2025-09-29,6.536,GBP
IUAG.L,2025-09-29,95.54,USD
IWDG.L,2025-09-29,1087,GBp
JFM0003373,2025-09-29,174.54,USD
KNSL,2025-09-29,416.74,USD
LU0164881194,2025-09-29,311.00,USD
LU0196696453,2025-09-29,17.65,USD
MU0129U00005,2025-09-29,350.17,USD
QNTG.L,2025-09-29,18.916,GBP
QQQ,2025-09-29,598.73,USD
SGLN.L,2025-09-29,5534,GBp
0639.HK,2025-09-30,2.84,HKD
0P00000YAN,2025-09-30,173.65,USD
BCHS.L,2025-09-30,12303,GBp
CNX1.L,2025-09-30,104770,GBp
DPYG.L,2025-09-30,4.978,GBP
EWQX.L,2025-09-30,507.55,GBp
FLOS.L,2025-09-30,481.6,GBp
GB00B1FXTF86,2025-09-30,8.07,GBP
GHYS.L,2025-09-30,91.885,GBP
GRAB,2025-09-30,6.02,USD
IDTG.L,2025-09-30,3.0575,GBP
IE0008368742,2025-09-30,203.31,USD
IE00B0M63516,2025-09-30,24.43,USD
IGLS.L,2025-09-30,127.06,GBP
IGWD.L,2025-09-30,11491,GBp
INXG.L,2025-09-30,11.352,GBP
ISPE.L,2025-09-30,6.523,GBP
IUAG.L,2025-09-30,95.61,USD
IWDG.L,2025-09-30,1085.5,GBp
JFM0003373,2025-09-30,173.65,USD
KNSL,2025-09-30,425.26,USD
LU0164881194,2025-09-30,311.29,USD
LU0196696453,2025-09-30,17.61,USD
MU0129U00005,2025-09-30,350.63,USD
QNTG.L,2025-09-30,18.615,GBP
QQQ,2025-09-30,600.37,USD
SGLN.L,2025-09-30,5545,GBp
BCHS.L,2025-10-01,12490,GBp
CNX1.L,2025-10-01,104960,GBp
DPYG.L,2025-10-01,5.02,GBP
EWQX.L,2025-10-01,509.3,GBp
FLOS.L,2025-10-01,481.675,GBp
GB00B1FXTF86,2025-10-01,8.11,GBP
GHYS.L,2025-10-01,91.98,GBP
GRAB,2025-10-01,5.9,USD
IDTG.L,2025-10-01,3.0505,GBP
IE00B0M63516,2025-10-01,24.28,USD
IGLS.L,2025-10-01,127.2,GBP
IGWD.L,2025-10-01,11569,GBp
INXG.L,2025-10-01,11.32,GBP
ISPE.L,2025-10-01,6.572,GBP
IUAG.L,2025-10-01,95.59,USD
IWDG.L,2025-10-01,1092.5,GBp
KNSL,2025-10-01,417.49,USD
LU0164881194,2025-10-01,313.36,USD
LU0196696453,2025-10-01,17.51,USD
QNTG.L,2025-10-01,18.768,GBP
QQQ,2025-10-01,603.25,USD
SGLN.L,2025-10-01,5567,GBp
0639.HK,2025-10-02,2.76,HKD
0P00000YAN,2025-10-02,176.35,USD
BCHS.L,2025-10-02,12682,GBp
CNX1.L,2025-10-02,106110,GBp
DPYG.L,2025-10-02,4.9855,GBP
EWQX.L,2025-10-02,514.05,GBp
FLOS.L,2025-10-02,481.85,GBp
GHYS.L,2025-10-02,92.16,GBP
GRAB,2025-10-02,6.05,USD
IDTG.L,2025-10-02,3.0625,GBP
IE0008368742,2025-10-02,204.61,USD
IE00B0M63516,2025-10-02,23.84,USD
IGLS.L,2025-10-02,127.16,GBP
IGWD.L,2025-10-02,11584,GBp
INXG.L,2025-10-02,11.328,GBP
ISPE.L,2025-10-02,6.57,GBP
IUAG.L,2025-10-02,95.87,USD
IWDG.L,2025-10-02,1094.5,GBp
JFM0003373,2025-10-02,176.35,USD
KNSL,2025-10-02,442.56,USD
LU0196696453,2025-10-02,17.22,USD
QNTG.L,2025-10-02,19.435,GBP
QQQ,2025-10-02,605.73,USD
SGLN.L,2025-10-02,5545,GBp
0639.HK,2025-10-03,2.77,HKD
0P00000YAN,2025-10-03,177.2,USD
BCHS.L,2025-10-03,13178,GBp
CNX1.L,2025-10-03,106040,GBp
DPYG.L,2025-10-03,5.031,GBP
EWQX.L,2025-10-03,515.15,GBp
FLOS.L,2025-10-03,482.025,GBp
GB00B1FXTF86,2025-10-03,8.12,GBP
GHYS.L,2025-10-03,92.2,GBP
GRAB,2025-10-03,6.16,USD
IDTG.L,2025-10-03,3.0675,GBP
IE0008368742,2025-10-03,204.00,USD
IE00B0M63516,2025-10-03,23.92,USD
IGLS.L,2025-10-03,127.17,GBP
IGWD.L,2025-10-03,11666,GBp
INXG.L,2025-10-03,11.356,GBP
ISPE.L,2025-10-03,6.635,GBP
IUAG.L,2025-10-03,95.84,USD
IWDG.L,2025-10-03,1102.5,GBp
JFM0003373,2025-10-03,177.2,USD
KNSL,2025-10-03,466.26,USD
LU0164881194,2025-10-03,314.34,USD
LU0196696453,2025-10-03,17.23,USD
MU0129U00005,2025-10-03,353.69,USD
QNTG.L,2025-10-03,20.205,GBP
QQQ,2025-10-03,603.18,USD
SGLN.L,2025-10-03,5602,GBp
0639.HK,2025-10-06,2.78,HKD
0P00000YAN,2025-10-06,177.34,USD
BCHS.L,2025-10-06,13466,GBp
CNX1.L,2025-10-06,106240,GBp
DPYG.L,2025-10-06,5.022,GBP
EWQX.L,2025-10-06,517.15,GBp
FLOS.L,2025-10-06,481.95,GBp
GB00B1FXTF86,2025-10-06,8.19,GBP
GHYS.L,2025-10-06,92.15,GBP
GRAB,2025-10-06,6.39,USD
IDTG.L,2025-10-06,3.0425,GBP
IE0008368742,2025-10-06,202.51,USD
IE00B0M63516,2025-10-06,23.97,USD
IGLS.L,2025-10-06,127.165,GBP
IGWD.L,2025-10-06,11672,GBp
INXG.L,2025-10-06,11.296,GBP
ISPE.L,2025-10-06,6.63,GBP
IUAG.L,2025-10-06,95.675,USD
IWDG.L,2025-10-06,1104,GBp
JFM0003373,2025-10-06,177.34,USD
KNSL,2025-10-06,474.52,USD
LU0164881194,2025-10-06,316.40,USD
LU0196696453,2025-10-06,17.34,USD
MU0129U00005,2025-10-06,356.41,USD
QNTG.L,2025-10-06,20.42,GBP
QQQ,2025-10-06,607.71,USD
SGLN.L,2025-10-06,5695,GBp
BCHS.L,2025-10-07,13357,GBp
CNX1.L,2025-10-07,106090,GBp
DPYG.L,2025-10-07,4.999,GBP
EWQX.L,2025-10-07,514.65,GBp
FLOS.L,2025-10-07,482.3,GBp
GB00B1FXTF86,2025-10-07,8.22,GBP
GHYS.L,2025-10-07,92.01,GBP
GRAB,2025-10-07,6.27,USD
IDTG.L,2025-10-07,3.0505,GBP
IE00B0M63516,2025-10-07,23.63,USD
IGLS.L,2025-10-07,127.15,GBP
IGWD.L,2025-10-07,11633,GBp
INXG.L,2025-10-07,11.304,GBP
ISPE.L,2025-10-07,6.596,GBP
IUAG.L,2025-10-07,95.71,USD
IWDG.L,2025-10-07,1100,GBp
KNSL,2025-10-07,473.24,USD
LU0164881194,2025-10-07,316.89,USD
LU0196696453,2025-10-07,17.06,USD
QNTG.L,2025-10-07,20.645,GBP
QQQ,2025-10-07,604.51,USD
SGLN.L,2025-10-07,5756,GBp
0639.HK,2025-10-08,2.77,HKD
0P00000YAN,2025-10-08,178.41,USD
BCHS.L,2025-10-08,13636,GBp
CNX1.L,2025-10-08,107020,GBp
DPYG.L,2025-10-08,4.9725,GBP
EWQX.L,2025-10-08,518.4,GBp
FLOS.L,2025-10-08,482.15,GBp
GB00B1FXTF86,2025-10-08,8.16,GBP
GHYS.L,2025-10-08,91.86,GBP
GRAB,2025-10-08,6.36,USD
IDTG.L,2025-10-08,3.061,GBP
IE0008368742,2025-10-08,202.14,USD
IE00B0M63516,2025-10-08,23.70,USD
IGLS.L,2025-10-08,127.175,GBP
IGWD.L,2025-10-08,11701,GBp
INXG.L,2025-10-08,11.35,GBP
ISPE.L,2025-10-08,6.614,GBP
IUAG.L,2025-10-08,95.88,USD
IWDG.L,2025-10-08,1105.5,GBp
JFM0003373,2025-10-08,178.41,USD
KNSL,2025-10-08,478.99,USD
LU0164881194,2025-10-08,315.28,USD
LU0196696453,2025-10-08,17.06,USD
MU0129U00005,2025-10-08,354.09,USD
QNTG.L,2025-10-08,20.87,GBP
QQQ,2025-10-08,611.44,USD
SGLN.L,2025-10-08,5856,GBp
0639.HK,2025-10-09,2.84,HKD
0P00000YAN,2025-10-09,178.29,USD
BCHS.L,2025-10-09,14148,GBp
CNX1.L,2025-10-09,107800,GBp
DPYG.L,2025-10-09,4.96575,GBP
EWQX.L,2025-10-09,521.5,GBp
FLOS.L,2025-10-09,482.425,GBp
GB00B1FXTF86,2025-10-09,8.20,GBP
GHYS.L,2025-10-09,91.605,GBP
GRAB,2025-10-09,6.17,USD
IDTG.L,2025-10-09,3.059,GBP
IE0008368742,2025-10-09,204.23,USD
IE00B0M63516,2025-10-09,23.69,USD
IGLS.L,2025-10-09,127.16,GBP
IGWD.L,2025-10-09,11661,GBp
INXG.L,2025-10-09,11.292,GBP
ISPE.L,2025-10-09,6.572,GBP
IUAG.L,2025-10-09,95.67,USD
IWDG.L,2025-10-09,1102,GBp
JFM0003373,2025-10-09,178.29,USD
KNSL,2025-10-09,476.37,USD
LU0164881194,2025-10-09,317.55,USD
LU0196696453,2025-10-09,16.99,USD
MU0129U00005,2025-10-09,355.53,USD
QNTG.L,2025-10-09,20.9175,GBP
QQQ,2025-10-09,610.7,USD
SGLN.L,2025-10-09,5855,GBp
0639.HK,2025-10-10,2.84,HKD
0P00000YAN,2025-10-10,175.82,USD
BCHS.L,2025-10-10,13919,GBp
CNX1.L,2025-10-10,105490,GBp
DPYG.L,2025-10-10,4.91375,GBP
EWQX.L,2025-10-10,510.2,GBp
FLOS.L,2025-10-10,482.4,GBp
GB00B1FXTF86,2025-10-10,8.27,GBP
GHYS.L,2025-10-10,91.53,GBP
GRAB,2025-10-10,5.86,USD
IDTG.L,2025-10-10,3.0885,GBP
IE0008368742,2025-10-10,201.04,USD
IE00B0M63516,2025-10-10,23.02,USD
IGLS.L,2025-10-10,127.38,GBP
IGWD.L,2025-10-10,11488,GBp
INXG.L,2025-10-10,11.441,GBP
ISPE.L,2025-10-10,6.475,GBP
IUAG.L,2025-10-10,96.065,USD
IWDG.L,2025-10-10,1085.5,GBp
JFM0003373,2025-10-10,175.82,USD
KNSL,2025-10-10,469.93,USD
LU0164881194,2025-10-10,319.41,USD
LU0196696453,2025-10-10,16.70,USD
MU0129U00005,2025-10-10,356.97,USD
QNTG.L,2025-10-10,20.4475,GBP
QQQ,2025-10-10,589.5,USD
SGLN.L,2025-10-10,5835,GBp
0639.HK,2025-10-13,2.85,HKD
0P00000YAN,2025-10-13,175.37,USD
BCHS.L,2025-10-13,14088,GBp
CNX1.L,2025-10-13,106230,GBp
DPYG.L,2025-10-13,4.931,GBP
EWQX.L,2025-10-13,511.4,GBp
FLOS.L,2025-10-13,482.075,GBp
GB00B1FXTF86,2025-10-13,8.21,GBP
GHYS.L,2025-10-13,91.405,GBP
GRAB,2025-10-13,5.93,USD
IDTG.L,2025-10-13,3.0915,GBP
IE0008368742,2025-10-13,196.76,USD
IE00B0M63516,2025-10-13,23.29,USD
IGLS.L,2025-10-13,127.41,GBP
IGWD.L,2025-10-13,11532,GBp
INXG.L,2025-10-13,11.437,GBP
ISPE.L,2025-10-13,6.48,GBP
IUAG.L,2025-10-13,96.09,USD
IWDG.L,2025-10-13,1090,GBp
JFM0003373,2025-10-13,175.37,USD
KNSL,2025-10-13,472.16,USD
LU0164881194,2025-10-13,318.82,USD
LU0196696453,2025-10-13,16.70,USD
MU0129U00005,2025-10-13,355.82,USD
QNTG.L,2025-10-13,21.11,GBP
QQQ,2025-10-13,602.01,USD
SGLN.L,2025-10-13,5966,GBp
0639.HK,2025-10-14,2.84,HKD
0P00000YAN,2025-10-14,173.59,USD
BCHS.L,2025-10-14,14326,GBp
CNX1.L,2025-10-14,105870,GBp
DPYG.L,2025-10-14,4.948,GBP
EWQX.L,2025-10-14,512.55,GBp
FLOS.L,2025-10-14,482.45,GBp
GB00B1FXTF86,2025-10-14,8.19,GBP
GHYS.L,2025-10-14,91.47,GBP
GRAB,2025-10-14,5.91,USD
IDTG.L,2025-10-14,3.1015,GBP
IE0008368742,2025-10-14,193.78,USD
IE00B0M63516,2025-10-14,23.21,USD
IGLS.L,2025-10-14,127.58,GBP
IGWD.L,2025-10-14,11487,GBp
INXG.L,2025-10-14,11.506,GBP
ISPE.L,2025-10-14,6.481,GBP
IUAG.L,2025-10-14,96.21,USD
IWDG.L,2025-10-14,1086.5,GBp
JFM0003373,2025-10-14,173.59,USD
KNSL,2025-10-14,473.69,USD
LU0164881194,2025-10-14,317.66,USD
LU0196696453,2025-10-14,16.61,USD
MU0129U00005,2025-10-14,354.00,USD
QNTG.L,2025-10-14,21.4375,GBP
QQQ,2025-10-14,598,USD
SGLN.L,2025-10-14,6044,GBp
0639.HK,2025-10-15,3.17,HKD
0P00000YAN,2025-10-15,173.37,USD
BCHS.L,2025-10-15,14719,GBp
CNX1.L,2025-10-15,106280,GBp
DPYG.L,2025-10-15,5.0225,GBP
EWQX.L,2025-10-15,514.75,GBp
FLOS.L,2025-10-15,482.3,GBp
GB00B1FXTF86,2025-10-15,8.29,GBP
GHYS.L,2025-10-15,91.8,GBP
GRAB,2025-10-15,5.92,USD
IDTG.L,2025-10-15,3.1225,GBP
IE0008368742,2025-10-15,196.66,USD
IE00B0M63516,2025-10-15,23.45,USD
IGLS.L,2025-10-15,127.64,GBP
IGWD.L,2025-10-15,11598,GBp
INXG.L,2025-10-15,11.608,GBP
ISPE.L,2025-10-15,6.546,GBP
IUAG.L,2025-10-15,96.43,USD
IWDG.L,2025-10-15,1096,GBp
JFM0003373,2025-10-15,173.37,USD
KNSL,2025-10-15,463.18,USD
LU0164881194,2025-10-15,322.62,USD
LU0196696453,2025-10-15,16.91,USD
MU0129U00005,2025-10-15,359.28,USD
QNTG.L,2025-10-15,21.565,GBP
QQQ,2025-10-15,602.22,USD
SGLN.L,2025-10-15,6075,GBp
0639.HK,2025-10-16,3.27,HKD
0P00000YAN,2025-10-16,173.48,USD
BCHS.L,2025-10-16,14291,GBp
CNX1.L,2025-10-16,106140,GBp
DPYG.L,2025-10-16,5.041,GBP
EWQX.L,2025-10-16,512.5,GBp
FLOS.L,2025-10-16,482.5,GBp
GB00B1FXTF86,2025-10-16,8.33,GBP
GHYS.L,2025-10-16,89.49,GBP
GRAB,2025-10-16,5.71,USD
IDTG.L,2025-10-16,3.108,GBP
IE0008368742,2025-10-16,197.90,USD
IE00B0M63516,2025-10-16,23.48,USD
IGLS.L,2025-10-16,127.77,GBP
IGWD.L,2025-10-16,11597,GBp
INXG.L,2025-10-16,11.67,GBP
ISPE.L,2025-10-16,6.536,GBP
IUAG.L,2025-10-16,96.37,USD
IWDG.L,2025-10-16,1094,GBp
JFM0003373,2025-10-16,173.48,USD
KNSL,2025-10-16,438.5,USD
LU0164881194,2025-10-16,325.57,USD
LU0196696453,2025-10-16,16.92,USD
MU0129U00005,2025-10-16,362.73,USD
QNTG.L,2025-10-16,21.025,GBP
QQQ,2025-10-16,599.99,USD
SGLN.L,2025-10-16,6176,GBp
0639.HK,2025-10-17,3.14,HKD
0P00000YAN,2025-10-17,171.76,USD
BCHS.L,2025-10-17,13524,GBp
CNX1.L,2025-10-17,105080,GBp
DPYG.L,2025-10-17,5.03,GBP
EWQX.L,2025-10-17,508.9,GBp
FLOS.L,2025-10-17,482.6,GBp
GB00B1FXTF86,2025-10-17,8.29,GBP
GHYS.L,2025-10-17,89.055,GBP
GRAB,2025-10-17,5.64,USD
IDTG.L,2025-10-17,3.1205,GBP
IE0008368742,2025-10-17,193.07,USD
IE00B0M63516,2025-10-17,23.45,USD
IGLS.L,2025-10-17,127.75,GBP
IGWD.L,2025-10-17,11480,GBp
INXG.L,2025-10-17,11.612,GBP
ISPE.L,2025-10-17,6.4795,GBP
IUAG.L,2025-10-17,96.47,USD
IWDG.L,2025-10-17,1082,GBp
JFM0003373,2025-10-17,171.76,USD
KNSL,2025-10-17,447.44,USD
LU0164881194,2025-10-17,325.87,USD
LU0196696453,2025-10-17,16.90,USD
MU0129U00005,2025-10-17,363.92,USD
QNTG.L,2025-10-17,20.2325,GBP
QQQ,2025-10-17,603.93,USD
SGLN.L,2025-10-17,6168,GBp
0639.HK,2025-10-20,3.16,HKD
BCHS.L,2025-10-20,14526,GBp
CNX1.L,2025-10-20,107390,GBp
DPYG.L,2025-10-20,5.067,GBP
EWQX.L,2025-10-20,517.95,GBp
FLOS.L,2025-10-20,482.725,GBp
GB00B1FXTF86,2025-10-20,8.31,GBP
GHYS.L,2025-10-20,89.325,GBP
GRAB,2025-10-20,5.67,USD
IDTG.L,2025-10-20,3.1265,GBP
IE0008368742,2025-10-20,196.85,USD
IE00B0M63516,2025-10-20,24.09,USD
IGLS.L,2025-10-20,127.82,GBP
IGWD.L,2025-10-20,11674,GBp
INXG.L,2025-10-20,11.624,GBP
ISPE.L,2025-10-20,6.562,GBP
IUAG.L,2025-10-20,96.63,USD
IWDG.L,2025-10-20,1101,GBp
KNSL,2025-10-20,442.72,USD
LU0164881194,2025-10-20,327.36,USD
LU0196696453,2025-10-20,17.27,USD
MU0129U00005,2025-10-20,363.92,USD
QNTG.L,2025-10-20,20.675,GBP
QQQ,2025-10-20,611.54,USD
SGLN.L,2025-10-20,6289,GBp
0639.HK,2025-10-21,3.1,HKD
0P00000YAN,2025-10-21,175.16,USD
BCHS.L,2025-10-21,14222,GBp
CNX1.L,2025-10-21,107640,GBp
DPYG.L,2025-10-21,5.082,GBP
EWQX.L,2025-10-21,521.9,GBp
FLOS.L,2025-10-21,482.55,GBp
GB00B1FXTF86,2025-10-21,8.36,GBP
GHYS.L,2025-10-21,89.5,GBP
GRAB,2025-10-21,5.6,USD
IDTG.L,2025-10-21,3.1505,GBP
IE0008368742,2025-10-21,199.52,USD
IE00B0M63516,2025-10-21,23.95,USD
IGLS.L,2025-10-21,127.8,GBP
IGWD.L,2025-10-21,11681,GBp
INXG.L,2025-10-21,11.658,GBP
ISPE.L,2025-10-21,6.608,GBP
IUAG.L,2025-10-21,96.88,USD
IWDG.L,2025-10-21,1101.5,GBp
JFM0003373,2025-10-21,175.16,USD
KNSL,2025-10-21,453.69,USD
LU0196696453,2025-10-21,17.29,USD
QNTG.L,2025-10-21,20.11,GBP
QQQ,2025-10-21,611.38,USD
SGLN.L,2025-10-21,5983,GBp
0639.HK,2025-10-22,3.11,HKD
0P00000YAN,2025-10-22,174.17,USD
BCHS.L,2025-10-22,13108,GBp
CNX1.L,2025-10-22,106610,GBp
DPYG.L,2025-10-22,5.0955,GBP
EWQX.L,2025-10-22,520.45,GBp
FLOS.L,2025-10-22,483.15,GBp
GHYS.L,2025-10-22,89.42,GBP
GRAB,2025-10-22,5.62,USD
IDTG.L,2025-10-22,3.1475,GBP
IE0008368742,2025-10-22,197.63,USD
IE00B0M63516,2025-10-22,23.93,USD
IGLS.L,2025-10-22,128.08,GBP
IGWD.L,2025-10-22,11617,GBp
INXG.L,2025-10-22,11.727,GBP
ISPE.L,2025-10-22,6.591,GBP
IUAG.L,2025-10-22,96.67,USD
IWDG.L,2025-10-22,1095.5,GBp
JFM0003373,2025-10-22,174.17,USD
KNSL,2025-10-22,452.6,USD
LU0196696453,2025-10-22,17.22,USD
QNTG.L,2025-10-22,19.344,GBP
QQQ,2025-10-22,605.49,USD
SGLN.L,2025-10-22,5858,GBp
0639.HK,2025-10-23,3.15,HKD
BCHS.L,2025-10-23,13311,GBp
CNX1.L,2025-10-23,107730,GBp
DPYG.L,2025-10-23,5.0915,GBP
EWQX.L,2025-10-23,522.1,GBp
FLOS.L,2025-10-23,483.15,GBp
GB00B1FXTF86,2025-10-23,8.44,GBP
GHYS.L,2025-10-23,89.505,GBP
GRAB,2025-10-23,5.72,USD
IDTG.L,2025-10-23,3.1355,GBP
IE0008368742,2025-10-23,198.12,USD
IE00B0M63516,2025-10-23,24.07,USD
IGLS.L,2025-10-23,128.15,GBP
IGWD.L,2025-10-23,11665,GBp
INXG.L,2025-10-23,11.722,GBP
ISPE.L,2025-10-23,6.577,GBP
IUAG.L,2025-10-23,96.63,USD
IWDG.L,2025-10-23,1099.5,GBp
KNSL,2025-10-23,453.15,USD
LU0164881194,2025-10-23,328.09,USD
LU0196696453,2025-10-23,17.40,USD
MU0129U00005,2025-10-23,364.97,USD
QNTG.L,2025-10-23,20.11,GBP
QQQ,2025-10-23,610.58,USD
SGLN.L,2025-10-23,6038,GBp
0639.HK,2025-10-24,3.14,HKD
0P00000YAN,2025-10-24,175.97,USD
DPYG.L,2025-10-24,5.1042,GBP
FLOS.L,2025-10-24,482.81,GBp
GB00B1FXTF86,2025-10-24,8.48,GBP
GHYS.L,2025-10-24,89.3844,GBP
GRAB,2025-10-24,5.85,USD
IDTG.L,2025-10-24,3.1297,GBP
IE0008368742,2025-10-24,200.49,USD
IE00B0M63516,2025-10-24,24.25,USD
IGLS.L,2025-10-24,128.0293,GBP
IGWD.L,2025-10-24,11763.75,GBp
ISPE.L,2025-10-24,6.619,GBP
IUAG.L,2025-10-24,96.6616,USD
IWDG.L,2025-10-24,1108.45,GBp
JFM0003373,2025-10-24,175.97,USD
KNSL,2025-10-24,422.38,USD
LU0164881194,2025-10-24,326.23,USD
LU0196696453,2025-10-24,17.49,USD
MU0129U00005,2025-10-24,363.56,USD
QQQ,2025-10-24,617.1,USD
SGLN.L,2025-10-24,6026,GBp
0639.HK,2025-10-27,3.13,HKD
0P00000YAN,2025-10-27,177.23,USD
BCHS.L,2025-10-27,14374,GBp
CNX1.L,2025-10-27,110770,GBp
DPYG.L,2025-10-27,5.1145,GBP
EWQX.L,2025-10-27,531.45,GBp
FLOS.L,2025-10-27,483.35,GBp
GB00B1FXTF86,2025-10-27,8.44,GBP
GHYS.L,2025-10-27,89.9,GBP
GRAB,2025-10-27,6.12,USD
IDTG.L,2025-10-27,3.1335,GBP
IE00B0M63516,2025-10-27,24.43,USD
IGLS.L,2025-10-27,128.09,GBP
IGWD.L,2025-10-27,11863,GBp
INXG.L,2025-10-27,11.736,GBP
ISPE.L,2025-10-27,6.639,GBP
IUAG.L,2025-10-27,96.695,USD
IWDG.L,2025-10-27,1118.5,GBp
JFM0003373,2025-10-27,177.23,USD
KNSL,2025-10-27,431.86,USD
LU0164881194,2025-10-27,327.24,USD
LU0196696453,2025-10-27,17.63,USD
MU0129U00005,2025-10-27,363.75,USD
QNTG.L,2025-10-27,20.8075,GBP
QQQ,2025-10-27,628.09,USD
SGLN.L,2025-10-27,5808,GBp
0639.HK,2025-10-28,3.06,HKD
0P00000YAN,2025-10-28,177.18,USD
BCHS.L,2025-10-28,14632,GBp
CNX1.L,2025-10-28,112050,GBp
DPYG.L,2025-10-28,5.0545,GBP
EWQX.L,2025-10-28,534,GBp
FLOS.L,2025-10-28,483.9,GBp
GB00B1FXTF86,2025-10-28,8.51,GBP
GHYS.L,2025-10-28,89.91,GBP
GRAB,2025-10-28,5.94,USD
IDTG.L,2025-10-28,3.144,GBP
IE0008368742,2025-10-28,200.59,USD
IE00B0M63516,2025-10-28,24.59,USD
IGLS.L,2025-10-28,128.13,GBP
IGWD.L,2025-10-28,11906,GBp
INXG.L,2025-10-28,11.714,GBP
ISPE.L,2025-10-28,6.62,GBP
IUAG.L,2025-10-28,96.78,USD
IWDG.L,2025-10-28,1122,GBp
JFM0003373,2025-10-28,177.18,USD
KNSL,2025-10-28,420.01,USD
LU0164881194,2025-10-28,326.92,USD
LU0196696453,2025-10-28,17.70,USD
MU0129U00005,2025-10-28,362.01,USD
QNTG.L,2025-10-28,21.1025,GBP
QQQ,2025-10-28,632.92,USD
SGLN.L,2025-10-28,5791,GBp
BCHS.L,2025-10-29,14230,GBp
CNX1.L,2025-10-29,113070,GBp
DPYG.L,2025-10-29,4.9875,GBP
EWQX.L,2025-10-29,531.65,GBp
FLOS.L,2025-10-29,483.6,GBp
GB00B1FXTF86,2025-10-29,8.59,GBP
GHYS.L,2025-10-29,90.02,GBP
GRAB,2025-10-29,6.05,USD
IDTG.L,2025-10-29,3.142,GBP
IE00B0M63516,2025-10-29,24.89,USD
IGLS.L,2025-10-29,128.19,GBP
IGWD.L,2025-10-29,11926,GBp
INXG.L,2025-10-29,11.756,GBP
ISPE.L,2025-10-29,6.5755,GBP
IUAG.L,2025-10-29,96.71,USD
IWDG.L,2025-10-29,1124.25,GBp
KNSL,2025-10-29,403.59,USD
LU0164881194,2025-10-29,328.61,USD
LU0196696453,2025-10-29,17.91,USD
QNTG.L,2025-10-29,20.9,GBP
QQQ,2025-10-29,635.77,USD
SGLN.L,2025-10-29,5866,GBp
0639.HK,2025-10-30,3.1,HKD
0P00000YAN,2025-10-30,176.63,USD
BCHS.L,2025-10-30,14128,GBp
CNX1.L,2025-10-30,112940,GBp
DPYG.L,2025-10-30,4.9665,GBP
EWQX.L,2025-10-30,534.2,GBp
FLOS.L,2025-10-30,483.55,GBp
GB00B1FXTF86,2025-10-30,8.52,GBP
GHYS.L,2025-10-30,89.715,GBP
GRAB,2025-10-30,5.98,USD
IDTG.L,2025-10-30,3.1035,GBP
IE0008368742,2025-10-30,198.92,USD
IE00B0M63516,2025-10-30,24.61,USD
IGLS.L,2025-10-30,128.14,GBP
IGWD.L,2025-10-30,11872,GBp
INXG.L,2025-10-30,11.726,GBP
ISPE.L,2025-10-30,6.537,GBP
IUAG.L,2025-10-30,96.31,USD
IWDG.L,2025-10-30,1119,GBp
JFM0003373,2025-10-30,176.63,USD
KNSL,2025-10-30,398.16,USD
LU0164881194,2025-10-30,325.58,USD
LU0196696453,2025-10-30,17.83,USD
MU0129U00005,2025-10-30,358.21,USD
QNTG.L,2025-10-30,21.225,GBP
QQQ,2025-10-30,626.05,USD
SGLN.L,2025-10-30,5902,GBp
0639.HK,2025-10-31,3.05,HKD
0P00000YAN,2025-10-31,176.51,USD
BCHS.L,2025-10-31,14069,GBp
CNX1.L,2025-10-31,112940,GBp
DPYG.L,2025-10-31,4.9485,GBP
EWQX.L,2025-10-31,531.1,GBp
FLOS.L,2025-10-31,483.7,GBp
GB00B1FXTF86,2025-10-31,8.49,GBP
GHYS.L,2025-10-31,89.81,GBP
GRAB,2025-10-31,6.01,USD
IDTG.L,2025-10-31,3.093,GBP
IE0008368742,2025-10-31,197.87,USD
IE00B0M63516,2025-10-31,24.58,USD
IGLS.L,2025-10-31,128.15,GBP
IGWD.L,2025-10-31,11831,GBp
INXG.L,2025-10-31,11.761,GBP
ISPE.L,2025-10-31,6.492,GBP
IUAG.L,2025-10-31,96.09,USD
IWDG.L,2025-10-31,1115.5,GBp
JFM0003373,2025-10-31,176.51,USD
KNSL,2025-10-31,399.47,USD
LU0164881194,2025-10-31,322.80,USD
LU0196696453,2025-10-31,17.81,USD
MU0129U00005,2025-10-31,354.91,USD
QNTG.L,2025-10-31,21.185,GBP
QQQ,2025-10-31,629.07,USD
SGLN.L,2025-10-31,5891,GBp
0639.HK,2025-11-03,3.1,HKD
0P00000YAN,2025-11-03,176.96,USD
BCHS.L,2025-11-03,14106,GBp
CNX1.L,2025-11-03,113100,GBp
DPYG.L,2025-11-03,4.93025,GBP
EWQX.L,2025-11-03,529.2,GBp
FLOS.L,2025-11-03,483.45,GBp
GB00B1FXTF86,2025-11-03,8.55,GBP
GHYS.L,2025-11-03,89.525,GBP
GRAB,2025-11-03,6.07,USD
IDTG.L,2025-11-03,3.076,GBP
IE0008368742,2025-11-03,198.55,USD
IE00B0M63516,2025-11-03,24.83,USD
IGLS.L,2025-11-03,128.09,GBP
IGWD.L,2025-11-03,11854,GBp
INXG.L,2025-11-03,11.704,GBP
ISPE.L,2025-11-03,6.467,GBP
IUAG.L,2025-11-03,95.91,USD
IWDG.L,2025-11-03,1117.5,GBp
JFM0003373,2025-11-03,176.96,USD
KNSL,2025-11-03,388.45,USD
LU0164881194,2025-11-03,325.19,USD
LU0196696453,2025-11-03,17.95,USD
MU0129U00005,2025-11-03,357.21,USD
QNTG.L,2025-11-03,20.73,GBP
QQQ,2025-11-03,632.08,USD
SGLN.L,2025-11-03,5902,GBp
0639.HK,2025-11-04,3.14,HKD
0P00000YAN,2025-11-04,176.11,USD
BCHS.L,2025-11-04,14050,GBp
CNX1.L,2025-11-04,112640,GBp
DPYG.L,2025-11-04,4.956,GBP
EWQX.L,2025-11-04,528.7,GBp
FLOS.L,2025-11-04,483.65,GBp
GB00B1FXTF86,2025-11-04,8.53,GBP
GHYS.L,2025-11-04,89.55,GBP
GRAB,2025-11-04,5.785,USD
IDTG.L,2025-11-04,3.0935,GBP
IE0008368742,2025-11-04,197.49,USD
IE00B0M63516,2025-11-04,24.78,USD
IGLS.L,2025-11-04,128.2,GBP
IGWD.L,2025-11-04,11773,GBp
INXG.L,2025-11-04,11.731,GBP
ISPE.L,2025-11-04,6.452,GBP
IUAG.L,2025-11-04,96.135,USD
IWDG.L,2025-11-04,1110.5,GBp
JFM0003373,2025-11-04,176.11,USD
KNSL,2025-11-04,388.68,USD
LU0164881194,2025-11-04,324.74,USD
LU0196696453,2025-11-04,17.90,USD
MU0129U00005,2025-11-04,356.70,USD
QNTG.L,2025-11-04,20.43,GBP
QQQ,2025-11-04,619.25,USD
SGLN.L,2025-11-04,5909,GBp
0639.HK,2025-11-05,3.19,HKD
0P00000YAN,2025-11-05,176.08,USD
BCHS.L,2025-11-05,13946,GBp
CNX1.L,2025-11-05,112570,GBp
DPYG.L,2025-11-05,4.949,GBP
EWQX.L,2025-11-05,528,GBp
FLOS.L,2025-11-05,483.45,GBp
GHYS.L,2025-11-05,89.53,GBP
GRAB,2025-11-05,5.64,USD
IDTG.L,2025-11-05,3.059,GBP
IE0008368742,2025-11-05,198.46,USD
IE00B0M63516,2025-11-05,25.16,USD
IGLS.L,2025-11-05,128.08,GBP
IGWD.L,2025-11-05,11780,GBp
INXG.L,2025-11-05,11.614,GBP
ISPE.L,2025-11-05,6.457,GBP
IUAG.L,2025-11-05,95.77,USD
IWDG.L,2025-11-05,1111.5,GBp
JFM0003373,2025-11-05,176.08,USD
KNSL,2025-11-05,394.49,USD
LU0196696453,2025-11-05,18.13,USD
QNTG.L,2025-11-05,20.085,GBP
QQQ,2025-11-05,623.28,USD
SGLN.L,2025-11-05,5924,GBp
0639.HK,2025-11-06,3.25,HKD
0P00000YAN,2025-11-06,177.02,USD
BCHS.L,2025-11-06,13294,GBp
CNX1.L,2025-11-06,110120,GBp
DPYG.L,2025-11-06,4.9515,GBP
EWQX.L,2025-11-06,520.95,GBp
FLOS.L,2025-11-06,483.55,GBp
GB00B1FXTF86,2025-11-06,8.49,GBP
GHYS.L,2025-11-06,89.51,GBP
GRAB,2025-11-06,5.63,USD
IDTG.L,2025-11-06,3.083,GBP
IE0008368742,2025-11-06,201.01,USD
IE00B0M63516,2025-11-06,25.23,USD
IGLS.L,2025-11-06,128.21,GBP
IGWD.L,2025-11-06,11661,GBp
INXG.L,2025-11-06,11.64,GBP
ISPE.L,2025-11-06,6.443,GBP
IUAG.L,2025-11-06,96.13,USD
IWDG.L,2025-11-06,1100.5,GBp
JFM0003373,2025-11-06,177.02,USD
KNSL,2025-11-06,393.1,USD
LU0164881194,2025-11-06,321.74,USD
LU0196696453,2025-11-06,18.29,USD
MU0129U00005,2025-11-06,353.60,USD
QNTG.L,2025-11-06,19.704,GBP
QQQ,2025-11-06,611.67,USD
SGLN.L,2025-11-06,5892,GBp
0639.HK,2025-11-07,3.23,HKD
0P00000YAN,2025-11-07,176.48,USD
BCHS.L,2025-11-07,12717,GBp
CNX1.L,2025-11-07,107570,GBp
DPYG.L,2025-11-07,4.97425,GBP
EWQX.L,2025-11-07,510.9,GBp
FLOS.L,2025-11-07,483.7,GBp
GB00B1FXTF86,2025-11-07,8.39,GBP
GHYS.L,2025-11-07,89.54,GBP
GRAB,2025-11-07,5.56,USD
IDTG.L,2025-11-07,3.083,GBP
IE0008368742,2025-11-07,199.21,USD
IE00B0M63516,2025-11-07,25.11,USD
IGLS.L,2025-11-07,128.16,GBP
IGWD.L,2025-11-07,11543,GBp
INXG.L,2025-11-07,11.59,GBP
ISPE.L,2025-11-07,6.427,GBP
IUAG.L,2025-11-07,96.17,USD
IWDG.L,2025-11-07,1088.5,GBp
JFM0003373,2025-11-07,176.48,USD
KNSL,2025-11-07,398.19,USD
LU0164881194,2025-11-07,320.91,USD
LU0196696453,2025-11-07,18.17,USD
MU0129U00005,2025-11-07,354.84,USD
QNTG.L,2025-11-07,19.05,GBP
QQQ,2025-11-07,609.74,USD
SGLN.L,2025-11-07,5920,GBp
0639.HK,2025-11-10,3.23,HKD
0P00000YAN,2025-11-10,177.01,USD
BCHS.L,2025-11-10,13232,GBp
CNX1.L,2025-11-10,110580,GBp
DPYG.L,2025-11-10,4.977,GBP
EWQX.L,2025-11-10,519.6,GBp
FLOS.L,2025-11-10,484.25,GBp
GB00B1FXTF86,2025-11-10,8.39,GBP
GHYS.L,2025-11-10,89.52,GBP
GRAB,2025-11-10,5.9,USD
IDTG.L,2025-11-10,3.072,GBP
IE0008368742,2025-11-10,200.98,USD
IE00B0M63516,2025-11-10,25.59,USD
IGLS.L,2025-11-10,128.14,GBP
IGWD.L,2025-11-10,11760.5,GBp
INXG.L,2025-11-10,11.638,GBP
ISPE.L,2025-11-10,6.478,GBP
IUAG.L,2025-11-10,96.05,USD
IWDG.L,2025-11-10,1109,GBp
JFM0003373,2025-11-10,177.01,USD
KNSL,2025-11-10,391.07,USD
LU0164881194,2025-11-10,321.94,USD
LU0196696453,2025-11-10,18.54,USD
MU0129U00005,2025-11-10,356.05,USD
QNTG.L,2025-11-10,19.794,GBP
QQQ,2025-11-10,623.23,USD
SGLN.L,2025-11-10,6041,GBp
0639.HK,2025-11-11,3.25,HKD
0P00000YAN,2025-11-11,176.35,USD
BCHS.L,2025-11-11,13090,GBp
CNX1.L,2025-11-11,110600,GBp
DPYG.L,2025-11-11,5.021,GBP
EWQX.L,2025-11-11,521.9,GBp
FLOS.L,2025-11-11,484,GBp
GB00B1FXTF86,2025-11-11,8.45,GBP
GHYS.L,2025-11-11,89.79,GBP
GRAB,2025-11-11,5.88,USD
IDTG.L,2025-11-11,3.088,GBP
IE0008368742,2025-11-11,201.90,USD
IE00B0M63516,2025-11-11,26.20,USD
IGLS.L,2025-11-11,128.4,GBP
IGWD.L,2025-11-11,11836,GBp
INXG.L,2025-11-11,11.731,GBP
ISPE.L,2025-11-11,6.55,GBP
IUAG.L,2025-11-11,96.275,USD
IWDG.L,2025-11-11,1116.5,GBp
JFM0003373,2025-11-11,176.35,USD
KNSL,2025-11-11,393.49,USD
LU0164881194,2025-11-11,324.53,USD
LU0196696453,2025-11-11,18.95,USD
MU0129U00005,2025-11-11,357.29,USD
QNTG.L,2025-11-11,19.54,GBP
QQQ,2025-11-11,621.57,USD
SGLN.L,2025-11-11,6058,GBp
0639.HK,2025-11-12,3.28,HKD
0P00000YAN,2025-11-12,176.5,USD
BCHS.L,2025-11-12,12876,GBp
CNX1.L,2025-11-12,111250,GBp
DPYG.L,2025-11-12,5.038,GBP
EWQX.L,2025-11-12,525.7,GBp
FLOS.L,2025-11-12,483.35,GBp
GB00B1FXTF86,2025-11-12,8.56,GBP
GHYS.L,2025-11-12,89.62,GBP
GRAB,2025-11-12,5.79,USD
IDTG.L,2025-11-12,3.094,GBP
IE0008368742,2025-11-12,203.62,USD
IE00B0M63516,2025-11-12,25.80,USD
IGLS.L,2025-11-12,128.33,GBP
IGWD.L,2025-11-12,11891.5,GBp
INXG.L,2025-11-12,11.702,GBP
ISPE.L,2025-11-12,6.59,GBP
IUAG.L,2025-11-12,96.31,USD
IWDG.L,2025-11-12,1122,GBp
JFM0003373,2025-11-12,176.5,USD
KNSL,2025-11-12,396.94,USD
LU0164881194,2025-11-12,325.21,USD
LU0196696453,2025-11-12,18.78,USD
MU0129U00005,2025-11-12,360.39,USD
QNTG.L,2025-11-12,19.676,GBP
QQQ,2025-11-12,621.08,USD
SGLN.L,2025-11-12,6200,GBp
0639.HK,2025-11-13,3.3,HKD
0P00000YAN,2025-11-13,176.33,USD
BCHS.L,2025-11-13,12356,GBp
CNX1.L,2025-11-13,109270,GBp
DPYG.L,2025-11-13,4.95175,GBP
EWQX.L,2025-11-13,519.25,GBp
FLOS.L,2025-11-13,471.95,GBp
GB00B1FXTF86,2025-11-13,8.51,GBP
GHYS.L,2025-11-13,89.43,GBP
GRAB,2025-11-13,5.54,USD
IDTG.L,2025-11-13,3.0865,GBP
IE0008368742,2025-11-13,204.62,USD
IE00B0M63516,2025-11-13,26.31,USD
IGLS.L,2025-11-13,128.33,GBP
IGWD.L,2025-11-13,11794,GBp
INXG.L,2025-11-13,11.214,GBP
ISPE.L,2025-11-13,6.563,GBP
IUAG.L,2025-11-13,94.28,USD
IWDG.L,2025-11-13,1112.5,GBp
JFM0003373,2025-11-13,176.33,USD
KNSL,2025-11-13,392.83,USD
LU0164881194,2025-11-13,324.90,USD
LU0196696453,2025-11-13,18.88,USD
MU0129U00005,2025-11-13,359.58,USD
QNTG.L,2025-11-13,18.586,GBP
QQQ,2025-11-13,608.4,USD
SGLN.L,2025-11-13,6189,GBp
0639.HK,2025-11-14,3.27,HKD
0P00000YAN,2025-11-14,175.16,USD
BCHS.L,2025-11-14,12326,GBp
CNX1.L,2025-11-14,109450,GBp
DPYG.L,2025-11-14,4.9235,GBP
EWQX.L,2025-11-14,518.7,GBp
FLOS.L,2025-11-14,471.7,GBp
GB00B1FXTF86,2025-11-14,8.51,GBP
GHYS.L,2025-11-14,89.42,GBP
GRAB,2025-11-14,5.41,USD
IDTG.L,2025-11-14,3.06,GBP
IE0008368742,2025-11-14,201.31,USD
IE00B0M63516,2025-11-14,26.31,USD
IGLS.L,2025-11-14,128.02,GBP
IGWD.L,2025-11-14,11746,GBp
INXG.L,2025-11-14,11.049,GBP
ISPE.L,2025-11-14,6.503,GBP
IUAG.L,2025-11-14,94.14,USD
IWDG.L,2025-11-14,1107,GBp
JFM0003373,2025-11-14,175.16,USD
KNSL,2025-11-14,389.96,USD
LU0164881194,2025-11-14,325.28,USD
LU0196696453,2025-11-14,18.90,USD
MU0129U00005,2025-11-14,358.21,USD
QNTG.L,2025-11-14,18.704,GBP
QQQ,2025-11-14,608.86,USD
SGLN.L,2025-11-14,6048,GBp
0639.HK,2025-11-17,3.29,HKD
0P00000YAN,2025-11-17,176.38,USD
BCHS.L,2025-11-17,11702,GBp
CNX1.L,2025-11-17,108800,GBp
DPYG.L,2025-11-17,4.9145,GBP
EWQX.L,2025-11-17,513.9,GBp
FLOS.L,2025-11-17,472.3,GBp
GB00B1FXTF86,2025-11-17,8.58,GBP
GHYS.L,2025-11-17,89.42,GBP
GRAB,2025-11-17,5.33,USD
IDTG.L,2025-11-17,3.0675,GBP
IE0008368742,2025-11-17,198.59,USD
IE00B0M63516,2025-11-17,26.20,USD
IGLS.L,2025-11-17,128.2,GBP
IGWD.L,2025-11-17,11685,GBp
INXG.L,2025-11-17,11.096,GBP
ISPE.L,2025-11-17,6.462,GBP
IUAG.L,2025-11-17,94.15,USD
IWDG.L,2025-11-17,1101,GBp
JFM0003373,2025-11-17,176.38,USD
KNSL,2025-11-17,389.54,USD
LU0164881194,2025-11-17,327.60,USD
LU0196696453,2025-11-17,18.71,USD
MU0129U00005,2025-11-17,359.95,USD
QNTG.L,2025-11-17,18.625,GBP
QQQ,2025-11-17,603.66,USD
SGLN.L,2025-11-17,6002,GBp
0639.HK,2025-11-18,3.15,HKD
0P00000YAN,2025-11-18,175.26,USD
BCHS.L,2025-11-18,11802,GBp
CNX1.L,2025-11-18,107220,GBp
DPYG.L,2025-11-18,4.876,GBP
EWQX.L,2025-11-18,508.15,GBp
FLOS.L,2025-11-18,472.35,GBp
GB00B1FXTF86,2025-11-18,8.48,GBP
GHYS.L,2025-11-18,89.12,GBP
GRAB,2025-11-18,5.32,USD
IDTG.L,2025-11-18,3.053,GBP
IE0008368742,2025-11-18,195.30,USD
IE00B0M63516,2025-11-18,25.84,USD
IGLS.L,2025-11-18,128.14,GBP
IGWD.L,2025-11-18,11506,GBp
INXG.L,2025-11-18,11.028,GBP
ISPE.L,2025-11-18,6.393,GBP
IUAG.L,2025-11-18,94.09,USD
IWDG.L,2025-11-18,1084.5,GBp
JFM0003373,2025-11-18,175.26,USD
KNSL,2025-11-18,394.93,USD
LU0164881194,2025-11-18,325.61,USD
LU0196696453,2025-11-18,18.47,USD
MU0129U00005,2025-11-18,358.09,USD
QNTG.L,2025-11-18,18.028,GBP
QQQ,2025-11-18,596.31,USD
SGLN.L,2025-11-18,6000,GBp
0639.HK,2025-11-19,3.15,HKD
0P00000YAN,2025-11-19,175.3,USD
BCHS.L,2025-11-19,11643,GBp
CNX1.L,2025-11-19,107970,GBp
DPYG.L,2025-11-19,4.873,GBP
EWQX.L,2025-11-19,510.2,GBp
FLOS.L,2025-11-19,471.95,GBp
GB00B1FXTF86,2025-11-19,8.51,GBP
GHYS.L,2025-11-19,89.315,GBP
GRAB,2025-11-19,5.31,USD
IDTG.L,2025-11-19,3.064,GBP
IE0008368742,2025-11-19,194.54,USD
IE00B0M63516,2025-11-19,25.64,USD
IGLS.L,2025-11-19,128.16,GBP
IGWD.L,2025-11-19,11520,GBp
INXG.L,2025-11-19,10.958,GBP
ISPE.L,2025-11-19,6.367,GBP
IUAG.L,2025-11-19,94.29,USD
IWDG.L,2025-11-19,1086,GBp
JFM0003373,2025-11-19,175.3,USD
KNSL,2025-11-19,379.51,USD
LU0164881194,2025-11-19,327.56,USD
LU0196696453,2025-11-19,18.44,USD
MU0129U00005,2025-11-19,359.69,USD
QNTG.L,2025-11-19,18.238,GBP
QQQ,2025-11-19,599.87,USD
SGLN.L,2025-11-19,6057,GBp
0639.HK,2025-11-20,3.15,HKD
0P00000YAN,2025-11-20,174.3,USD
BCHS.L,2025-11-20,11724,GBp
CNX1.L,2025-11-20,108530,GBp
DPYG.L,2025-11-20,4.8845,GBP
EWQX.L,2025-11-20,511.6,GBp
FLOS.L,2025-11-20,472.375,GBp
GB00B1FXTF86,2025-11-20,8.53,GBP
GHYS.L,2025-11-20,89.525,GBP
GRAB,2025-11-20,4.98,USD
IDTG.L,2025-11-20,3.0685,GBP
IE0008368742,2025-11-20,194.10,USD
IE00B0M63516,2025-11-20,25.68,USD
IGLS.L,2025-11-20,128.22,GBP
IGWD.L,2025-11-20,11608.5,GBp
INXG.L,2025-11-20,10.972,GBP
ISPE.L,2025-11-20,6.401,GBP
IUAG.L,2025-11-20,94.36,USD
IWDG.L,2025-11-20,1093.5,GBp
JFM0003373,2025-11-20,174.3,USD
KNSL,2025-11-20,370.31,USD
LU0164881194,2025-11-20,327.37,USD
MU0129U00005,2025-11-20,360.96,USD
QNTG.L,2025-11-20,17.966,GBP
QQQ,2025-11-20,585.67,USD
SGLN.L,2025-11-20,6030,GBp
0639.HK,2025-11-21,3.1,HKD
0P00000YAN,2025-11-21,172.83,USD
BCHS.L,2025-11-21,11062,GBp
CNX1.L,2025-11-21,105550,GBp
DPYG.L,2025-11-21,4.88325,GBP
EWQX.L,2025-11-21,502.65,GBp
FLOS.L,2025-11-21,472.05,GBp
GB00B1FXTF86,2025-11-21,8.37,GBP
GHYS.L,2025-11-21,89.35,GBP
GRAB,2025-11-21,4.9,USD
IDTG.L,2025-11-21,3.0685,GBP
IE0008368742,2025-11-21,189.23,USD
IE00B0M63516,2025-11-21,25.22,USD
IGLS.L,2025-11-21,128.3,GBP
IGWD.L,2025-11-21,11437,GBp
INXG.L,2025-11-21,11.012,GBP
ISPE.L,2025-11-21,6.395,GBP
IUAG.L,2025-11-21,94.33,USD
IWDG.L,2025-11-21,1078.5,GBp
JFM0003373,2025-11-21,172.83,USD
KNSL,2025-11-21,384.9,USD
LU0164881194,2025-11-21,322.87,USD
LU0196696453,2025-11-21,17.95,USD
MU0129U00005,2025-11-21,355.24,USD
QNTG.L,2025-11-21,17.413,GBP
QQQ,2025-11-21,590.07,USD
SGLN.L,2025-11-21,6037,GBp
0639.HK,2025-11-24,3.09,HKD
0P00000YAN,2025-11-24,174.78,USD
BCHS.L,2025-11-24,11686,GBp
CNX1.L,2025-11-24,108470,GBp
DPYG.L,2025-11-24,4.897,GBP
EWQX.L,2025-11-24,512.45,GBp
FLOS.L,2025-11-24,472.525,GBp
GB00B1FXTF86,2025-11-24,8.35,GBP
GHYS.L,2025-11-24,89.67,GBP
GRAB,2025-11-24,5.25,USD
IDTG.L,2025-11-24,3.0885,GBP
IE0008368742,2025-11-24,191.86,USD
IE00B0M63516,2025-11-24,25.54,USD
IGLS.L,2025-11-24,128.3,GBP
IGWD.L,2025-11-24,11610.5,GBp
INXG.L,2025-11-24,11.016,GBP
ISPE.L,2025-11-24,6.455,GBP
IUAG.L,2025-11-24,94.45,USD
IWDG.L,2025-11-24,1094,GBp
JFM0003373,2025-11-24,174.78,USD
KNSL,2025-11-24,379.15,USD
LU0164881194,2025-11-24,322.19,USD
LU0196696453,2025-11-24,18.17,USD
MU0129U00005,2025-11-24,353.94,USD
QNTG.L,2025-11-24,18.165,GBP
QQQ,2025-11-24,605.16,USD
SGLN.L,2025-11-24,6068,GBp
0639.HK,2025-11-25,3.1,HKD
0P00000YAN,2025-11-25,175.05,USD
BCHS.L,2025-11-25,11618,GBp
CNX1.L,2025-11-25,107850,GBp
DPYG.L,2025-11-25,4.9565,GBP
EWQX.L,2025-11-25,511.75,GBp
FLOS.L,2025-11-25,472.05,GBp
GB00B1FXTF86,2025-11-25,8.33,GBP
GHYS.L,2025-11-25,89.85,GBP
GRAB,2025-11-25,5.24,USD
IDTG.L,2025-11-25,3.111,GBP
IE0008368742,2025-11-25,193.96,USD
IE00B0M63516,2025-11-25,25.63,USD
IGLS.L,2025-11-25,128.41,GBP
IGWD.L,2025-11-25,11653,GBp
INXG.L,2025-11-25,11.042,GBP
ISPE.L,2025-11-25,6.531,GBP
IUAG.L,2025-11-25,94.9,USD
IWDG.L,2025-11-25,1100,GBp
JFM0003373,2025-11-25,175.05,USD
KNSL,2025-11-25,386.36,USD
LU0164881194,2025-11-25,322.53,USD
LU0196696453,2025-11-25,18.21,USD
MU0129U00005,2025-11-25,353.57,USD
QNTG.L,2025-11-25,18.214,GBP
QQQ,2025-11-25,608.89,USD
SGLN.L,2025-11-25,6095,GBp
0639.HK,2025-11-26,3.07,HKD
0P00000YAN,2025-11-26,175.69,USD
BCHS.L,2025-11-26,12094,GBp
CNX1.L,2025-11-26,109500,GBp
DPYG.L,2025-11-26,4.97575,GBP
EWQX.L,2025-11-26,516.5,GBp
FLOS.L,2025-11-26,472.65,GBp
GB00B1FXTF86,2025-11-26,8.36,GBP
GHYS.L,2025-11-26,89.91,GBP
GRAB,2025-11-26,5.32,USD
IDTG.L,2025-11-26,3.101,GBP
IE0008368742,2025-11-26,195.41,USD
IE00B0M63516,2025-11-26,26.37,USD
IGLS.L,2025-11-26,128.51,GBP
IGWD.L,2025-11-26,11817,GBp
INXG.L,2025-11-26,11.242,GBP
ISPE.L,2025-11-26,6.597,GBP
IUAG.L,2025-11-26,94.91,USD
IWDG.L,2025-11-26,1115.5,GBp
JFM0003373,2025-11-26,175.69,USD
KNSL,2025-11-26,381.26,USD
LU0164881194,2025-11-26,327.14,USD
LU0196696453,2025-11-26,18.72,USD
MU0129U00005,2025-11-26,357.42,USD
QNTG.L,2025-11-26,18.3,GBP
QQQ,2025-11-26,614.27,USD
SGLN.L,2025-11-26,6107,GBp
0639.HK,2025-11-27,2.93,HKD
BCHS.L,2025-11-27,12372,GBp
CNX1.L,2025-11-27,109270,GBp
DPYG.L,2025-11-27,4.969,GBP
EWQX.L,2025-11-27,514.6,GBp
FLOS.L,2025-11-27,472.45,GBp
GB00B1FXTF86,2025-11-27,8.23,GBP
GHYS.L,2025-11-27,90.075,GBP
IDTG.L,2025-11-27,3.1155,GBP
IE0008368742,2025-11-27,195.95,USD
IE00B0M63516,2025-11-27,26.44,USD
IGLS.L,2025-11-27,128.51,GBP
IGWD.L,2025-11-27,11813,GBp
INXG.L,2025-11-27,11.272,GBP
ISPE.L,2025-11-27,6.585,GBP
IUAG.L,2025-11-27,95.07,USD
IWDG.L,2025-11-27,1113.5,GBp
LU0164881194,2025-11-27,326.82,USD
LU0196696453,2025-11-27,18.81,USD
MU0129U00005,2025-11-27,357.97,USD
QNTG.L,2025-11-27,18.426,GBP
SGLN.L,2025-11-27,6087,GBp
0639.HK,2025-11-28,2.91,HKD
0P00000YAN,2025-11-28,175.74,USD
BCHS.L,2025-11-28,12618,GBp
CNX1.L,2025-11-28,109770,GBp
DPYG.L,2025-11-28,4.976,GBP
EWQX.L,2025-11-28,518.4,GBp
FLOS.L,2025-11-28,472.9,GBp
GB00B1FXTF86,2025-11-28,8.26,GBP
GHYS.L,2025-11-28,89.85,GBP
GRAB,2025-11-28,5.45,USD
IDTG.L,2025-11-28,3.093,GBP
IE0008368742,2025-11-28,196.24,USD
IE00B0M63516,2025-11-28,26.63,USD
IGLS.L,2025-11-28,128.51,GBP
IGWD.L,2025-11-28,11856,GBp
INXG.L,2025-11-28,11.23,GBP
ISPE.L,2025-11-28,6.6345,GBP
IUAG.L,2025-11-28,94.9,USD
IWDG.L,2025-11-28,1117.25,GBp
JFM0003373,2025-11-28,175.74,USD
KNSL,2025-11-28,384.9,USD
LU0164881194,2025-11-28,326.03,USD
LU0196696453,2025-11-28,18.96,USD
MU0129U00005,2025-11-28,356.73,USD
QNTG.L,2025-11-28,18.764,GBP
QQQ,2025-11-28,619.25,USD
SGLN.L,2025-11-28,6173,GBp
0639.HK,2025-12-01,2.89,HKD
0P00000YAN,2025-12-01,176.62,USD
BCHS.L,2025-12-01,12192,GBp
CNX1.L,2025-12-01,109840,GBp
DPYG.L,2025-12-01,4.9465,GBP
EWQX.L,2025-12-01,519.6,GBp
FLOS.L,2025-12-01,472.2,GBp
GB00B1FXTF86,2025-12-01,8.22,GBP
GHYS.L,2025-12-01,89.98,GBP
GRAB,2025-12-01,5.27,USD
IDTG.L,2025-12-01,3.0605,GBP
IE0008368742,2025-12-01,197.78,USD
IE00B0M63516,2025-12-01,26.56,USD
IGLS.L,2025-12-01,128.52,GBP
IGWD.L,2025-12-01,11833,GBp
INXG.L,2025-12-01,11.164,GBP
ISPE.L,2025-12-01,6.611,GBP
IUAG.L,2025-12-01,94.53,USD
IWDG.L,2025-12-01,1115,GBp
JFM0003373,2025-12-01,176.62,USD
KNSL,2025-12-01,377.04,USD
LU0164881194,2025-12-01,325.26,USD
LU0196696453,2025-12-01,18.93,USD
MU0129U00005,2025-12-01,356.27,USD
QNTG.L,2025-12-01,18.378,GBP
QQQ,2025-12-01,617.17,USD
SGLN.L,2025-12-01,6210,GBp
0639.HK,2025-12-02,2.91,HKD
0P00000YAN,2025-12-02,176.8,USD
BCHS.L,2025-12-02,12286,GBp
CNX1.L,2025-12-02,110420,GBp
DPYG.L,2025-12-02,4.9305,GBP
EWQX.L,2025-12-02,521.3,GBp
FLOS.L,2025-12-02,473.05,GBp
GB00B1FXTF86,2025-12-02,8.18,GBP
GHYS.L,2025-12-02,89.9,GBP
GRAB,2025-12-02,5.26,USD
IDTG.L,2025-12-02,3.0585,GBP
IE0008368742,2025-12-02,198.35,USD
IE00B0M63516,2025-12-02,26.76,USD
IGLS.L,2025-12-02,128.54,GBP
IGWD.L,2025-12-02,11820,GBp
INXG.L,2025-12-02,11.197,GBP
ISPE.L,2025-12-02,6.565,GBP
IUAG.L,2025-12-02,94.54,USD
IWDG.L,2025-12-02,1115,GBp
JFM0003373,2025-12-02,176.8,USD
KNSL,2025-12-02,375.78,USD
LU0164881194,2025-12-02,322.36,USD
LU0196696453,2025-12-02,19.16,USD
MU0129U00005,2025-12-02,353.23,USD
QNTG.L,2025-12-02,18.842,GBP
QQQ,2025-12-02,622,USD
SGLN.L,2025-12-02,6157,GBp
0639.HK,2025-12-03,2.89,HKD
0P00000YAN,2025-12-03,176.63,USD
BCHS.L,2025-12-03,12112,GBp
CNX1.L,2025-12-03,109890,GBp
DPYG.L,2025-12-03,4.92825,GBP
EWQX.L,2025-12-03,521.9,GBp
FLOS.L,2025-12-03,473.05,GBp
GB00B1FXTF86,2025-12-03,8.11,GBP
GHYS.L,2025-12-03,90.05,GBP
GRAB,2025-12-03,5.27,USD
IDTG.L,2025-12-03,3.06,GBP
IE0008368742,2025-12-03,197.15,USD
IE00B0M63516,2025-12-03,27.13,USD
IGLS.L,2025-12-03,128.57,GBP
IGWD.L,2025-12-03,11859,GBp
INXG.L,2025-12-03,11.298,GBP
ISPE.L,2025-12-03,6.613,GBP
IUAG.L,2025-12-03,94.64,USD
IWDG.L,2025-12-03,1119,GBp
JFM0003373,2025-12-03,176.63,USD
KNSL,2025-12-03,374.41,USD
LU0164881194,2025-12-03,320.14,USD
LU0196696453,2025-12-03,19.33,USD
MU0129U00005,2025-12-03,351.88,USD
QNTG.L,2025-12-03,18.58,GBP
QQQ,2025-12-03,623.52,USD
SGLN.L,2025-12-03,6147,GBp
0639.HK,2025-12-04,2.87,HKD
0P00000YAN,2025-12-04,176.38,USD
BCHS.L,2025-12-04,12382,GBp
CNX1.L,2025-12-04,109690,GBp
DPYG.L,2025-12-04,4.925,GBP
EWQX.L,2025-12-04,522.9,GBp
FLOS.L,2025-12-04,473.35,GBp
GB00B1FXTF86,2025-12-04,8.08,GBP
GHYS.L,2025-12-04,90.135,GBP
GRAB,2025-12-04,5.3,USD
IDTG.L,2025-12-04,3.057,GBP
IE0008368742,2025-12-04,198.11,USD
IE00B0M63516,2025-12-04,27.52,USD
IGLS.L,2025-12-04,128.68,GBP
IGWD.L,2025-12-04,11885,GBp
INXG.L,2025-12-04,11.394,GBP
ISPE.L,2025-12-04,6.623,GBP
IUAG.L,2025-12-04,94.52,USD
IWDG.L,2025-12-04,1120.75,GBp
JFM0003373,2025-12-04,176.38,USD
KNSL,2025-12-04,361.26,USD
LU0164881194,2025-12-04,321.55,USD
LU0196696453,2025-12-04,19.76,USD
MU0129U00005,2025-12-04,354.60,USD
QNTG.L,2025-12-04,19.342,GBP
QQQ,2025-12-04,622.94,USD
SGLN.L,2025-12-04,6127,GBp
0639.HK,2025-12-05,2.92,HKD
0P00000YAN,2025-12-05,176.47,USD
BCHS.L,2025-12-05,12210,GBp
CNX1.L,2025-12-05,110380,GBp
DPYG.L,2025-12-05,4.91425,GBP
EWQX.L,2025-12-05,527.95,GBp
FLOS.L,2025-12-05,473.3,GBp
GB00B1FXTF86,2025-12-05,8.12,GBP
GHYS.L,2025-12-05,90.205,GBP
GRAB,2025-12-05,5.19,USD
IDTG.L,2025-12-05,3.0395,GBP
IE0008368742,2025-12-05,198.97,USD
IE00B0M63516,2025-12-05,26.55,USD
IGLS.L,2025-12-05,128.56,GBP
IGWD.L,2025-12-05,11911,GBp
INXG.L,2025-12-05,11.326,GBP
ISPE.L,2025-12-05,6.653,GBP
IUAG.L,2025-12-05,94.35,USD
IWDG.L,2025-12-05,1122.5,GBp
JFM0003373,2025-12-05,176.47,USD
KNSL,2025-12-05,356.53,USD
LU0164881194,2025-12-05,323.50,USD
LU0196696453,2025-12-05,19.31,USD
MU0129U00005,2025-12-05,356.01,USD
QNTG.L,2025-12-05,19.208,GBP
QQQ,2025-12-05,625.48,USD
SGLN.L,2025-12-05,6139,GBp
0639.HK,2025-12-08,2.86,HKD
0P00000YAN,2025-12-08,175.39,USD
BCHS.L,2025-12-08,12314,GBp
CNX1.L,2025-12-08,110310,GBp
DPYG.L,2025-12-08,4.867,GBP
EWQX.L,2025-12-08,524.75,GBp
FLOS.L,2025-12-08,473.35,GBp
GB00B1FXTF86,2025-12-08,8.00,GBP
GHYS.L,2025-12-08,89.91,GBP
GRAB,2025-12-08,5.16,USD
IDTG.L,2025-12-08,3.0275,GBP
IE0008368742,2025-12-08,198.49,USD
IE00B0M63516,2025-12-08,26.07,USD
IGLS.L,2025-12-08,128.39,GBP
IGWD.L,2025-12-08,11881,GBp
INXG.L,2025-12-08,11.279,GBP
ISPE.L,2025-12-08,6.62,GBP
IUAG.L,2025-12-08,94.15,USD
IWDG.L,2025-12-08,1120.5,GBp
JFM0003373,2025-12-08,175.39,USD
KNSL,2025-12-08,354.6,USD
LU0164881194,2025-12-08,319.81,USD
LU0196696453,2025-12-08,18.47,USD
MU0129U00005,2025-12-08,352.23,USD
QNTG.L,2025-12-08,19.328,GBP
QQQ,2025-12-08,624.28,USD
SGLN.L,2025-12-08,6115,GBp
0639.HK,2025-12-09,2.86,HKD
0P00000YAN,2025-12-09,175.62,USD
BCHS.L,2025-12-09,12631,GBp
CNX1.L,2025-12-09,110590,GBp
DPYG.L,2025-12-09,4.8585,GBP
EWQX.L,2025-12-09,525.05,GBp
FLOS.L,2025-12-09,473.325,GBp
GB00B1FXTF86,2025-12-09,8.04,GBP
GHYS.L,2025-12-09,89.95,GBP
GRAB,2025-12-09,5.15,USD
IDTG.L,2025-12-09,3.035,GBP
IE0008368742,2025-12-09,196.45,USD
IE00B0M63516,2025-12-09,25.96,USD
IGLS.L,2025-12-09,128.43,GBP
IGWD.L,2025-12-09,11908,GBp
INXG.L,2025-12-09,11.338,GBP
ISPE.L,2025-12-09,6.624,GBP
IUAG.L,2025-12-09,94.28,USD
IWDG.L,2025-12-09,1123,GBp
JFM0003373,2025-12-09,175.62,USD
KNSL,2025-12-09,372.01,USD
LU0164881194,2025-12-09,320.27,USD
LU0196696453,2025-12-09,18.52,USD
MU0129U00005,2025-12-09,352.28,USD
QNTG.L,2025-12-09,19.499,GBP
QQQ,2025-12-09,625.05,USD
SGLN.L,2025-12-09,6146,GBp
0639.HK,2025-12-10,2.96,HKD
0P00000YAN,2025-12-10,175.23,USD
BCHS.L,2025-12-10,12380,GBp
CNX1.L,2025-12-10,110240,GBp
DPYG.L,2025-12-10,4.857,GBP
EWQX.L,2025-12-10,523.5,GBp
FLOS.L,2025-12-10,473.5,GBp
GB00B1FXTF86,2025-12-10,7.98,GBP
GHYS.L,2025-12-10,89.87,GBP
GRAB,2025-12-10,5.18,USD
IDTG.L,2025-12-10,3.043,GBP
IE0008368742,2025-12-10,196.49,USD
IE00B0M63516,2025-12-10,25.82,USD
IGLS.L,2025-12-10,128.42,GBP
IGWD.L,2025-12-10,11882.5,GBp
INXG.L,2025-12-10,11.312,GBP
ISPE.L,2025-12-10,6.62,GBP
IUAG.L,2025-12-10,94.22,USD
IWDG.L,2025-12-10,1121,GBp
JFM0003373,2025-12-10,175.23,USD
KNSL,2025-12-10,377.9,USD
LU0164881194,2025-12-10,318.94,USD
LU0196696453,2025-12-10,18.43,USD
MU0129U00005,2025-12-10,350.89,USD
QNTG.L,2025-12-10,19.103,GBP
QQQ,2025-12-10,627.61,USD
SGLN.L,2025-12-10,6117,GBp
0639.HK,2025-12-11,2.94,HKD
0P00000YAN,2025-12-11,175.31,USD
BCHS.L,2025-12-11,12075,GBp
CNX1.L,2025-12-11,108870,GBp
DPYG.L,2025-12-11,4.894,GBP
EWQX.L,2025-12-11,521.5,GBp
FLOS.L,2025-12-11,473.75,GBp
GB00B1FXTF86,2025-12-11,7.96,GBP
GHYS.L,2025-12-11,90.03,GBP
GRAB,2025-12-11,5.18,USD
IDTG.L,2025-12-11,2.9825,GBP
IE0008368742,2025-12-11,195.82,USD
IE00B0M63516,2025-12-11,26.26,USD
IGLS.L,2025-12-11,128.5,GBP
IGWD.L,2025-12-11,11930,GBp
INXG.L,2025-12-11,11.371,GBP
ISPE.L,2025-12-11,6.721,GBP
IUAG.L,2025-12-11,94.6,USD
IWDG.L,2025-12-11,1124.5,GBp
JFM0003373,2025-12-11,175.31,USD
KNSL,2025-12-11,388.14,USD
LU0164881194,2025-12-11,320.18,USD
LU0196696453,2025-12-11,18.80,USD
MU0129U00005,2025-12-11,352.50,USD
QNTG.L,2025-12-11,18.892,GBP
QQQ,2025-12-11,625.58,USD
SGLN.L,2025-12-11,6161,GBp
0639.HK,2025-12-12,2.95,HKD
0P00000YAN,2025-12-12,176.62,USD
BCHS.L,2025-12-12,12095,GBp
CNX1.L,2025-12-12,108120,GBp
DPYG.L,2025-12-12,4.8965,GBP
EWQX.L,2025-12-12,522.5,GBp
FLOS.L,2025-12-12,473.75,GBp
GB00B1FXTF86,2025-12-12,7.98,GBP
GHYS.L,2025-12-12,90.01,GBP
GRAB,2025-12-12,5.15,USD
IDTG.L,2025-12-12,2.942,GBP
IE0008368742,2025-12-12,199.52,USD
IE00B0M63516,2025-12-12,26.14,USD
IGLS.L,2025-12-12,128.53,GBP
IGWD.L,2025-12-12,11844,GBp
INXG.L,2025-12-12,11.302,GBP
ISPE.L,2025-12-12,6.692,GBP
IUAG.L,2025-12-12,94.16,USD
IWDG.L,2025-12-12,1117.5,GBp
JFM0003373,2025-12-12,176.62,USD
KNSL,2025-12-12,391.76,USD
LU0164881194,2025-12-12,322.51,USD
LU0196696453,2025-12-12,18.75,USD
MU0129U00005,2025-12-12,354.50,USD
QNTG.L,2025-12-12,18.873,GBP
QQQ,2025-12-12,613.62,USD
SGLN.L,2025-12-12,6221,GBp
0639.HK,2025-12-15,2.92,HKD
0P00000YAN,2025-12-15,177.4,USD
BCHS.L,2025-12-15,11697,GBp
CNX1.L,2025-12-15,107940,GBp
DPYG.L,2025-12-15,4.891,GBP
EWQX.L,2025-12-15,520.95,GBp
FLOS.L,2025-12-15,473.35,GBp
GB00B1FXTF86,2025-12-15,7.96,GBP
GHYS.L,2025-12-15,89.95,GBP
GRAB,2025-12-15,5.02,USD
IDTG.L,2025-12-15,2.957,GBP
IE0008368742,2025-12-15,198.34,USD
IE00B0M63516,2025-12-15,26.72,USD
IGLS.L,2025-12-15,128.61,GBP
IGWD.L,2025-12-15,11892,GBp
INXG.L,2025-12-15,11.306,GBP
ISPE.L,2025-12-15,6.685,GBP
IUAG.L,2025-12-15,94.32,USD
IWDG.L,2025-12-15,1120.5,GBp
JFM0003373,2025-12-15,177.4,USD
KNSL,2025-12-15,392.17,USD
LU0164881194,2025-12-15,321.44,USD
LU0196696453,2025-12-15,19.10,USD
MU0129U00005,2025-12-15,352.76,USD
QNTG.L,2025-12-15,18.592,GBP
QQQ,2025-12-15,610.54,USD
SGLN.L,2025-12-15,6229,GBp
0639.HK,2025-12-16,2.9,HKD
0P00000YAN,2025-12-16,177.12,USD
BCHS.L,2025-12-16,11354,GBp
CNX1.L,2025-12-16,106880,GBp
DPYG.L,2025-12-16,4.8945,GBP
EWQX.L,2025-12-16,514.5,GBp
FLOS.L,2025-12-16,473.55,GBp
GB00B1FXTF86,2025-12-16,7.85,GBP
GHYS.L,2025-12-16,89.95,GBP
GRAB,2025-12-16,4.95,USD
IDTG.L,2025-12-16,2.955,GBP
IE0008368742,2025-12-16,195.98,USD
IE00B0M63516,2025-12-16,25.91,USD
IGLS.L,2025-12-16,128.57,GBP
IGWD.L,2025-12-16,11816,GBp
INXG.L,2025-12-16,11.281,GBP
ISPE.L,2025-12-16,6.658,GBP
IUAG.L,2025-12-16,94.44,USD
IWDG.L,2025-12-16,1112.5,GBp
JFM0003373,2025-12-16,177.12,USD
KNSL,2025-12-16,385.16,USD
LU0164881194,2025-12-16,317.19,USD
LU0196696453,2025-12-16,18.53,USD
MU0129U00005,2025-12-16,350.30,USD
QNTG.L,2025-12-16,18.466,GBP
QQQ,2025-12-16,611.75,USD
SGLN.L,2025-12-16,6220,GBp
0639.HK,2025-12-17,2.88,HKD
0P00000YAN,2025-12-17,176.09,USD
BCHS.L,2025-12-17,11294,GBp
CNX1.L,2025-12-17,106150,GBp
DPYG.L,2025-12-17,4.899,GBP
EWQX.L,2025-12-17,514.9,GBp
FLOS.L,2025-12-17,474.1,GBp
GB00B1FXTF86,2025-12-17,7.92,GBP
GHYS.L,2025-12-17,90.24,GBP
GRAB,2025-12-17,4.87,USD
IDTG.L,2025-12-17,2.9605,GBP
IE0008368742,2025-12-17,197.49,USD
IE00B0M63516,2025-12-17,25.17,USD
IGLS.L,2025-12-17,128.72,GBP
IGWD.L,2025-12-17,11759,GBp
INXG.L,2025-12-17,11.33,GBP
ISPE.L,2025-12-17,6.646,GBP
IUAG.L,2025-12-17,94.455,USD
IWDG.L,2025-12-17,1108.5,GBp
JFM0003373,2025-12-17,176.09,USD
KNSL,2025-12-17,377.99,USD
LU0164881194,2025-12-17,318.21,USD
LU0196696453,2025-12-17,18.02,USD
MU0129U00005,2025-12-17,350.67,USD
QNTG.L,2025-12-17,18.593,GBP
QQQ,2025-12-17,600.41,USD
SGLN.L,2025-12-17,6271,GBp
0639.HK,2025-12-18,2.89,HKD
0P00000YAN,2025-12-18,176.33,USD
BCHS.L,2025-12-18,11402,GBp
CNX1.L,2025-12-18,107740,GBp
DPYG.L,2025-12-18,4.927,GBP
EWQX.L,2025-12-18,518.5,GBp
FLOS.L,2025-12-18,473.6,GBp
GB00B1FXTF86,2025-12-18,7.91,GBP
GHYS.L,2025-12-18,90.25,GBP
GRAB,2025-12-18,4.92,USD
IDTG.L,2025-12-18,2.9795,GBP
IE0008368742,2025-12-18,196.54,USD
IE00B0M63516,2025-12-18,25.48,USD
IGLS.L,2025-12-18,128.71,GBP
IGWD.L,2025-12-18,11868,GBp
INXG.L,2025-12-18,11.345,GBP
ISPE.L,2025-12-18,6.683,GBP
IUAG.L,2025-12-18,94.65,USD
IWDG.L,2025-12-18,1118,GBp
JFM0003373,2025-12-18,176.33,USD
KNSL,2025-12-18,396,USD
LU0164881194,2025-12-18,319.81,USD
LU0196696453,2025-12-18,18.26,USD
MU0129U00005,2025-12-18,352.47,USD
QNTG.L,2025-12-18,18.437,GBP
QQQ,2025-12-18,609.11,USD
SGLN.L,2025-12-18,6332,GBp
0639.HK,2025-12-19,2.9,HKD
BCHS.L,2025-12-19,11654,GBp
CNX1.L,2025-12-19,108570,GBp
DPYG.L,2025-12-19,4.914,GBP
EWQX.L,2025-12-19,521.4,GBp
FLOS.L,2025-12-19,474,GBp
GB00B1FXTF86,2025-12-19,8.05,GBP
GHYS.L,2025-12-19,90.17,GBP
GRAB,2025-12-19,4.93,USD
IDTG.L,2025-12-19,2.963,GBP
IE0008368742,2025-12-19,197.48,USD
IE00B0M63516,2025-12-19,25.71,USD
IGLS.L,2025-12-19,128.57,GBP
IGWD.L,2025-12-19,11926,GBp
INXG.L,2025-12-19,11.277,GBP
ISPE.L,2025-12-19,6.677,GBP
IUAG.L,2025-12-19,94.68,USD
IWDG.L,2025-12-19,1123,GBp
KNSL,2025-12-19,399.29,USD
LU0164881194,2025-12-19,327.29,USD
LU0196696453,2025-12-19,18.36,USD
MU0129U00005,2025-12-19,358.32,USD
QNTG.L,2025-12-19,18.784,GBP
QQQ,2025-12-19,617.05,USD
SGLN.L,2025-12-19,6312,GBp
0639.HK,2025-12-22,2.9,HKD
0P00000YAN,2025-12-22,178.86,USD
BCHS.L,2025-12-22,11903,GBp
DPYG.L,2025-12-22,4.9185,GBP
EWQX.L,2025-12-22,521.15,GBp
FLOS.L,2025-12-22,474,GBp
GB00B1FXTF86,2025-12-22,8.04,GBP
GRAB,2025-12-22,5.18,USD
IDTG.L,2025-12-22,2.95925,GBP
IE0008368742,2025-12-22,198.25,USD
IE00B0M63516,2025-12-22,25.28,USD
IGLS.L,2025-12-22,128.56,GBP
IGWD.L,2025-12-22,11971,GBp
INXG.L,2025-12-22,11.24,GBP
ISPE.L,2025-12-22,6.7165,GBP
IUAG.L,2025-12-22,94.44,USD
IWDG.L,2025-12-22,1127,GBp
JFM0003373,2025-12-22,178.86,USD
KNSL,2025-12-22,399.44,USD
LU0164881194,2025-12-22,326.88,USD
LU0196696453,2025-12-22,18.08,USD
MU0129U00005,2025-12-22,358.62,USD
QNTG.L,2025-12-22,19.14,GBP
QQQ,2025-12-22,619.21,USD
SGLN.L,2025-12-22,6401,GBp
0639.HK,2025-12-23,2.91,HKD
0P00000YAN,2025-12-23,179.37,USD
BCHS.L,2025-12-23,11754,GBp
CNX1.L,2025-12-23,108560,GBp
DPYG.L,2025-12-23,4.902,GBP
EWQX.L,2025-12-23,517.2,GBp
FLOS.L,2025-12-23,474.3,GBp
GB00B1FXTF86,2025-12-23,8.00,GBP
GHYS.L,2025-12-23,90.53,GBP
GRAB,2025-12-23,5.08,USD
IDTG.L,2025-12-23,2.96,GBP
IE0008368742,2025-12-23,198.21,USD
IE00B0M63516,2025-12-23,25.59,USD
IGLS.L,2025-12-23,128.73,GBP
IGWD.L,2025-12-23,12006,GBp
INXG.L,2025-12-23,11.28,GBP
ISPE.L,2025-12-23,6.689,GBP
IUAG.L,2025-12-23,94.515,USD
IWDG.L,2025-12-23,1130,GBp
JFM0003373,2025-12-23,179.37,USD
KNSL,2025-12-23,396.94,USD
LU0164881194,2025-12-23,326.30,USD
LU0196696453,2025-12-23,18.37,USD
MU0129U00005,2025-12-23,358.62,USD
QNTG.L,2025-12-23,19.017,GBP
QQQ,2025-12-23,622.11,USD
SGLN.L,2025-12-23,6423,GBp
0639.HK,2025-12-24,2.94,HKD
0P00000YAN,2025-12-24,179.88,USD
BCHS.L,2025-12-24,11678,GBp
CNX1.L,2025-12-24,108650,GBp
DPYG.L,2025-12-24,4.896,GBP
EWQX.L,2025-12-24,517.5,GBp
FLOS.L,2025-12-24,474,GBp
GB00B1FXTF86,2025-12-24,8.00,GBP
GHYS.L,2025-12-24,90.24,GBP
GRAB,2025-12-24,5.13,USD
IDTG.L,2025-12-24,2.963,GBP
IE0008368742,2025-12-24,198.16,USD
IE00B0M63516,2025-12-24,25.81,USD
IGLS.L,2025-12-24,128.61,GBP
IGWD.L,2025-12-24,12028,GBp
INXG.L,2025-12-24,11.244,GBP
ISPE.L,2025-12-24,6.699,GBP
IUAG.L,2025-12-24,94.56,USD
IWDG.L,2025-12-24,1131.75,GBp
JFM0003373,2025-12-24,179.88,USD
KNSL,2025-12-24,396.64,USD
LU0164881194,2025-12-24,324.78,USD
MU0129U00005,2025-12-24,357.07,USD
QNTG.L,2025-12-24,18.86,GBP
QQQ,2025-12-24,623.93,USD
SGLN.L,2025-12-24,6453,GBp
GRAB,2025-12-26,5.15,USD
KNSL,2025-12-26,393.39,USD
QQQ,2025-12-26,623.89,USD
0639.HK,2025-12-29,2.94,HKD
0P00000YAN,2025-12-29,179.2,USD
BCHS.L,2025-12-29,11556,GBp
DPYG.L,2025-12-29,4.9415,GBP
EWQX.L,2025-12-29,518.05,GBp
FLOS.L,2025-12-29,473.95,GBp
GB00B1FXTF86,2025-12-29,7.94,GBP
GRAB,2025-12-29,5.1,USD
IDTG.L,2025-12-29,2.977,GBP
IE00B0M63516,2025-12-29,25.35,USD
IGLS.L,2025-12-29,128.66,GBP
IGWD.L,2025-12-29,12011,GBp
INXG.L,2025-12-29,11.338,GBP
ISPE.L,2025-12-29,6.708,GBP
IUAG.L,2025-12-29,94.74,USD
IWDG.L,2025-12-29,1129.5,GBp
JFM0003373,2025-12-29,179.2,USD
KNSL,2025-12-29,395.26,USD
LU0164881194,2025-12-29,322.14,USD
LU0196696453,2025-12-29,18.29,USD
MU0129U00005,2025-12-29,353.08,USD
QNTG.L,2025-12-29,18.46,GBP
QQQ,2025-12-29,620.87,USD
SGLN.L,2025-12-29,6239,GBp
0639.HK,2025-12-30,2.92,HKD
0P00000YAN,2025-12-30,179.43,USD
BCHS.L,2025-12-30,11584,GBp
DPYG.L,2025-12-30,4.962,GBP
EWQX.L,2025-12-30,520,GBp
FLOS.L,2025-12-30,474.4,GBp
GB00B1FXTF86,2025-12-30,7.93,GBP
GRAB,2025-12-30,5.07,USD
IDTG.L,2025-12-30,2.9775,GBP
IE0008368742,2025-12-30,197.90,USD
IE00B0M63516,2025-12-30,26.07,USD
IGLS.L,2025-12-30,128.81,GBP
IGWD.L,2025-12-30,12033,GBp
INXG.L,2025-12-30,11.292,GBP
ISPE.L,2025-12-30,6.714,GBP
IUAG.L,2025-12-30,94.81,USD
IWDG.L,2025-12-30,1134,GBp
JFM0003373,2025-12-30,179.43,USD
KNSL,2025-12-30,395.63,USD
LU0164881194,2025-12-30,322.45,USD
LU0196696453,2025-12-30,18.63,USD
MU0129U00005,2025-12-30,352.68,USD
QNTG.L,2025-12-30,18.8,GBP
QQQ,2025-12-30,619.43,USD
SGLN.L,2025-12-30,6288,GBp
0639.HK,2025-12-31,2.93,HKD
0P00000YAN,2025-12-31,179.09,USD
BCHS.L,2025-12-31,11424,GBp
DPYG.L,2025-12-31,4.962,GBP
EWQX.L,2025-12-31,516,GBp
FLOS.L,2025-12-31,474.375,GBp
GB00B1FXTF86,2025-12-31,8.01,GBP
GRAB,2025-12-31,4.99,USD
IDTG.L,2025-12-31,2.978,GBP
IE0008368742,2025-12-31,196.37,USD
IE00B0M63516,2025-12-31,26.08,USD
IGLS.L,2025-12-31,129.15,GBP
IGWD.L,2025-12-31,11998,GBp
INXG.L,2025-12-31,11.306,GBP
ISPE.L,2025-12-31,6.703,GBP
IUAG.L,2025-12-31,94.9,USD
IWDG.L,2025-12-31,1130.5,GBp
JFM0003373,2025-12-31,179.09,USD
KNSL,2025-12-31,391.12,USD
LU0164881194,2025-12-31,324.96,USD
MU0129U00005,2025-12-31,354.98,USD
QNTG.L,2025-12-31,18.564,GBP
QQQ,2025-12-31,614.31,USD
SGLN.L,2025-12-31,6217,GBp
0639.HK,2026-01-02,2.98,HKD
0P00000YAN,2026-01-02,179.87,USD
BCHS.L,2026-01-02,11761,GBp
DPYG.L,2026-01-02,4.9185,GBP
EWQX.L,2026-01-02,512,GBp
FLOS.L,2026-01-02,474.5,GBp
GB00B1FXTF86,2026-01-02,8.07,GBP
GRAB,2026-01-02,5.08,USD
IDTG.L,2026-01-02,2.95,GBP
IE0008368742,2026-01-02,199.91,USD
IE00B0M63516,2026-01-02,26.17,USD
IGLS.L,2026-01-02,128.84,GBP
IGWD.L,2026-01-02,11971,GBp
INXG.L,2026-01-02,11.209,GBP
ISPE.L,2026-01-02,6.679,GBP
IUAG.L,2026-01-02,94.57,USD
IWDG.L,2026-01-02,1126.5,GBp
JFM0003373,2026-01-02,179.87,USD
KNSL,2026-01-02,392.46,USD
LU0164881194,2026-01-02,326.92,USD
LU0196696453,2026-01-02,18.70,USD
MU0129U00005,2026-01-02,355.33,USD
QNTG.L,2026-01-02,18.678,GBP
QQQ,2026-01-02,613.12,USD
SGLN.L,2026-01-02,6210,GBp
0639.HK,2026-01-05,2.98,HKD
0P00000YAN,2026-01-05,182.37,USD
BCHS.L,2026-01-05,12368,GBp
CNX1.L,2026-01-05,108170,GBp
DPYG.L,2026-01-05,4.938,GBP
EWQX.L,2026-01-05,516.8,GBp
FLOS.L,2026-01-05,474.5,GBp
GB00B1FXTF86,2026-01-05,8.01,GBP
GRAB,2026-01-05,5.09,USD
IDTG.L,2026-01-05,2.958,GBP
IE0008368742,2026-01-05,201.24,USD
IE00B0M63516,2026-01-05,26.59,USD
IGLS.L,2026-01-05,128.9,GBP
IGWD.L,2026-01-05,12100,GBp
INXG.L,2026-01-05,11.203,GBP
ISPE.L,2026-01-05,6.742,GBP
IUAG.L,2026-01-05,94.65,USD
IWDG.L,2026-01-05,1139.5,GBp
JFM0003373,2026-01-05,182.37,USD
KNSL,2026-01-05,397.04,USD
LU0164881194,2026-01-05,326.16,USD
LU0196696453,2026-01-05,19.00,USD
MU0129U00005,2026-01-05,353.91,USD
QNTG.L,2026-01-05,19.31,GBP
QQQ,2026-01-05,617.99,USD
SGLN.L,2026-01-05,6381,GBp
0639.HK,2026-01-06,3.01,HKD
0P00000YAN,2026-01-06,184.01,USD
BCHS.L,2026-01-06,12328,GBp
CNX1.L,2026-01-06,108440,GBp
DPYG.L,2026-01-06,4.958,GBP
EWQX.L,2026-01-06,523.15,GBp
FLOS.L,2026-01-06,474.925,GBp
GB00B1FXTF86,2026-01-06,8.00,GBP
GRAB,2026-01-06,5.27,USD
IDTG.L,2026-01-06,2.9445,GBP
IE0008368742,2026-01-06,204.94,USD
IE00B0M63516,2026-01-06,27.19,USD
IGLS.L,2026-01-06,128.98,GBP
IGWD.L,2026-01-06,12115,GBp
INXG.L,2026-01-06,11.234,GBP
ISPE.L,2026-01-06,6.798,GBP
IUAG.L,2026-01-06,94.51,USD
IWDG.L,2026-01-06,1140,GBp
JFM0003373,2026-01-06,184.01,USD
KNSL,2026-01-06,400.81,USD
LU0164881194,2026-01-06,326.40,USD
LU0196696453,2026-01-06,19.40,USD
MU0129U00005,2026-01-06,353.91,USD
QNTG.L,2026-01-06,19.368,GBP
QQQ,2026-01-06,623.42,USD
SGLN.L,2026-01-06,6450,GBp
0639.HK,2026-01-07,3.19,HKD
0P00000YAN,2026-01-07,183.31,USD
BCHS.L,2026-01-07,12374,GBp
CNX1.L,2026-01-07,109540,GBp
DPYG.L,2026-01-07,5.014,GBP
EWQX.L,2026-01-07,526.55,GBp
FLOS.L,2026-01-07,474.75,GBp
GB00B1FXTF86,2026-01-07,8.00,GBP
GRAB,2026-01-07,5.08,USD
IDTG.L,2026-01-07,2.9775,GBP
IE0008368742,2026-01-07,205.29,USD
IE00B0M63516,2026-01-07,26.77,USD
IGLS.L,2026-01-07,129.16,GBP
IGWD.L,2026-01-07,12153,GBp
INXG.L,2026-01-07,11.384,GBP
ISPE.L,2026-01-07,6.793,GBP
IUAG.L,2026-01-07,94.83,USD
IWDG.L,2026-01-07,1144,GBp
JFM0003373,2026-01-07,183.31,USD
KNSL,2026-01-07,398.46,USD
LU0164881194,2026-01-07,328.21,USD
LU0196696453,2026-01-07,19.10,USD
MU0129U00005,2026-01-07,355.01,USD
QNTG.L,2026-01-07,19.79,GBP
QQQ,2026-01-07,624.02,USD
SGLN.L,2026-01-07,6432,GBp
0639.HK,2026-01-08,3.22,HKD
0P00000YAN,2026-01-08,180.97,USD
BCHS.L,2026-01-08,12315,GBp
CNX1.L,2026-01-08,108650,GBp
DPYG.L,2026-01-08,5.03,GBP
EWQX.L,2026-01-08,524.05,GBp
FLOS.L,2026-01-08,475.1,GBp
GB00B1FXTF86,2026-01-08,7.92,GBP
GRAB,2026-01-08,4.88,USD
IDTG.L,2026-01-08,2.9565,GBP
IE0008368742,2026-01-08,202.71,USD
IE00B0M63516,2026-01-08,26.80,USD
IGLS.L,2026-01-08,129.19,GBP
IGWD.L,2026-01-08,12107,GBp
INXG.L,2026-01-08,11.382,GBP
ISPE.L,2026-01-08,6.818,GBP
IUAG.L,2026-01-08,94.65,USD
IWDG.L,2026-01-08,1139.5,GBp
JFM0003373,2026-01-08,180.97,USD
KNSL,2026-01-08,411.14,USD
LU0164881194,2026-01-08,323.50,USD
LU0196696453,2026-01-08,19.16,USD
MU0129U00005,2026-01-08,350.60,USD
QNTG.L,2026-01-08,19.652,GBP
QQQ,2026-01-08,620.47,USD
SGLN.L,2026-01-08,6446,GBp
0639.HK,2026-01-09,3.3,HKD
0P00000YAN,2026-01-09,180.8,USD
BCHS.L,2026-01-09,12482,GBp
CNX1.L,2026-01-09,109850,GBp
DPYG.L,2026-01-09,5.051,GBP
EWQX.L,2026-01-09,528.75,GBp
FLOS.L,2026-01-09,474.95,GBp
GB00B1FXTF86,2026-01-09,7.85,GBP
GRAB,2026-01-09,4.85,USD
IDTG.L,2026-01-09,2.9705,GBP
IE0008368742,2026-01-09,204.10,USD
IE00B0M63516,2026-01-09,27.11,USD
IGLS.L,2026-01-09,129.25,GBP
IGWD.L,2026-01-09,12185,GBp
INXG.L,2026-01-09,11.454,GBP
ISPE.L,2026-01-09,6.847,GBP
IUAG.L,2026-01-09,94.95,USD
IWDG.L,2026-01-09,1147.5,GBp
JFM0003373,2026-01-09,180.8,USD
KNSL,2026-01-09,397.45,USD
LU0164881194,2026-01-09,319.49,USD
LU0196696453,2026-01-09,19.41,USD
MU0129U00005,2026-01-09,346.82,USD
QNTG.L,2026-01-09,19.865,GBP
QQQ,2026-01-09,626.65,USD
SGLN.L,2026-01-09,6520,GBp
0639.HK,2026-01-12,3.23,HKD
0P00000YAN,2026-01-12,181.53,USD
BCHS.L,2026-01-12,12558,GBp
CNX1.L,2026-01-12,109780,GBp
DPYG.L,2026-01-12,5.047,GBP
EWQX.L,2026-01-12,526.15,GBp
FLOS.L,2026-01-12,475.45,GBp
GB00B1FXTF86,2026-01-12,7.81,GBP
GRAB,2026-01-12,4.89,USD
IDTG.L,2026-01-12,2.9655,GBP
IE0008368742,2026-01-12,205.11,USD
IE00B0M63516,2026-01-12,26.97,USD
IGLS.L,2026-01-12,129.22,GBP
IGWD.L,2026-01-12,12220,GBp
INXG.L,2026-01-12,11.456,GBP
ISPE.L,2026-01-12,6.858,GBP
IUAG.L,2026-01-12,94.71,USD
IWDG.L,2026-01-12,1152,GBp
JFM0003373,2026-01-12,181.53,USD
KNSL,2026-01-12,390.33,USD
LU0164881194,2026-01-12,321.21,USD
LU0196696453,2026-01-12,19.26,USD
MU0129U00005,2026-01-12,347.20,USD
QNTG.L,2026-01-12,19.626,GBP
QQQ,2026-01-12,627.17,USD
SGLN.L,2026-01-12,6661,GBp
0639.HK,2026-01-13,3.3,HKD
0P00000YAN,2026-01-13,181.99,USD
BCHS.L,2026-01-13,12464,GBp
CNX1.L,2026-01-13,110070,GBp
DPYG.L,2026-01-13,5.0125,GBP
EWQX.L,2026-01-13,526.45,GBp
FLOS.L,2026-01-13,475.225,GBp
GB00B1FXTF86,2026-01-13,7.81,GBP
GRAB,2026-01-13,4.79,USD
IDTG.L,2026-01-13,2.965,GBP
IE0008368742,2026-01-13,205.04,USD
IE00B0M63516,2026-01-13,26.58,USD
IGLS.L,2026-01-13,129.18,GBP
IGWD.L,2026-01-13,12215,GBp
INXG.L,2026-01-13,11.422,GBP
ISPE.L,2026-01-13,6.853,GBP
IUAG.L,2026-01-13,94.76,USD
IWDG.L,2026-01-13,1151.5,GBp
JFM0003373,2026-01-13,181.99,USD
KNSL,2026-01-13,380.95,USD
LU0164881194,2026-01-13,321.06,USD
LU0196696453,2026-01-13,18.97,USD
MU0129U00005,2026-01-13,347.15,USD
QNTG.L,2026-01-13,19.778,GBP
QQQ,2026-01-13,626.24,USD
SGLN.L,2026-01-13,6655,GBp
0639.HK,2026-01-14,3.31,HKD
0P00000YAN,2026-01-14,181.82,USD
BCHS.L,2026-01-14,12752,GBp
CNX1.L,2026-01-14,108270,GBp
DPYG.L,2026-01-14,5.054,GBP
EWQX.L,2026-01-14,522.95,GBp
FLOS.L,2026-01-14,475.1,GBp
GB00B1FXTF86,2026-01-14,7.75,GBP
GRAB,2026-01-14,4.63,USD
IDTG.L,2026-01-14,2.9905,GBP
IE0008368742,2026-01-14,202.78,USD
IE00B0M63516,2026-01-14,26.92,USD
IGLS.L,2026-01-14,129.37,GBP
IGWD.L,2026-01-14,12143,GBp
INXG.L,2026-01-14,11.534,GBP
ISPE.L,2026-01-14,6.882,GBP
IUAG.L,2026-01-14,95,USD
IWDG.L,2026-01-14,1144.5,GBp
JFM0003373,2026-01-14,181.82,USD
KNSL,2026-01-14,396.13,USD
LU0164881194,2026-01-14,320.84,USD
LU0196696453,2026-01-14,19.09,USD
MU0129U00005,2026-01-14,345.88,USD
QNTG.L,2026-01-14,19.74,GBP
QQQ,2026-01-14,619.55,USD
SGLN.L,2026-01-14,6670,GBp
0639.HK,2026-01-15,3.3,HKD
0P00000YAN,2026-01-15,182.36,USD
BCHS.L,2026-01-15,12848,GBp
CNX1.L,2026-01-15,110210,GBp
DPYG.L,2026-01-15,5.125,GBP
EWQX.L,2026-01-15,530,GBp
FLOS.L,2026-01-15,475.75,GBp
GB00B1FXTF86,2026-01-15,7.78,GBP
GRAB,2026-01-15,4.39,USD
IDTG.L,2026-01-15,2.9935,GBP
IE0008368742,2026-01-15,200.78,USD
IE00B0M63516,2026-01-15,27.24,USD
IGLS.L,2026-01-15,126.71,GBP
IGWD.L,2026-01-15,12247,GBp
INXG.L,2026-01-15,11.474,GBP
ISPE.L,2026-01-15,6.945,GBP
IUAG.L,2026-01-15,94.93,USD
IWDG.L,2026-01-15,1152,GBp
JFM0003373,2026-01-15,182.36,USD
KNSL,2026-01-15,399.49,USD
LU0196696453,2026-01-15,19.34,USD
QNTG.L,2026-01-15,19.916,GBP
QQQ,2026-01-15,621.78,USD
SGLN.L,2026-01-15,6686,GBp
0639.HK,2026-01-16,3.33,HKD
0P00000YAN,2026-01-16,182.59,USD
BCHS.L,2026-01-16,12982,GBp
CNX1.L,2026-01-16,109580,GBp
DPYG.L,2026-01-16,5.133,GBP
EWQX.L,2026-01-16,526.4,GBp
FLOS.L,2026-01-16,475.85,GBp
GB00B1FXTF86,2026-01-16,7.74,GBP
GRAB,2026-01-16,4.38,USD
IDTG.L,2026-01-16,2.9845,GBP
IE0008368742,2026-01-16,201.33,USD
IE00B0M63516,2026-01-16,27.09,USD
IGLS.L,2026-01-16,126.64,GBP
IGWD.L,2026-01-16,12211,GBp
INXG.L,2026-01-16,11.51,GBP
ISPE.L,2026-01-16,6.916,GBP
IUAG.L,2026-01-16,94.92,USD
IWDG.L,2026-01-16,1149.5,GBp
JFM0003373,2026-01-16,182.59,USD
KNSL,2026-01-16,398.84,USD
LU0164881194,2026-01-16,317.98,USD
LU0196696453,2026-01-16,19.17,USD
MU0129U00005,2026-01-16,344.25,USD
QNTG.L,2026-01-16,19.89,GBP
QQQ,2026-01-16,621.26,USD
SGLN.L,2026-01-16,6659,GBp
0639.HK,2026-01-19,3.33,HKD
BCHS.L,2026-01-19,12608,GBp
CNX1.L,2026-01-19,107590,GBp
DPYG.L,2026-01-19,5.1265,GBP
EWQX.L,2026-01-19,518.65,GBp
FLOS.L,2026-01-19,475.45,GBp
GB00B1FXTF86,2026-01-19,7.68,GBP
IDTG.L,2026-01-19,2.95,GBP
IE0008368742,2026-01-19,202.07,USD
IE00B0M63516,2026-01-19,27.24,USD
IGLS.L,2026-01-19,126.66,GBP
IGWD.L,2026-01-19,12084,GBp
INXG.L,2026-01-19,11.472,GBP
ISPE.L,2026-01-19,6.864,GBP
IUAG.L,2026-01-19,94.56,USD
IWDG.L,2026-01-19,1136,GBp
LU0164881194,2026-01-19,317.04,USD
LU0196696453,2026-01-19,19.41,USD
MU0129U00005,2026-01-19,343.24,USD
QNTG.L,2026-01-19,19.668,GBP
SGLN.L,2026-01-19,6751,GBp
0639.HK,2026-01-20,3.39,HKD
0P00000YAN,2026-01-20,182.93,USD
BCHS.L,2026-01-20,12592,GBp
CNX1.L,2026-01-20,107650,GBp
DPYG.L,2026-01-20,5.086,GBP
EWQX.L,2026-01-20,519,GBp
FLOS.L,2026-01-20,475.45,GBp
GB00B1FXTF86,2026-01-20,7.50,GBP
GRAB,2026-01-20,4.51,USD
IDTG.L,2026-01-20,2.9445,GBP
IE0008368742,2026-01-20,202.82,USD
IE00B0M63516,2026-01-20,27.56,USD
IGLS.L,2026-01-20,126.58,GBP
IGWD.L,2026-01-20,12051,GBp
INXG.L,2026-01-20,11.449,GBP
ISPE.L,2026-01-20,6.856,GBP
IUAG.L,2026-01-20,94.46,USD
IWDG.L,2026-01-20,1133,GBp
JFM0003373,2026-01-20,182.93,USD
KNSL,2026-01-20,405.12,USD
LU0164881194,2026-01-20,310.76,USD
LU0196696453,2026-01-20,19.54,USD
MU0129U00005,2026-01-20,337.25,USD
QNTG.L,2026-01-20,19.755,GBP
QQQ,2026-01-20,608.06,USD
SGLN.L,2026-01-20,6842,GBp
0639.HK,2026-01-21,3.42,HKD
0P00000YAN,2026-01-21,182.67,USD
BCHS.L,2026-01-21,12498,GBp
CNX1.L,2026-01-21,107890,GBp
DPYG.L,2026-01-21,5.066,GBP
EWQX.L,2026-01-21,522.8,GBp
FLOS.L,2026-01-21,475.65,GBp
GB00B1FXTF86,2026-01-21,7.47,GBP
GRAB,2026-01-21,4.4,USD
IDTG.L,2026-01-21,2.9495,GBP
IE0008368742,2026-01-21,202.02,USD
IE00B0M63516,2026-01-21,28.23,USD
IGLS.L,2026-01-21,126.7,GBP
IGWD.L,2026-01-21,12046.5,GBp
INXG.L,2026-01-21,11.434,GBP
ISPE.L,2026-01-21,6.885,GBP
IUAG.L,2026-01-21,94.55,USD
IWDG.L,2026-01-21,1132,GBp
JFM0003373,2026-01-21,182.67,USD
KNSL,2026-01-21,405.24,USD
LU0164881194,2026-01-21,307.12,USD
LU0196696453,2026-01-21,20.13,USD
MU0129U00005,2026-01-21,332.81,USD
QNTG.L,2026-01-21,19.398,GBP
QQQ,2026-01-21,616.28,USD
SGLN.L,2026-01-21,7001,GBp
0639.HK,2026-01-22,3.34,HKD
0P00000YAN,2026-01-22,183.53,USD
BCHS.L,2026-01-22,12264,GBp
CNX1.L,2026-01-22,108540,GBp
DPYG.L,2026-01-22,5.09,GBP
EWQX.L,2026-01-22,526.1,GBp
FLOS.L,2026-01-22,476.35,GBp
GB00B1FXTF86,2026-01-22,7.50,GBP
GRAB,2026-01-22,4.55,USD
IDTG.L,2026-01-22,2.958,GBP
IE0008368742,2026-01-22,201.66,USD
IE00B0M63516,2026-01-22,29.56,USD
IGLS.L,2026-01-22,126.68,GBP
IGWD.L,2026-01-22,12139,GBp
INXG.L,2026-01-22,11.43,GBP
ISPE.L,2026-01-22,6.952,GBP
IUAG.L,2026-01-22,94.625,USD
IWDG.L,2026-01-22,1142.5,GBp
JFM0003373,2026-01-22,183.53,USD
KNSL,2026-01-22,407.46,USD
LU0164881194,2026-01-22,310.40,USD
LU0196696453,2026-01-22,20.94,USD
MU0129U00005,2026-01-22,335.94,USD
QNTG.L,2026-01-22,19.59,GBP
QQQ,2026-01-22,620.76,USD
SGLN.L,2026-01-22,7018,GBp
0639.HK,2026-01-23,3.38,HKD
0P00000YAN,2026-01-23,185.74,USD
BCHS.L,2026-01-23,12514,GBp
CNX1.L,2026-01-23,108260,GBp
DPYG.L,2026-01-23,5.029,GBP
EWQX.L,2026-01-23,521.3,GBp
FLOS.L,2026-01-23,476.075,GBp
GB00B1FXTF86,2026-01-23,7.32,GBP
GRAB,2026-01-23,4.58,USD
IDTG.L,2026-01-23,2.9695,GBP
IE0008368742,2026-01-23,202.75,USD
IE00B0M63516,2026-01-23,29.69,USD
IGLS.L,2026-01-23,126.53,GBP
IGWD.L,2026-01-23,12132,GBp
INXG.L,2026-01-23,11.406,GBP
ISPE.L,2026-01-23,6.894,GBP
IUAG.L,2026-01-23,94.78,USD
IWDG.L,2026-01-23,1141.5,GBp
JFM0003373,2026-01-23,185.74,USD
KNSL,2026-01-23,406.7,USD
LU0164881194,2026-01-23,304.84,USD
LU0196696453,2026-01-23,21.04,USD
MU0129U00005,2026-01-23,331.27,USD
QNTG.L,2026-01-23,19.374,GBP
QQQ,2026-01-23,622.72,USD
SGLN.L,2026-01-23,7121,GBp
0639.HK,2026-01-26,3.37,HKD
0P00000YAN,2026-01-26,186.82,USD
BCHS.L,2026-01-26,12300,GBp
CNX1.L,2026-01-26,107870,GBp
DPYG.L,2026-01-26,5.052,GBP
EWQX.L,2026-01-26,519.7,GBp
FLOS.L,2026-01-26,476.075,GBp
GHYS.L,2026-01-26,89.71,GBP
GRAB,2026-01-26,4.56,USD
IDTG.L,2026-01-26,2.985,GBP
IE0008368742,2026-01-26,201.80,USD
IE00B0M63516,2026-01-26,30.04,USD
IGLS.L,2026-01-26,126.53,GBP
IGWD.L,2026-01-26,12157,GBp
INXG.L,2026-01-26,11.43,GBP
ISPE.L,2026-01-26,6.908,GBP
IUAG.L,2026-01-26,94.78,USD
IWDG.L,2026-01-26,1145,GBp
JFM0003373,2026-01-26,186.82,USD
KNSL,2026-01-26,402.4,USD
LU0196696453,2026-01-26,21.26,USD
QNTG.L,2026-01-26,19.02,GBP
QQQ,2026-01-26,625.46,USD
SGLN.L,2026-01-26,7191,GBp
0639.HK,2026-01-27,3.27,HKD
0P00000YAN,2026-01-27,189.23,USD
BCHS.L,2026-01-27,12412,GBp
CNX1.L,2026-01-27,108080,GBp
DPYG.L,2026-01-27,5.041,GBP
EWQX.L,2026-01-27,518.8,GBp
FLOS.L,2026-01-27,476.25,GBp
GB00B1FXTF86,2026-01-27,7.25,GBP
GHYS.L,2026-01-27,89.73,GBP
GRAB,2026-01-27,4.69,USD
IDTG.L,2026-01-27,2.979,GBP
IE0008368742,2026-01-27,203.40,USD
IE00B0M63516,2026-01-27,31.09,USD
IGLS.L,2026-01-27,126.53,GBP
IGWD.L,2026-01-27,12223,GBp
INXG.L,2026-01-27,11.458,GBP
ISPE.L,2026-01-27,6.904,GBP
IUAG.L,2026-01-27,94.99,USD
IWDG.L,2026-01-27,1149.75,GBp
JFM0003373,2026-01-27,189.23,USD
KNSL,2026-01-27,386.67,USD
LU0164881194,2026-01-27,307.97,USD
LU0196696453,2026-01-27,21.82,USD
MU0129U00005,2026-01-27,329.80,USD
QNTG.L,2026-01-27,18.994,GBP
QQQ,2026-01-27,631.13,USD
SGLN.L,2026-01-27,7176,GBp
0639.HK,2026-01-28,3.31,HKD
0P00000YAN,2026-01-28,187.6,USD
BCHS.L,2026-01-28,12532,GBp
CNX1.L,2026-01-28,108420,GBp
DPYG.L,2026-01-28,5.049,GBP
EWQX.L,2026-01-28,522.95,GBp
FLOS.L,2026-01-28,475.85,GBp
GB00B1FXTF86,2026-01-28,7.26,GBP
GHYS.L,2026-01-28,89.91,GBP
GRAB,2026-01-28,4.53,USD
IDTG.L,2026-01-28,2.9615,GBP
IE0008368742,2026-01-28,204.90,USD
IE00B0M63516,2026-01-28,31.30,USD
IGLS.L,2026-01-28,126.55,GBP
IGWD.L,2026-01-28,12191,GBp
INXG.L,2026-01-28,11.428,GBP
ISPE.L,2026-01-28,6.903,GBP
IUAG.L,2026-01-28,94.73,USD
IWDG.L,2026-01-28,1147,GBp
JFM0003373,2026-01-28,187.6,USD
KNSL,2026-01-28,389.74,USD
LU0164881194,2026-01-28,310.93,USD
LU0196696453,2026-01-28,21.95,USD
MU0129U00005,2026-01-28,333.28,USD
QNTG.L,2026-01-28,19.144,GBP
QQQ,2026-01-28,633.22,USD
SGLN.L,2026-01-28,7444,GBp
0639.HK,2026-01-29,3.35,HKD
0P00000YAN,2026-01-29,186.4,USD
BCHS.L,2026-01-29,12064,GBp
CNX1.L,2026-01-29,106380,GBp
DPYG.L,2026-01-29,5.056,GBP
EWQX.L,2026-01-29,513.5,GBp
FLOS.L,2026-01-29,476.2,GBp
GB00B1FXTF86,2026-01-29,7.21,GBP
GHYS.L,2026-01-29,89.75,GBP
GRAB,2026-01-29,4.47,USD
IDTG.L,2026-01-29,2.965,GBP
IE0008368742,2026-01-29,205.20,USD
IE00B0M63516,2026-01-29,31.05,USD
IGLS.L,2026-01-29,126.75,GBP
IGWD.L,2026-01-29,12094,GBp
INXG.L,2026-01-29,11.406,GBP
ISPE.L,2026-01-29,6.873,GBP
IUAG.L,2026-01-29,94.88,USD
IWDG.L,2026-01-29,1138.5,GBp
JFM0003373,2026-01-29,186.4,USD
KNSL,2026-01-29,395.28,USD
LU0164881194,2026-01-29,311.20,USD
LU0196696453,2026-01-29,21.64,USD
MU0129U00005,2026-01-29,332.71,USD
QNTG.L,2026-01-29,18.636,GBP
QQQ,2026-01-29,629.43,USD
SGLN.L,2026-01-29,7435,GBp
0639.HK,2026-01-30,3.3,HKD
0P00000YAN,2026-01-30,185.39,USD
BCHS.L,2026-01-30,11978,GBp
CNX1.L,2026-01-30,107400,GBp
DPYG.L,2026-01-30,5.044,GBP
EWQX.L,2026-01-30,513.9,GBp
FLOS.L,2026-01-30,476.1,GBp
GB00B1FXTF86,2026-01-30,7.26,GBP
GHYS.L,2026-01-30,89.73,GBP
GRAB,2026-01-30,4.3,USD
IDTG.L,2026-01-30,2.9535,GBP
IE0008368742,2026-01-30,202.83,USD
IE00B0M63516,2026-01-30,30.89,USD
IGLS.L,2026-01-30,126.71,GBP
IGWD.L,2026-01-30,12130,GBp
INXG.L,2026-01-30,11.424,GBP
ISPE.L,2026-01-30,6.839,GBP
IUAG.L,2026-01-30,94.83,USD
IWDG.L,2026-01-30,1141,GBp
JFM0003373,2026-01-30,185.39,USD
KNSL,2026-01-30,395.88,USD
LU0164881194,2026-01-30,310.67,USD
LU0196696453,2026-01-30,21.73,USD
MU0129U00005,2026-01-30,331.48,USD
QNTG.L,2026-01-30,18.684,GBP
QQQ,2026-01-30,621.87,USD
SGLN.L,2026-01-30,7055,GBp
0639.HK,2026-02-02,3.26,HKD
0P00000YAN,2026-02-02,184.06,USD
BCHS.L,2026-02-02,11784,GBp
CNX1.L,2026-02-02,108280,GBp
DPYG.L,2026-02-02,5.0795,GBP
EWQX.L,2026-02-02,518.8,GBp
FLOS.L,2026-02-02,476.45,GBp
GB00B1FXTF86,2026-02-02,7.31,GBP
GHYS.L,2026-02-02,89.88,GBP
GRAB,2026-02-02,4.41,USD
IDTG.L,2026-02-02,2.9505,GBP
IE00B0M63516,2026-02-02,30.74,USD
IGLS.L,2026-02-02,126.68,GBP
IGWD.L,2026-02-02,12214,GBp
INXG.L,2026-02-02,11.376,GBP
ISPE.L,2026-02-02,6.898,GBP
IUAG.L,2026-02-02,94.65,USD
IWDG.L,2026-02-02,1150,GBp
JFM0003373,2026-02-02,184.06,USD
KNSL,2026-02-02,393.22,USD
LU0164881194,2026-02-02,308.30,USD
LU0196696453,2026-02-02,21.52,USD
MU0129U00005,2026-02-02,332.27,USD
QNTG.L,2026-02-02,18.676,GBP
QQQ,2026-02-02,626.14,USD
SGLN.L,2026-02-02,6626,GBp
0639.HK,2026-02-03,3.28,HKD
0P00000YAN,2026-02-03,185.33,USD
BCHS.L,2026-02-03,11354,GBp
CNX1.L,2026-02-03,106400,GBp
DPYG.L,2026-02-03,5.05,GBP
EWQX.L,2026-02-03,506.7,GBp
FLOS.L,2026-02-03,476.675,GBp
GB00B1FXTF86,2026-02-03,7.64,GBP
GHYS.L,2026-02-03,89.74,GBP
GRAB,2026-02-03,4.27,USD
IDTG.L,2026-02-03,2.938,GBP
IE0008368742,2026-02-03,202.89,USD
IE00B0M63516,2026-02-03,31.49,USD
IGLS.L,2026-02-03,126.7,GBP
IGWD.L,2026-02-03,12167,GBp
INXG.L,2026-02-03,11.38,GBP
ISPE.L,2026-02-03,6.911,GBP
IUAG.L,2026-02-03,94.69,USD
IWDG.L,2026-02-03,1145,GBp
JFM0003373,2026-02-03,185.33,USD
KNSL,2026-02-03,391.77,USD
LU0164881194,2026-02-03,318.69,USD
LU0196696453,2026-02-03,22.17,USD
MU0129U00005,2026-02-03,341.46,USD
QNTG.L,2026-02-03,18.52,GBP
QQQ,2026-02-03,616.52,USD
SGLN.L,2026-02-03,7057,GBp
0639.HK,2026-02-04,3.45,HKD
0P00000YAN,2026-02-04,185.38,USD
BCHS.L,2026-02-04,10830,GBp
CNX1.L,2026-02-04,104860,GBp
DPYG.L,2026-02-04,5.144,GBP
EWQX.L,2026-02-04,505.7,GBp
FLOS.L,2026-02-04,476.65,GBp
GB00B1FXTF86,2026-02-04,7.46,GBP
GHYS.L,2026-02-04,89.72,GBP
GRAB,2026-02-04,4.19,USD
IDTG.L,2026-02-04,2.9415,GBP
IE0008368742,2026-02-04,203.57,USD
IE00B0M63516,2026-02-04,30.47,USD
IGLS.L,2026-02-04,126.68,GBP
IGWD.L,2026-02-04,12127,GBp
INXG.L,2026-02-04,11.346,GBP
ISPE.L,2026-02-04,6.953,GBP
IUAG.L,2026-02-04,94.61,USD
IWDG.L,2026-02-04,1141,GBp
JFM0003373,2026-02-04,185.38,USD
KNSL,2026-02-04,408.88,USD
LU0164881194,2026-02-04,320.19,USD
LU0196696453,2026-02-04,21.46,USD
MU0129U00005,2026-02-04,341.42,USD
QNTG.L,2026-02-04,18.16,GBP
QQQ,2026-02-04,605.75,USD
SGLN.L,2026-02-04,7001,GBp
0639.HK,2026-02-05,3.27,HKD
0P00000YAN,2026-02-05,184.86,USD
BCHS.L,2026-02-05,10703,GBp
CNX1.L,2026-02-05,104565,GBp
DPYG.L,2026-02-05,5.137,GBP
EWQX.L,2026-02-05,504.05,GBp
FLOS.L,2026-02-05,477.15,GBp
GB00B1FXTF86,2026-02-05,7.49,GBP
GHYS.L,2026-02-05,89.67,GBP
GRAB,2026-02-05,4.15,USD
IDTG.L,2026-02-05,2.969,GBP
IE0008368742,2026-02-05,202.56,USD
IE00B0M63516,2026-02-05,30.50,USD
IGLS.L,2026-02-05,126.86,GBP
IGWD.L,2026-02-05,12006,GBp
INXG.L,2026-02-05,11.288,GBP
ISPE.L,2026-02-05,6.901,GBP
IUAG.L,2026-02-05,94.89,USD
IWDG.L,2026-02-05,1129.5,GBp
JFM0003373,2026-02-05,184.86,USD
KNSL,2026-02-05,410.44,USD
LU0164881194,2026-02-05,317.92,USD
LU0196696453,2026-02-05,21.29,USD
MU0129U00005,2026-02-05,338.25,USD
QNTG.L,2026-02-05,17.995,GBP
QQQ,2026-02-05,597.03,USD
SGLN.L,2026-02-05,6954,GBp
0639.HK,2026-02-06,3.28,HKD
0P00000YAN,2026-02-06,184.8,USD
BCHS.L,2026-02-06,10822,GBp
CNX1.L,2026-02-06,105100,GBp
DPYG.L,2026-02-06,5.176,GBP
EWQX.L,2026-02-06,506.25,GBp
FLOS.L,2026-02-06,477,GBp
GB00B1FXTF86,2026-02-06,7.43,GBP
GHYS.L,2026-02-06,89.72,GBP
GRAB,2026-02-06,4.27,USD
IDTG.L,2026-02-06,2.967,GBP
IE0008368742,2026-02-06,200.74,USD
IE00B0M63516,2026-02-06,30.72,USD
IGLS.L,2026-02-06,126.9,GBP
IGWD.L,2026-02-06,12148,GBp
INXG.L,2026-02-06,11.29,GBP
ISPE.L,2026-02-06,6.989,GBP
IUAG.L,2026-02-06,94.93,USD
IWDG.L,2026-02-06,1142,GBp
JFM0003373,2026-02-06,184.8,USD
KNSL,2026-02-06,414.1,USD
LU0164881194,2026-02-06,316.87,USD
LU0196696453,2026-02-06,21.41,USD
MU0129U00005,2026-02-06,337.88,USD
QNTG.L,2026-02-06,18.394,GBP
QQQ,2026-02-06,609.65,USD
SGLN.L,2026-02-06,7036,GBp
0639.HK,2026-02-09,3.34,HKD
0P00000YAN,2026-02-09,187.28,USD
BCHS.L,2026-02-09,11258,GBp
CNX1.L,2026-02-09,106020,GBp
DPYG.L,2026-02-09,5.208,GBP
EWQX.L,2026-02-09,507.8,GBp
FLOS.L,2026-02-09,477.175,GBp
GB00B1FXTF86,2026-02-09,7.46,GBP
GHYS.L,2026-02-09,90.09,GBP
GRAB,2026-02-09,4.26,USD
IDTG.L,2026-02-09,2.964,GBP
IE0008368742,2026-02-09,204.63,USD
IE00B0M63516,2026-02-09,31.25,USD
IGLS.L,2026-02-09,126.96,GBP
IGWD.L,2026-02-09,12273,GBp
INXG.L,2026-02-09,11.294,GBP
ISPE.L,2026-02-09,7.02,GBP
IUAG.L,2026-02-09,95,USD
IWDG.L,2026-02-09,1154.5,GBp
JFM0003373,2026-02-09,187.28,USD
KNSL,2026-02-09,390.43,USD
LU0164881194,2026-02-09,320.00,USD
LU0196696453,2026-02-09,21.90,USD
MU0129U00005,2026-02-09,340.07,USD
QNTG.L,2026-02-09,18.578,GBP
QQQ,2026-02-09,614.32,USD
SGLN.L,2026-02-09,7201,GBp
0639.HK,2026-02-10,3.35,HKD
0P00000YAN,2026-02-10,188.92,USD
BCHS.L,2026-02-10,11504,GBp
CNX1.L,2026-02-10,105970,GBp
DPYG.L,2026-02-10,5.262,GBP
EWQX.L,2026-02-10,511.3,GBp
FLOS.L,2026-02-10,477,GBp
GB00B1FXTF86,2026-02-10,7.50,GBP
GHYS.L,2026-02-10,90.32,GBP
GRAB,2026-02-10,4.31,USD
IDTG.L,2026-02-10,3.0105,GBP
IE0008368742,2026-02-10,205.82,USD
IE00B0M63516,2026-02-10,31.55,USD
IGLS.L,2026-02-10,126.99,GBP
IGWD.L,2026-02-10,12282,GBp
INXG.L,2026-02-10,11.352,GBP
ISPE.L,2026-02-10,7.064,GBP
IUAG.L,2026-02-10,95.35,USD
IWDG.L,2026-02-10,1156,GBp
JFM0003373,2026-02-10,188.92,USD
KNSL,2026-02-10,398,USD
LU0164881194,2026-02-10,321.37,USD
LU0196696453,2026-02-10,22.15,USD
MU0129U00005,2026-02-10,341.88,USD
QNTG.L,2026-02-10,18.648,GBP
QQQ,2026-02-10,611.47,USD
SGLN.L,2026-02-10,7128,GBp
0639.HK,2026-02-11,3.39,HKD
0P00000YAN,2026-02-11,190.14,USD
BCHS.L,2026-02-11,11158,GBp
CNX1.L,2026-02-11,105600,GBp
DPYG.L,2026-02-11,5.287,GBP
EWQX.L,2026-02-11,508.9,GBp
FLOS.L,2026-02-11,477,GBp
GB00B1FXTF86,2026-02-11,7.49,GBP
GHYS.L,2026-02-11,90.21,GBP
GRAB,2026-02-11,4.23,USD
IDTG.L,2026-02-11,2.999,GBP
IE0008368742,2026-02-11,206.22,USD
IE00B0M63516,2026-02-11,32.33,USD
IGLS.L,2026-02-11,127.03,GBP
IGWD.L,2026-02-11,12257,GBp
INXG.L,2026-02-11,11.388,GBP
ISPE.L,2026-02-11,7.067,GBP
IUAG.L,2026-02-11,95.2,USD
IWDG.L,2026-02-11,1154,GBp
JFM0003373,2026-02-11,190.14,USD
KNSL,2026-02-11,405.4,USD
LU0164881194,2026-02-11,320.86,USD
LU0196696453,2026-02-11,22.43,USD
MU0129U00005,2026-02-11,340.01,USD
QNTG.L,2026-02-11,18.31,GBP
QQQ,2026-02-11,613.11,USD
SGLN.L,2026-02-11,7225,GBp
0639.HK,2026-02-12,3.36,HKD
0P00000YAN,2026-02-12,190.9,USD
BCHS.L,2026-02-12,10878,GBp
CNX1.L,2026-02-12,104280,GBp
DPYG.L,2026-02-12,5.297,GBP
EWQX.L,2026-02-12,504.65,GBp
FLOS.L,2026-02-12,477,GBp
GB00B1FXTF86,2026-02-12,7.47,GBP
GHYS.L,2026-02-12,90.06,GBP
GRAB,2026-02-12,4.27,USD
IDTG.L,2026-02-12,3.0155,GBP
IE0008368742,2026-02-12,205.63,USD
IE00B0M63516,2026-02-12,31.70,USD
IGLS.L,2026-02-12,127.1,GBP
IGWD.L,2026-02-12,12140,GBp
INXG.L,2026-02-12,11.432,GBP
ISPE.L,2026-02-12,7.011,GBP
IUAG.L,2026-02-12,95.46,USD
IWDG.L,2026-02-12,1140.25,GBp
JFM0003373,2026-02-12,190.9,USD
KNSL,2026-02-12,401,USD
LU0164881194,2026-02-12,319.01,USD
LU0196696453,2026-02-12,22.47,USD
MU0129U00005,2026-02-12,337.95,USD
QNTG.L,2026-02-12,17.928,GBP
QQQ,2026-02-12,600.64,USD
SGLN.L,2026-02-12,7029,GBp
0639.HK,2026-02-13,3.29,HKD
0P00000YAN,2026-02-13,187.69,USD
BCHS.L,2026-02-13,11138,GBp
CNX1.L,2026-02-13,104280,GBp
DPYG.L,2026-02-13,5.326,GBP
EWQX.L,2026-02-13,509.2,GBp
FLOS.L,2026-02-13,477.325,GBp
GB00B1FXTF86,2026-02-13,7.40,GBP
GHYS.L,2026-02-13,90.21,GBP
GRAB,2026-02-13,4.13,USD
IDTG.L,2026-02-13,3.0465,GBP
IE0008368742,2026-02-13,202.79,USD
IE00B0M63516,2026-02-13,31.12,USD
IGLS.L,2026-02-13,127.22,GBP
IGWD.L,2026-02-13,12129,GBp
INXG.L,2026-02-13,11.478,GBP
ISPE.L,2026-02-13,7.054,GBP
IUAG.L,2026-02-13,95.8,USD
IWDG.L,2026-02-13,1142,GBp
JFM0003373,2026-02-13,187.69,USD
KNSL,2026-02-13,371.32,USD
LU0164881194,2026-02-13,313.67,USD
LU0196696453,2026-02-13,21.71,USD
MU0129U00005,2026-02-13,333.66,USD
QNTG.L,2026-02-13,18.118,GBP
QQQ,2026-02-13,601.92,USD
SGLN.L,2026-02-13,7147,GBp
0639.HK,2026-02-16,3.32,HKD
BCHS.L,2026-02-16,11034,GBp
CNX1.L,2026-02-16,103670,GBp
DPYG.L,2026-02-16,5.3335,GBP
EWQX.L,2026-02-16,507.5,GBp
FLOS.L,2026-02-16,477.375,GBp
GB00B1FXTF86,2026-02-16,7.43,GBP
GHYS.L,2026-02-16,90.09,GBP
IDTG.L,2026-02-16,3.059,GBP
IE00B0M63516,2026-02-16,31.30,USD
IGLS.L,2026-02-16,127.29,GBP
IGWD.L,2026-02-16,12090,GBp
INXG.L,2026-02-16,11.514,GBP
ISPE.L,2026-02-16,7.057,GBP
IUAG.L,2026-02-16,96.1,USD
IWDG.L,2026-02-16,1138,GBp
LU0164881194,2026-02-16,316.36,USD
MU0129U00005,2026-02-16,335.44,USD
QNTG.L,2026-02-16,17.924,GBP
SGLN.L,2026-02-16,7101,GBp
BCHS.L,2026-02-17,10996,GBp
CNX1.L,2026-02-17,104560,GBp
DPYG.L,2026-02-17,5.3525,GBP
EWQX.L,2026-02-17,510.85,GBp
FLOS.L,2026-02-17,477.65,GBp
GB00B1FXTF86,2026-02-17,7.47,GBP
GHYS.L,2026-02-17,89.96,GBP
GRAB,2026-02-17,4.27,USD
IDTG.L,2026-02-17,3.0545,GBP
IE00B0M63516,2026-02-17,30.99,USD
IGLS.L,2026-02-17,127.29,GBP
IGWD.L,2026-02-17,12115,GBp
INXG.L,2026-02-17,11.558,GBP
ISPE.L,2026-02-17,7.027,GBP
IUAG.L,2026-02-17,95.885,USD
IWDG.L,2026-02-17,1139,GBp
KNSL,2026-02-17,376.65,USD
LU0164881194,2026-02-17,317.72,USD
QNTG.L,2026-02-17,18.026,GBP
QQQ,2026-02-17,601.3,USD
SGLN.L,2026-02-17,7002,GBp
BCHS.L,2026-02-18,11198,GBp
CNX1.L,2026-02-18,106010,GBp
DPYG.L,2026-02-18,5.33,GBP
EWQX.L,2026-02-18,516,GBp
FLOS.L,2026-02-18,477.375,GBp
GB00B1FXTF86,2026-02-18,7.50,GBP
GHYS.L,2026-02-18,90.02,GBP
GRAB,2026-02-18,4.45,USD
IDTG.L,2026-02-18,3.0505,GBP
IE00B0M63516,2026-02-18,31.46,USD
IGLS.L,2026-02-18,127.33,GBP
IGWD.L,2026-02-18,12230,GBp
INXG.L,2026-02-18,11.572,GBP
ISPE.L,2026-02-18,7.073,GBP
IUAG.L,2026-02-18,95.82,USD
IWDG.L,2026-02-18,1151.5,GBp
KNSL,2026-02-18,379.57,USD
LU0164881194,2026-02-18,319.20,USD
LU0196696453,2026-02-18,22.11,USD
QNTG.L,2026-02-18,18.256,GBP
QQQ,2026-02-18,605.79,USD
SGLN.L,2026-02-18,7164,GBp
BCHS.L,2026-02-19,11130,GBp
CNX1.L,2026-02-19,105920,GBp
DPYG.L,2026-02-19,5.275,GBP
EWQX.L,2026-02-19,514.9,GBp
FLOS.L,2026-02-19,477.6,GBp
GB00B1FXTF86,2026-02-19,7.44,GBP
GHYS.L,2026-02-19,90,GBP
GRAB,2026-02-19,4.4,USD
IDTG.L,2026-02-19,3.047,GBP
IE00B0M63516,2026-02-19,31.63,USD
IGLS.L,2026-02-19,127.41,GBP
IGWD.L,2026-02-19,12187,GBp
INXG.L,2026-02-19,11.584,GBP
ISPE.L,2026-02-19,7.038,GBP
IUAG.L,2026-02-19,95.84,USD
IWDG.L,2026-02-19,1146.5,GBp
KNSL,2026-02-19,374,USD
LU0164881194,2026-02-19,313.69,USD
LU0196696453,2026-02-19,22.31,USD
QNTG.L,2026-02-19,18.213,GBP
QQQ,2026-02-19,603.47,USD
SGLN.L,2026-02-19,7218,GBp
0639.HK,2026-02-20,3.27,HKD
0P00000YAN,2026-02-20,191.56,USD
BCHS.L,2026-02-20,11290,GBp
CNX1.L,2026-02-20,106200,GBp
DPYG.L,2026-02-20,5.315,GBP
EWQX.L,2026-02-20,516.9,GBp
FLOS.L,2026-02-20,477.75,GBp
GB00B1FXTF86,2026-02-20,7.47,GBP
GHYS.L,2026-02-20,90.3,GBP
GRAB,2026-02-20,4.38,USD
IDTG.L,2026-02-20,3.037,GBP
IE00B0M63516,2026-02-20,31.87,USD
IGLS.L,2026-02-20,127.42,GBP
IGWD.L,2026-02-20,12236,GBp
INXG.L,2026-02-20,11.6,GBP
ISPE.L,2026-02-20,7.053,GBP
IUAG.L,2026-02-20,95.72,USD
IWDG.L,2026-02-20,1150.5,GBp
JFM0003373,2026-02-20,191.56,USD
KNSL,2026-02-20,373.41,USD
LU0164881194,2026-02-20,314.51,USD
LU0196696453,2026-02-20,22.37,USD
MU0129U00005,2026-02-20,331.98,USD
QNTG.L,2026-02-20,18.2,GBP
QQQ,2026-02-20,608.81,USD
SGLN.L,2026-02-20,7291,GBp
0639.HK,2026-02-23,3.3,HKD
0P00000YAN,2026-02-23,192.36,USD
BCHS.L,2026-02-23,10904,GBp
CNX1.L,2026-02-23,104970,GBp
DPYG.L,2026-02-23,5.336,GBP
EWQX.L,2026-02-23,508.3,GBp
FLOS.L,2026-02-23,477.825,GBp
GB00B1FXTF86,2026-02-23,7.51,GBP
GHYS.L,2026-02-23,90.17,GBP
GRAB,2026-02-23,4.18,USD
IDTG.L,2026-02-23,3.059,GBP
IE0008368742,2026-02-23,205.17,USD
IE00B0M63516,2026-02-23,31.98,USD
IGLS.L,2026-02-23,127.48,GBP
IGWD.L,2026-02-23,12151,GBp
INXG.L,2026-02-23,11.672,GBP
ISPE.L,2026-02-23,7,GBP
IUAG.L,2026-02-23,95.96,USD
IWDG.L,2026-02-23,1144,GBp
JFM0003373,2026-02-23,192.36,USD
KNSL,2026-02-23,372.7,USD
LU0164881194,2026-02-23,316.90,USD
LU0196696453,2026-02-23,22.50,USD
MU0129U00005,2026-02-23,333.83,USD
QNTG.L,2026-02-23,17.988,GBP
QQQ,2026-02-23,601.41,USD
SGLN.L,2026-02-23,7491,GBp
0639.HK,2026-02-24,3.35,HKD
0P00000YAN,2026-02-24,191.53,USD
BCHS.L,2026-02-24,11104,GBp
CNX1.L,2026-02-24,105720,GBp
DPYG.L,2026-02-24,5.3305,GBP
EWQX.L,2026-02-24,512.7,GBp
FLOS.L,2026-02-24,477.6,GBp
GB00B1FXTF86,2026-02-24,7.44,GBP
GHYS.L,2026-02-24,89.95,GBP
GRAB,2026-02-24,4.15,USD
IDTG.L,2026-02-24,3.062,GBP
IE0008368742,2026-02-24,204.38,USD
IE00B0M63516,2026-02-24,32.36,USD
IGLS.L,2026-02-24,127.49,GBP
IGWD.L,2026-02-24,12198,GBp
INXG.L,2026-02-24,11.68,GBP
ISPE.L,2026-02-24,7.038,GBP
IUAG.L,2026-02-24,96.13,USD
IWDG.L,2026-02-24,1147.5,GBp
JFM0003373,2026-02-24,191.53,USD
KNSL,2026-02-24,380.76,USD
LU0164881194,2026-02-24,313.79,USD
LU0196696453,2026-02-24,22.64,USD
MU0129U00005,2026-02-24,330.03,USD
QNTG.L,2026-02-24,17.888,GBP
QQQ,2026-02-24,607.87,USD
SGLN.L,2026-02-24,7372,GBp
0639.HK,2026-02-25,3.31,HKD
0P00000YAN,2026-02-25,192.9,USD
BCHS.L,2026-02-25,11410,GBp
CNX1.L,2026-02-25,106970,GBp
DPYG.L,2026-02-25,5.361,GBP
EWQX.L,2026-02-25,517.3,GBp
FLOS.L,2026-02-25,477.75,GBp
GB00B1FXTF86,2026-02-25,7.49,GBP
GHYS.L,2026-02-25,90.01,GBP
GRAB,2026-02-25,4.21,USD
IDTG.L,2026-02-25,3.0575,GBP
IE0008368742,2026-02-25,205.31,USD
IE00B0M63516,2026-02-25,32.40,USD
IGLS.L,2026-02-25,127.47,GBP
IGWD.L,2026-02-25,12312,GBp
INXG.L,2026-02-25,11.658,GBP
ISPE.L,2026-02-25,7.048,GBP
IUAG.L,2026-02-25,95.965,USD
IWDG.L,2026-02-25,1158.5,GBp
JFM0003373,2026-02-25,192.9,USD
KNSL,2026-02-25,373.16,USD
LU0164881194,2026-02-25,313.85,USD
LU0196696453,2026-02-25,22.66,USD
MU0129U00005,2026-02-25,331.16,USD
QNTG.L,2026-02-25,18.296,GBP
QQQ,2026-02-25,616.68,USD
SGLN.L,2026-02-25,7461,GBp
0639.HK,2026-02-26,3.26,HKD
0P00000YAN,2026-02-26,193.2,USD
BCHS.L,2026-02-26,11548,GBp
CNX1.L,2026-02-26,106210,GBp
DPYG.L,2026-02-26,5.39,GBP
EWQX.L,2026-02-26,518.05,GBp
FLOS.L,2026-02-26,477.85,GBp
GB00B1FXTF86,2026-02-26,7.50,GBP
GHYS.L,2026-02-26,90,GBP
GRAB,2026-02-26,4.31,USD
IDTG.L,2026-02-26,3.0635,GBP
IE0008368742,2026-02-26,203.80,USD
IE00B0M63516,2026-02-26,32.14,USD
IGLS.L,2026-02-26,127.61,GBP
IGWD.L,2026-02-26,12283,GBp
INXG.L,2026-02-26,11.742,GBP
ISPE.L,2026-02-26,7.085,GBP
IUAG.L,2026-02-26,96.07,USD
IWDG.L,2026-02-26,1155.5,GBp
JFM0003373,2026-02-26,193.2,USD
KNSL,2026-02-26,382.46,USD
LU0164881194,2026-02-26,315.12,USD
LU0196696453,2026-02-26,22.39,USD
MU0129U00005,2026-02-26,333.13,USD
QNTG.L,2026-02-26,18.722,GBP
QQQ,2026-02-26,609.24,USD
SGLN.L,2026-02-26,7445,GBp
0639.HK,2026-02-27,3.37,HKD
0P00000YAN,2026-02-27,192.34,USD
BCHS.L,2026-02-27,11382,GBp
CNX1.L,2026-02-27,106400,GBp
DPYG.L,2026-02-27,5.416,GBP
EWQX.L,2026-02-27,519.9,GBp
FLOS.L,2026-02-27,477.85,GBp
GB00B1FXTF86,2026-02-27,7.42,GBP
GHYS.L,2026-02-27,90,GBP
GRAB,2026-02-27,4.22,USD
IDTG.L,2026-02-27,3.085,GBP
IE0008368742,2026-02-27,204.69,USD
IE00B0M63516,2026-02-27,32.04,USD
IGLS.L,2026-02-27,127.75,GBP
IGWD.L,2026-02-27,12255,GBp
INXG.L,2026-02-27,11.844,GBP
ISPE.L,2026-02-27,7.1,GBP
IUAG.L,2026-02-27,96.43,USD
IWDG.L,2026-02-27,1153,GBp
JFM0003373,2026-02-27,192.34,USD
KNSL,2026-02-27,389.67,USD
LU0164881194,2026-02-27,310.81,USD
LU0196696453,2026-02-27,22.42,USD
MU0129U00005,2026-02-27,328.24,USD
QNTG.L,2026-02-27,18.494,GBP
QQQ,2026-02-27,607.29,USD
SGLN.L,2026-02-27,7541,GBp
0639.HK,2026-03-02,3.42,HKD
0P00000YAN,2026-03-02,186.45,USD
BCHS.L,2026-03-02,11472,GBp
CNX1.L,2026-03-02,106590,GBp
DPYG.L,2026-03-02,5.362,GBP
EWQX.L,2026-03-02,520.3,GBp
FLOS.L,2026-03-02,477.45,GBp
GB00B1FXTF86,2026-03-02,7.33,GBP
GHYS.L,2026-03-02,89.41,GBP
GRAB,2026-03-02,4.18,USD
IDTG.L,2026-03-02,3.0585,GBP
IE0008368742,2026-03-02,202.18,USD
IE00B0M63516,2026-03-02,31.43,USD
IGLS.L,2026-03-02,127.4,GBP
IGWD.L,2026-03-02,12165,GBp
INXG.L,2026-03-02,11.754,GBP
ISPE.L,2026-03-02,7.063,GBP
IUAG.L,2026-03-02,95.785,USD
IWDG.L,2026-03-02,1146,GBp
JFM0003373,2026-03-02,186.45,USD
KNSL,2026-03-02,396.18,USD
LU0164881194,2026-03-02,304.91,USD
LU0196696453,2026-03-02,21.95,USD
MU0129U00005,2026-03-02,322.90,USD
QNTG.L,2026-03-02,18.414,GBP
QQQ,2026-03-02,608.09,USD
SGLN.L,2026-03-02,7690,GBp
0639.HK,2026-03-03,3.35,HKD
0P00000YAN,2026-03-03,184.81,USD
BCHS.L,2026-03-03,11020,GBp
CNX1.L,2026-03-03,105950,GBp
DPYG.L,2026-03-03,5.27,GBP
EWQX.L,2026-03-03,517.55,GBp
FLOS.L,2026-03-03,477.425,GBp
GHYS.L,2026-03-03,89.16,GBP
GRAB,2026-03-03,4.08,USD
IDTG.L,2026-03-03,3.0465,GBP
IE0008368742,2026-03-03,197.99,USD
IE00B0M63516,2026-03-03,29.94,USD
IGLS.L,2026-03-03,127.1,GBP
IGWD.L,2026-03-03,11944,GBp
INXG.L,2026-03-03,11.766,GBP
ISPE.L,2026-03-03,6.962,GBP
IUAG.L,2026-03-03,95.83,USD
IWDG.L,2026-03-03,1125,GBp
JFM0003373,2026-03-03,184.81,USD
KNSL,2026-03-03,392.99,USD
LU0196696453,2026-03-03,20.76,USD
QNTG.L,2026-03-03,17.914,GBP
QQQ,2026-03-03,601.58,USD
SGLN.L,2026-03-03,7464,GBp
0639.HK,2026-03-04,3.24,HKD
0P00000YAN,2026-03-04,180.26,USD
BCHS.L,2026-03-04,11532,GBp
CNX1.L,2026-03-04,107680,GBp
DPYG.L,2026-03-04,5.3,GBP
EWQX.L,2026-03-04,523.95,GBp
FLOS.L,2026-03-04,477.775,GBp
GB00B1FXTF86,2026-03-04,7.17,GBP
GHYS.L,2026-03-04,89.8,GBP
GRAB,2026-03-04,4.1,USD
IDTG.L,2026-03-04,3.0475,GBP
IE0008368742,2026-03-04,194.63,USD
IE00B0M63516,2026-03-04,30.70,USD
IGLS.L,2026-03-04,127.24,GBP
IGWD.L,2026-03-04,12132,GBp
INXG.L,2026-03-04,11.714,GBP
ISPE.L,2026-03-04,7.032,GBP
IUAG.L,2026-03-04,95.9,USD
IWDG.L,2026-03-04,1140,GBp
JFM0003373,2026-03-04,180.26,USD
KNSL,2026-03-04,383.47,USD
LU0164881194,2026-03-04,298.55,USD
LU0196696453,2026-03-04,21.56,USD
MU0129U00005,2026-03-04,315.71,USD
QNTG.L,2026-03-04,18.368,GBP
QQQ,2026-03-04,610.75,USD
SGLN.L,2026-03-04,7481,GBp
0639.HK,2026-03-05,3.17,HKD
0P00000YAN,2026-03-05,183.01,USD
BCHS.L,2026-03-05,11424,GBp
CNX1.L,2026-03-05,107630,GBp
DPYG.L,2026-03-05,5.27,GBP
EWQX.L,2026-03-05,523.6,GBp
FLOS.L,2026-03-05,478.1,GBp
GB00B1FXTF86,2026-03-05,7.30,GBP
GHYS.L,2026-03-05,89.86,GBP
GRAB,2026-03-05,4.03,USD
IDTG.L,2026-03-05,3.025,GBP
IE0008368742,2026-03-05,195.58,USD
IE00B0M63516,2026-03-05,29.90,USD
IGLS.L,2026-03-05,127,GBP
IGWD.L,2026-03-05,12005,GBp
INXG.L,2026-03-05,11.578,GBP
ISPE.L,2026-03-05,6.969,GBP
IUAG.L,2026-03-05,95.42,USD
IWDG.L,2026-03-05,1130,GBp
JFM0003373,2026-03-05,183.01,USD
KNSL,2026-03-05,378.49,USD
LU0164881194,2026-03-05,304.24,USD
LU0196696453,2026-03-05,21.02,USD
MU0129U00005,2026-03-05,321.73,USD
QNTG.L,2026-03-05,18.016,GBP
QQQ,2026-03-05,608.91,USD
SGLN.L,2026-03-05,7382,GBp
0639.HK,2026-03-06,3.23,HKD
0P00000YAN,2026-03-06,180.98,USD
DPYG.L,2026-03-06,5.204,GBP
FLOS.L,2026-03-06,478.25,GBp
GB00B1FXTF86,2026-03-06,7.24,GBP
GHYS.L,2026-03-06,89.1,GBP
GRAB,2026-03-06,3.98,USD
IDTG.L,2026-03-06,3.015,GBP
IE0008368742,2026-03-06,198.51,USD
IE00B0M63516,2026-03-06,29.78,USD
IGLS.L,2026-03-06,126.83,GBP
IGWD.L,2026-03-06,11885,GBp
INXG.L,2026-03-06,11.536,GBP
ISPE.L,2026-03-06,6.863,GBP
IUAG.L,2026-03-06,95.53,USD
IWDG.L,2026-03-06,1119.5,GBp
JFM0003373,2026-03-06,180.98,USD
KNSL,2026-03-06,372.02,USD
LU0164881194,2026-03-06,301.08,USD
LU0196696453,2026-03-06,20.71,USD
MU0129U00005,2026-03-06,318.49,USD
QQQ,2026-03-06,599.75,USD
SGLN.L,2026-03-06,7448,GBp
0639.HK,2026-03-09,3.27,HKD
0P00000YAN,2026-03-09,176.39,USD
BCHS.L,2026-03-09,11022,GBp
CNX1.L,2026-03-09,105610,GBp
DPYG.L,2026-03-09,5.152,GBP
EWQX.L,2026-03-09,513.05,GBp
FLOS.L,2026-03-09,478.55,GBp
GB00B1FXTF86,2026-03-09,7.05,GBP
GHYS.L,2026-03-09,88.78,GBP
GRAB,2026-03-09,3.96,USD
IDTG.L,2026-03-09,3.031,GBP
IE0008368742,2026-03-09,195.60,USD
IE00B0M63516,2026-03-09,30.06,USD
IGLS.L,2026-03-09,126.53,GBP
IGWD.L,2026-03-09,11849,GBp
INXG.L,2026-03-09,11.676,GBP
ISPE.L,2026-03-09,6.813,GBP
IUAG.L,2026-03-09,95.39,USD
IWDG.L,2026-03-09,1113,GBp
JFM0003373,2026-03-09,176.39,USD
KNSL,2026-03-09,362.44,USD
LU0164881194,2026-03-09,293.77,USD
LU0196696453,2026-03-09,20.96,USD
MU0129U00005,2026-03-09,310.85,USD
QNTG.L,2026-03-09,17.72,GBP
QQQ,2026-03-09,607.76,USD
SGLN.L,2026-03-09,7393,GBp
0639.HK,2026-03-10,3.28,HKD
0P00000YAN,2026-03-10,180.78,USD
BCHS.L,2026-03-10,11357,GBp
CNX1.L,2026-03-10,107070,GBp
DPYG.L,2026-03-10,5.253,GBP
EWQX.L,2026-03-10,517.6,GBp
FLOS.L,2026-03-10,477.975,GBp
GB00B1FXTF86,2026-03-10,7.14,GBP
GHYS.L,2026-03-10,89.45,GBP
GRAB,2026-03-10,3.87,USD
IDTG.L,2026-03-10,3.0325,GBP
IE0008368742,2026-03-10,201.02,USD
IE00B0M63516,2026-03-10,30.99,USD
IGLS.L,2026-03-10,126.91,GBP
IGWD.L,2026-03-10,12050,GBp
INXG.L,2026-03-10,11.628,GBP
ISPE.L,2026-03-10,6.905,GBP
IUAG.L,2026-03-10,95.74,USD
IWDG.L,2026-03-10,1133,GBp
JFM0003373,2026-03-10,180.78,USD
KNSL,2026-03-10,359.78,USD
LU0164881194,2026-03-10,298.62,USD
LU0196696453,2026-03-10,21.69,USD
MU0129U00005,2026-03-10,316.19,USD
QNTG.L,2026-03-10,18.2,GBP
QQQ,2026-03-10,607.77,USD
SGLN.L,2026-03-10,7542,GBp
0639.HK,2026-03-11,3.3,HKD
0P00000YAN,2026-03-11,180.67,USD
BCHS.L,2026-03-11,11252,GBp
CNX1.L,2026-03-11,106860,GBp
DPYG.L,2026-03-11,5.169,GBP
EWQX.L,2026-03-11,512.7,GBp
FLOS.L,2026-03-11,478.375,GBp
GB00B1FXTF86,2026-03-11,6.99,GBP
GHYS.L,2026-03-11,89.22,GBP
GRAB,2026-03-11,3.89,USD
IDTG.L,2026-03-11,2.9805,GBP
IE0008368742,2026-03-11,201.71,USD
IE00B0M63516,2026-03-11,30.75,USD
IGLS.L,2026-03-11,126.5,GBP
IGWD.L,2026-03-11,11942,GBp
INXG.L,2026-03-11,11.573,GBP
ISPE.L,2026-03-11,6.814,GBP
IUAG.L,2026-03-11,95,USD
IWDG.L,2026-03-11,1122.5,GBp
JFM0003373,2026-03-11,180.67,USD
KNSL,2026-03-11,360.64,USD
LU0164881194,2026-03-11,293.99,USD
LU0196696453,2026-03-11,21.50,USD
MU0129U00005,2026-03-11,310.75,USD
QNTG.L,2026-03-11,17.982,GBP
QQQ,2026-03-11,607.69,USD
SGLN.L,2026-03-11,7482,GBp
0639.HK,2026-03-12,3.3,HKD
0P00000YAN,2026-03-12,179.71,USD
BCHS.L,2026-03-12,11046,GBp
CNX1.L,2026-03-12,105970,GBp
DPYG.L,2026-03-12,5.141,GBP
EWQX.L,2026-03-12,508.1,GBp
FLOS.L,2026-03-12,477.825,GBp
GB00B1FXTF86,2026-03-12,6.93,GBP
GHYS.L,2026-03-12,88.865,GBP
GRAB,2026-03-12,3.75,USD
IDTG.L,2026-03-12,2.9705,GBP
IE0008368742,2026-03-12,199.59,USD
IE00B0M63516,2026-03-12,29.92,USD
IGLS.L,2026-03-12,126.42,GBP
IGWD.L,2026-03-12,11833,GBp
INXG.L,2026-03-12,11.566,GBP
ISPE.L,2026-03-12,6.766,GBP
IUAG.L,2026-03-12,94.68,USD
IWDG.L,2026-03-12,1114.5,GBp
JFM0003373,2026-03-12,179.71,USD
KNSL,2026-03-12,361.86,USD
LU0164881194,2026-03-12,289.50,USD
LU0196696453,2026-03-12,20.75,USD
MU0129U00005,2026-03-12,306.31,USD
QNTG.L,2026-03-12,17.722,GBP
QQQ,2026-03-12,597.26,USD
SGLN.L,2026-03-12,7457,GBp
0639.HK,2026-03-13,3.26,HKD
0P00000YAN,2026-03-13,177.48,USD
BCHS.L,2026-03-13,11254,GBp
CNX1.L,2026-03-13,105990,GBp
DPYG.L,2026-03-13,5.142,GBP
EWQX.L,2026-03-13,509.65,GBp
FLOS.L,2026-03-13,477.75,GBp
GB00B1FXTF86,2026-03-13,6.86,GBP
GHYS.L,2026-03-13,88.535,GBP
GRAB,2026-03-13,3.71,USD
IDTG.L,2026-03-13,2.955,GBP
IE0008368742,2026-03-13,196.59,USD
IE00B0M63516,2026-03-13,29.41,USD
IGLS.L,2026-03-13,126.22,GBP
IGWD.L,2026-03-13,11745,GBp
INXG.L,2026-03-13,11.446,GBP
ISPE.L,2026-03-13,6.731,GBP
IUAG.L,2026-03-13,94.44,USD
IWDG.L,2026-03-13,1106.5,GBp
JFM0003373,2026-03-13,177.48,USD
KNSL,2026-03-13,362.53,USD
LU0164881194,2026-03-13,282.76,USD
LU0196696453,2026-03-13,20.51,USD
MU0129U00005,2026-03-13,300.62,USD
QNTG.L,2026-03-13,17.718,GBP
QQQ,2026-03-13,593.72,USD
SGLN.L,2026-03-13,7400,GBp
0639.HK,2026-03-16,3.22,HKD
0P00000YAN,2026-03-16,178.01,USD
BCHS.L,2026-03-16,11440,GBp
CNX1.L,2026-03-16,106320,GBp
DPYG.L,2026-03-16,5.167,GBP
EWQX.L,2026-03-16,512.8,GBp
FLOS.L,2026-03-16,477.5,GBp
GB00B1FXTF86,2026-03-16,6.88,GBP
GHYS.L,2026-03-16,88.9,GBP
GRAB,2026-03-16,3.75,USD
IDTG.L,2026-03-16,2.971,GBP
IE0008368742,2026-03-16,197.00,USD
IE00B0M63516,2026-03-16,29.71,USD
IGLS.L,2026-03-16,126.32,GBP
IGWD.L,2026-03-16,11821,GBp
INXG.L,2026-03-16,11.48,GBP
ISPE.L,2026-03-16,6.757,GBP
IUAG.L,2026-03-16,94.7,USD
IWDG.L,2026-03-16,1111.5,GBp
JFM0003373,2026-03-16,178.01,USD
KNSL,2026-03-16,358.65,USD
LU0164881194,2026-03-16,284.79,USD
LU0196696453,2026-03-16,20.68,USD
MU0129U00005,2026-03-16,303.94,USD
QNTG.L,2026-03-16,17.798,GBP
QQQ,2026-03-16,600.38,USD
SGLN.L,2026-03-16,7259,GBp
0639.HK,2026-03-17,3.22,HKD
0P00000YAN,2026-03-17,180.63,USD
BCHS.L,2026-03-17,11522,GBp
CNX1.L,2026-03-17,106590,GBp
DPYG.L,2026-03-17,5.211,GBP
EWQX.L,2026-03-17,516,GBp
FLOS.L,2026-03-17,477.825,GBp
GB00B1FXTF86,2026-03-17,6.92,GBP
GHYS.L,2026-03-17,88.88,GBP
GRAB,2026-03-17,3.84,USD
IDTG.L,2026-03-17,2.985,GBP
IE00B0M63516,2026-03-17,30.38,USD
IGLS.L,2026-03-17,126.55,GBP
IGWD.L,2026-03-17,11887,GBp
INXG.L,2026-03-17,11.618,GBP
ISPE.L,2026-03-17,6.815,GBP
IUAG.L,2026-03-17,95.14,USD
IWDG.L,2026-03-17,1118.5,GBp
JFM0003373,2026-03-17,180.63,USD
KNSL,2026-03-17,355.74,USD
LU0164881194,2026-03-17,289.26,USD
LU0196696453,2026-03-17,21.00,USD
MU0129U00005,2026-03-17,307.36,USD
QNTG.L,2026-03-17,17.814,GBP
QQQ,2026-03-17,603.31,USD
SGLN.L,2026-03-17,7274,GBp
0639.HK,2026-03-18,3.21,HKD
0P00000YAN,2026-03-18,182.09,USD
BCHS.L,2026-03-18,11366,GBp
CNX1.L,2026-03-18,106040,GBp
DPYG.L,2026-03-18,5.169,GBP
EWQX.L,2026-03-18,512.6,GBp
FLOS.L,2026-03-18,477.925,GBp
GB00B1FXTF86,2026-03-18,6.96,GBP
GHYS.L,2026-03-18,88.94,GBP
GRAB,2026-03-18,3.75,USD
IDTG.L,2026-03-18,2.98,GBP
IE0008368742,2026-03-18,198.59,USD
IE00B0M63516,2026-03-18,30.16,USD
IGLS.L,2026-03-18,126.35,GBP
IGWD.L,2026-03-18,11799,GBp
INXG.L,2026-03-18,11.61,GBP
ISPE.L,2026-03-18,6.765,GBP
IUAG.L,2026-03-18,94.82,USD
IWDG.L,2026-03-18,1110,GBp
JFM0003373,2026-03-18,182.09,USD
KNSL,2026-03-18,348.3,USD
LU0164881194,2026-03-18,291.49,USD
LU0196696453,2026-03-18,20.88,USD
MU0129U00005,2026-03-18,308.80,USD
QNTG.L,2026-03-18,17.684,GBP
QQQ,2026-03-18,594.9,USD
SGLN.L,2026-03-18,7102,GBp
0639.HK,2026-03-19,3.17,HKD
0P00000YAN,2026-03-19,179.99,USD
BCHS.L,2026-03-19,11082,GBp
CNX1.L,2026-03-19,104115,GBp
DPYG.L,2026-03-19,5.0825,GBP
EWQX.L,2026-03-19,504.05,GBp
FLOS.L,2026-03-19,477.875,GBp
GB00B1FXTF86,2026-03-19,6.80,GBP
GHYS.L,2026-03-19,88.64,GBP
GRAB,2026-03-19,3.68,USD
IDTG.L,2026-03-19,2.9885,GBP
IE0008368742,2026-03-19,192.47,USD
IE00B0M63516,2026-03-19,29.18,USD
IGLS.L,2026-03-19,125.7,GBP
IGWD.L,2026-03-19,11621,GBp
INXG.L,2026-03-19,11.518,GBP
ISPE.L,2026-03-19,6.688,GBP
IUAG.L,2026-03-19,94.62,USD
IWDG.L,2026-03-19,1092.5,GBp
JFM0003373,2026-03-19,179.99,USD
KNSL,2026-03-19,326.72,USD
LU0164881194,2026-03-19,281.78,USD
LU0196696453,2026-03-19,20.61,USD
MU0129U00005,2026-03-19,298.91,USD
QNTG.L,2026-03-19,17.366,GBP
QQQ,2026-03-19,593.02,USD
SGLN.L,2026-03-19,6656,GBp
0639.HK,2026-03-20,3.2,HKD
0P00000YAN,2026-03-20,179.47,USD
BCHS.L,2026-03-20,10996,GBp
CNX1.L,2026-03-20,103710,GBp
DPYG.L,2026-03-20,5.002,GBP
EWQX.L,2026-03-20,504.6,GBp
FLOS.L,2026-03-20,478.075,GBp
GB00B1FXTF86,2026-03-20,6.68,GBP
GHYS.L,2026-03-20,88.26,GBP
GRAB,2026-03-20,3.56,USD
IDTG.L,2026-03-20,2.9375,GBP
IE0008368742,2026-03-20,192.36,USD
IE00B0M63516,2026-03-20,28.55,USD
IGLS.L,2026-03-20,125.26,GBP
IGWD.L,2026-03-20,11524,GBp
INXG.L,2026-03-20,11.278,GBP
ISPE.L,2026-03-20,6.653,GBP
IUAG.L,2026-03-20,94.06,USD
IWDG.L,2026-03-20,1084,GBp
JFM0003373,2026-03-20,179.47,USD
KNSL,2026-03-20,328.21,USD
LU0196696453,2026-03-20,20.21,USD
MU0129U00005,2026-03-20,295.17,USD
QNTG.L,2026-03-20,17.2,GBP
QQQ,2026-03-20,582.06,USD
SGLN.L,2026-03-20,6682,GBp
0639.HK,2026-03-23,3.24,HKD
0P00000YAN,2026-03-23,177.18,USD
BCHS.L,2026-03-23,11163,GBp
CNX1.L,2026-03-23,103550,GBp
DPYG.L,2026-03-23,5.01,GBP
EWQX.L,2026-03-23,501.75,GBp
FLOS.L,2026-03-23,478.4,GBp
GB00B1FXTF86,2026-03-23,6.49,GBP
GHYS.L,2026-03-23,88.255,GBP
GRAB,2026-03-23,3.64,USD
IDTG.L,2026-03-23,2.938,GBP
IE0008368742,2026-03-23,185.21,USD
IE00B0M63516,2026-03-23,29.51,USD
IGLS.L,2026-03-23,125.78,GBP
IGWD.L,2026-03-23,11602,GBp
INXG.L,2026-03-23,11.326,GBP
ISPE.L,2026-03-23,6.692,GBP
IUAG.L,2026-03-23,94.25,USD
IWDG.L,2026-03-23,1090.5,GBp
JFM0003373,2026-03-23,177.18,USD
KNSL,2026-03-23,328.05,USD
LU0164881194,2026-03-23,271.46,USD
LU0196696453,2026-03-23,20.96,USD
MU0129U00005,2026-03-23,288.94,USD
QNTG.L,2026-03-23,17.323,GBP
QQQ,2026-03-23,588,USD
SGLN.L,2026-03-23,6339,GBp
0639.HK,2026-03-24,3.27,HKD
0P00000YAN,2026-03-24,177.92,USD
BCHS.L,2026-03-24,10980,GBp
CNX1.L,2026-03-24,103210,GBp
DPYG.L,2026-03-24,4.998,GBP
EWQX.L,2026-03-24,501.1,GBp
FLOS.L,2026-03-24,478.675,GBp
GB00B1FXTF86,2026-03-24,6.64,GBP
GHYS.L,2026-03-24,88.27,GBP
GRAB,2026-03-24,3.79,USD
IDTG.L,2026-03-24,2.9395,GBP
IE0008368742,2026-03-24,189.68,USD
IE00B0M63516,2026-03-24,29.65,USD
IGLS.L,2026-03-24,125.61,GBP
IGWD.L,2026-03-24,11609,GBp
INXG.L,2026-03-24,11.332,GBP
ISPE.L,2026-03-24,6.717,GBP
IUAG.L,2026-03-24,94.02,USD
IWDG.L,2026-03-24,1091.5,GBp
JFM0003373,2026-03-24,177.92,USD
KNSL,2026-03-24,326.5,USD
LU0164881194,2026-03-24,276.58,USD
LU0196696453,2026-03-24,20.89,USD
MU0129U00005,2026-03-24,293.64,USD
QNTG.L,2026-03-24,17.302,GBP
QQQ,2026-03-24,583.98,USD
SGLN.L,2026-03-24,6400,GBp
0639.HK,2026-03-25,3.28,HKD
0P00000YAN,2026-03-25,181.38,USD
BCHS.L,2026-03-25,11290,GBp
CNX1.L,2026-03-25,103940,GBp
DPYG.L,2026-03-25,4.98325,GBP
EWQX.L,2026-03-25,503.8,GBp
FLOS.L,2026-03-25,477.95,GBp
GB00B1FXTF86,2026-03-25,6.73,GBP
GHYS.L,2026-03-25,88.92,GBP
GRAB,2026-03-25,3.73,USD
IDTG.L,2026-03-25,2.9615,GBP
IE0008368742,2026-03-25,191.91,USD
IE00B0M63516,2026-03-25,30.29,USD
IGLS.L,2026-03-25,125.8,GBP
IGWD.L,2026-03-25,11691,GBp
INXG.L,2026-03-25,11.478,GBP
ISPE.L,2026-03-25,6.723,GBP
IUAG.L,2026-03-25,94.42,USD
IWDG.L,2026-03-25,1100,GBp
JFM0003373,2026-03-25,181.38,USD
KNSL,2026-03-25,327.22,USD
LU0164881194,2026-03-25,282.66,USD
LU0196696453,2026-03-25,21.42,USD
MU0129U00005,2026-03-25,299.67,USD
QNTG.L,2026-03-25,17.468,GBP
QQQ,2026-03-25,587.82,USD
SGLN.L,2026-03-25,6602,GBp
0639.HK,2026-03-26,3.06,HKD
0P00000YAN,2026-03-26,178.81,USD
BCHS.L,2026-03-26,10780,GBp
CNX1.L,2026-03-26,102420,GBp
DPYG.L,2026-03-26,4.9725,GBP
EWQX.L,2026-03-26,501.35,GBp
FLOS.L,2026-03-26,478.3,GBp
GHYS.L,2026-03-26,88.12,GBP
GRAB,2026-03-26,3.71,USD
IDTG.L,2026-03-26,2.943,GBP
IE0008368742,2026-03-26,188.69,USD
IE00B0M63516,2026-03-26,29.85,USD
IGLS.L,2026-03-26,125.52,GBP
IGWD.L,2026-03-26,11542,GBp
INXG.L,2026-03-26,11.342,GBP
ISPE.L,2026-03-26,6.684,GBP
IUAG.L,2026-03-26,94.09,USD
IWDG.L,2026-03-26,1085.5,GBp
JFM0003373,2026-03-26,178.81,USD
KNSL,2026-03-26,335.28,USD
LU0196696453,2026-03-26,21.22,USD
QNTG.L,2026-03-26,16.99,GBP
QQQ,2026-03-26,573.79,USD
SGLN.L,2026-03-26,6382,GBp
0639.HK,2026-03-27,3.14,HKD
0P00000YAN,2026-03-27,177.75,USD
BCHS.L,2026-03-27,10424,GBp
CNX1.L,2026-03-27,100630,GBp
DPYG.L,2026-03-27,4.92475,GBP
EWQX.L,2026-03-27,493.2,GBp
FLOS.L,2026-03-27,478.1,GBp
GB00B1FXTF86,2026-03-27,6.58,GBP
GHYS.L,2026-03-27,87.64,GBP
GRAB,2026-03-27,3.57,USD
IDTG.L,2026-03-27,2.937,GBP
IE0008368742,2026-03-27,189.48,USD
IE00B0M63516,2026-03-27,29.72,USD
IGLS.L,2026-03-27,125.59,GBP
IGWD.L,2026-03-27,11370,GBp
INXG.L,2026-03-27,11.274,GBP
ISPE.L,2026-03-27,6.612,GBP
IUAG.L,2026-03-27,93.95,USD
IWDG.L,2026-03-27,1070,GBp
JFM0003373,2026-03-27,177.75,USD
KNSL,2026-03-27,327.29,USD
LU0164881194,2026-03-27,272.70,USD
LU0196696453,2026-03-27,20.96,USD
MU0129U00005,2026-03-27,289.58,USD
QNTG.L,2026-03-27,16.552,GBP
QQQ,2026-03-27,562.58,USD
SGLN.L,2026-03-27,6597,GBp
0639.HK,2026-03-30,2.88,HKD
0P00000YAN,2026-03-30,176.51,USD
BCHS.L,2026-03-30,10455,GBp
CNX1.L,2026-03-30,101030,GBp
DPYG.L,2026-03-30,4.969,GBP
EWQX.L,2026-03-30,496.4,GBp
FLOS.L,2026-03-30,477.525,GBp
GB00B1FXTF86,2026-03-30,6.47,GBP
GHYS.L,2026-03-30,88.07,GBP
GRAB,2026-03-30,3.53,USD
IDTG.L,2026-03-30,2.965,GBP
IE0008368742,2026-03-30,186.09,USD
IE00B0M63516,2026-03-30,29.90,USD
IGLS.L,2026-03-30,125.77,GBP
IGWD.L,2026-03-30,11387,GBp
INXG.L,2026-03-30,11.348,GBP
ISPE.L,2026-03-30,6.611,GBP
IUAG.L,2026-03-30,94.39,USD
IWDG.L,2026-03-30,1071.5,GBp
JFM0003373,2026-03-30,176.51,USD
KNSL,2026-03-30,336.69,USD
LU0164881194,2026-03-30,266.89,USD
LU0196696453,2026-03-30,21.04,USD
MU0129U00005,2026-03-30,281.77,USD
QNTG.L,2026-03-30,16.574,GBP
QQQ,2026-03-30,558.28,USD
SGLN.L,2026-03-30,6682,GBp
0639.HK,2026-03-31,2.78,HKD
0P00000YAN,2026-03-31,176.41,USD
BCHS.L,2026-03-31,10378,GBp
CNX1.L,2026-03-31,101440,GBp
DPYG.L,2026-03-31,4.96575,GBP
EWQX.L,2026-03-31,497.2,GBp
FLOS.L,2026-03-31,477.3,GBp
GHYS.L,2026-03-31,87.74,GBP
GRAB,2026-03-31,3.66,USD
IDTG.L,2026-03-31,2.9595,GBP
IE0008368742,2026-03-31,185.51,USD
IE00B0M63516,2026-03-31,30.21,USD
IGLS.L,2026-03-31,125.84,GBP
IGWD.L,2026-03-31,11434,GBp
INXG.L,2026-03-31,11.454,GBP
ISPE.L,2026-03-31,6.615,GBP
IUAG.L,2026-03-31,94.53,USD
IWDG.L,2026-03-31,1077.5,GBp
JFM0003373,2026-03-31,176.41,USD
KNSL,2026-03-31,341.66,USD
LU0196696453,2026-03-31,21.17,USD
QNTG.L,2026-03-31,16.614,GBP
QQQ,2026-03-31,577.18,USD
SGLN.L,2026-03-31,6786,GBp
0639.HK,2026-04-01,2.74,HKD
0P00000YAN,2026-04-01,180.55,USD
BCHS.L,2026-04-01,10786,GBp
CNX1.L,2026-04-01,103820,GBp
DPYG.L,2026-04-01,5.038,GBP
EWQX.L,2026-04-01,505,GBp
FLOS.L,2026-04-01,479,GBp
GB00B1FXTF86,2026-04-01,6.58,GBP
GHYS.L,2026-04-01,88.93,GBP
GRAB,2026-04-01,3.67,USD
IDTG.L,2026-04-01,2.9665,GBP
IE0008368742,2026-04-01,190.35,USD
IE00B0M63516,2026-04-01,31.06,USD
IGLS.L,2026-04-01,126.21,GBP
IGWD.L,2026-04-01,11737,GBp
INXG.L,2026-04-01,11.478,GBP
ISPE.L,2026-04-01,6.734,GBP
IUAG.L,2026-04-01,94.76,USD
IWDG.L,2026-04-01,1105.5,GBp
JFM0003373,2026-04-01,180.55,USD
KNSL,2026-04-01,345.8,USD
LU0164881194,2026-04-01,273.90,USD
LU0196696453,2026-04-01,21.98,USD
MU0129U00005,2026-04-01,287.53,USD
QNTG.L,2026-04-01,17.286,GBP
QQQ,2026-04-01,584.31,USD
SGLN.L,2026-04-01,6966,GBp
0639.HK,2026-04-02,2.8,HKD
0P00000YAN,2026-04-02,179.07,USD
BCHS.L,2026-04-02,10692,GBp
CNX1.L,2026-04-02,104020,GBp
DPYG.L,2026-04-02,5.071,GBP
EWQX.L,2026-04-02,506.7,GBp
FLOS.L,2026-04-02,478.6,GBp
GB00B1FXTF86,2026-04-02,6.77,GBP
GHYS.L,2026-04-02,88.69,GBP
GRAB,2026-04-02,3.62,USD
IDTG.L,2026-04-02,2.9695,GBP
IE0008368742,2026-04-02,188.43,USD
IE00B0M63516,2026-04-02,31.15,USD
IGLS.L,2026-04-02,126.21,GBP
IGWD.L,2026-04-02,11713,GBp
INXG.L,2026-04-02,11.512,GBP
ISPE.L,2026-04-02,6.723,GBP
IUAG.L,2026-04-02,94.815,USD
IWDG.L,2026-04-02,1102,GBp
JFM0003373,2026-04-02,179.07,USD
KNSL,2026-04-02,344.9,USD
LU0164881194,2026-04-02,278.45,USD
LU0196696453,2026-04-02,21.84,USD
MU0129U00005,2026-04-02,293.17,USD
QNTG.L,2026-04-02,17.266,GBP
QQQ,2026-04-02,584.98,USD
SGLN.L,2026-04-02,6847,GBp
GRAB,2026-04-06,3.56,USD
KNSL,2026-04-06,345.79,USD
QQQ,2026-04-06,588.5,USD
BCHS.L,2026-04-07,10754,GBp
CNX1.L,2026-04-07,103610,GBp
DPYG.L,2026-04-07,5.043,GBP
EWQX.L,2026-04-07,504.9,GBp
FLOS.L,2026-04-07,478.95,GBp
GB00B1FXTF86,2026-04-07,6.86,GBP
GHYS.L,2026-04-07,89.14,GBP
GRAB,2026-04-07,3.54,USD
IDTG.L,2026-04-07,2.955,GBP
IE00B0M63516,2026-04-07,30.78,USD
IGLS.L,2026-04-07,125.88,GBP
IGWD.L,2026-04-07,11646,GBp
INXG.L,2026-04-07,11.462,GBP
ISPE.L,2026-04-07,6.72,GBP
IUAG.L,2026-04-07,94.38,USD
IWDG.L,2026-04-07,1096.5,GBp
KNSL,2026-04-07,345.26,USD
LU0164881194,2026-04-07,282.22,USD
LU0196696453,2026-04-07,21.63,USD
QNTG.L,2026-04-07,17.212,GBP
QQQ,2026-04-07,588.59,USD
SGLN.L,2026-04-07,6808,GBp
0639.HK,2026-04-08,2.86,HKD
0P00000YAN,2026-04-08,183.45,USD
BCHS.L,2026-04-08,11198,GBp
CNX1.L,2026-04-08,106190,GBp
DPYG.L,2026-04-08,5.171,GBP
EWQX.L,2026-04-08,514,GBp
FLOS.L,2026-04-08,479.6,GBp
GB00B1FXTF86,2026-04-08,7.03,GBP
GHYS.L,2026-04-08,89.49,GBP
GRAB,2026-04-08,3.63,USD
IDTG.L,2026-04-08,2.98325,GBP
IE0008368742,2026-04-08,195.18,USD
IE00B0M63516,2026-04-08,31.80,USD
IGLS.L,2026-04-08,126.55,GBP
IGWD.L,2026-04-08,12027,GBp
INXG.L,2026-04-08,11.6,GBP
ISPE.L,2026-04-08,6.878,GBP
IUAG.L,2026-04-08,95.06,USD
IWDG.L,2026-04-08,1132.5,GBp
JFM0003373,2026-04-08,183.45,USD
KNSL,2026-04-08,356.42,USD
LU0164881194,2026-04-08,295.51,USD
LU0196696453,2026-04-08,22.50,USD
MU0129U00005,2026-04-08,309.52,USD
QNTG.L,2026-04-08,17.866,GBP
QQQ,2026-04-08,606.09,USD
SGLN.L,2026-04-08,6866,GBp
0639.HK,2026-04-09,2.78,HKD
0P00000YAN,2026-04-09,182.75,USD
BCHS.L,2026-04-09,11330,GBp
CNX1.L,2026-04-09,106650,GBp
DPYG.L,2026-04-09,5.195,GBP
EWQX.L,2026-04-09,510.4,GBp
FLOS.L,2026-04-09,479.375,GBp
GB00B1FXTF86,2026-04-09,6.96,GBP
GHYS.L,2026-04-09,89.5,GBP
GRAB,2026-04-09,3.68,USD
IDTG.L,2026-04-09,2.9695,GBP
IE0008368742,2026-04-09,194.61,USD
IE00B0M63516,2026-04-09,32.46,USD
IGLS.L,2026-04-09,126.5,GBP
IGWD.L,2026-04-09,12062,GBp
INXG.L,2026-04-09,11.548,GBP
ISPE.L,2026-04-09,6.889,GBP
IUAG.L,2026-04-09,94.97,USD
IWDG.L,2026-04-09,1136,GBp
JFM0003373,2026-04-09,182.75,USD
KNSL,2026-04-09,361.77,USD
LU0164881194,2026-04-09,292.35,USD
LU0196696453,2026-04-09,22.86,USD
MU0129U00005,2026-04-09,306.67,USD
QNTG.L,2026-04-09,17.826,GBP
QQQ,2026-04-09,610.19,USD
SGLN.L,2026-04-09,6924,GBp
0639.HK,2026-04-10,2.75,HKD
0P00000YAN,2026-04-10,184.73,USD
BCHS.L,2026-04-10,11430,GBp
CNX1.L,2026-04-10,107270,GBp
DPYG.L,2026-04-10,5.219,GBP
EWQX.L,2026-04-10,508.75,GBp
FLOS.L,2026-04-10,479.5,GBp
GB00B1FXTF86,2026-04-10,7.04,GBP
GHYS.L,2026-04-10,89.96,GBP
GRAB,2026-04-10,3.68,USD
IDTG.L,2026-04-10,2.96825,GBP
IE0008368742,2026-04-10,195.75,USD
IE00B0M63516,2026-04-10,33.20,USD
IGLS.L,2026-04-10,126.42,GBP
IGWD.L,2026-04-10,12108,GBp
INXG.L,2026-04-10,11.38,GBP
ISPE.L,2026-04-10,6.863,GBP
IUAG.L,2026-04-10,95.05,USD
IWDG.L,2026-04-10,1141,GBp
JFM0003373,2026-04-10,184.73,USD
KNSL,2026-04-10,348.31,USD
LU0164881194,2026-04-10,293.79,USD
LU0196696453,2026-04-10,23.45,USD
MU0129U00005,2026-04-10,308.15,USD
QNTG.L,2026-04-10,17.85,GBP
QQQ,2026-04-10,611.07,USD
SGLN.L,2026-04-10,6880,GBp
0639.HK,2026-04-13,2.67,HKD
0P00000YAN,2026-04-13,183.97,USD
BCHS.L,2026-04-13,11470,GBp
CNX1.L,2026-04-13,107330,GBp
DPYG.L,2026-04-13,5.187,GBP
EWQX.L,2026-04-13,509.85,GBp
FLOS.L,2026-04-13,479.475,GBp
GB00B1FXTF86,2026-04-13,6.93,GBP
GHYS.L,2026-04-13,89.21,GBP
GRAB,2026-04-13,3.73,USD
IDTG.L,2026-04-13,2.9555,GBP
IE0008368742,2026-04-13,193.73,USD
IE00B0M63516,2026-04-13,33.08,USD
IGLS.L,2026-04-13,126.32,GBP
IGWD.L,2026-04-13,12092,GBp
INXG.L,2026-04-13,11.382,GBP
ISPE.L,2026-04-13,6.846,GBP
IUAG.L,2026-04-13,94.8,USD
IWDG.L,2026-04-13,1138.5,GBp
JFM0003373,2026-04-13,183.97,USD
KNSL,2026-04-13,357.46,USD
LU0164881194,2026-04-13,290.71,USD
LU0196696453,2026-04-13,23.35,USD
MU0129U00005,2026-04-13,304.62,USD
QNTG.L,2026-04-13,17.86,GBP
QQQ,2026-04-13,617.39,USD
SGLN.L,2026-04-13,6796,GBp
0639.HK,2026-04-14,2.67,HKD
0P00000YAN,2026-04-14,185.21,USD
BCHS.L,2026-04-14,12084,GBp
CNX1.L,2026-04-14,108630,GBp
DPYG.L,2026-04-14,5.2755,GBP
EWQX.L,2026-04-14,514.85,GBp
FLOS.L,2026-04-14,479.4,GBp
GHYS.L,2026-04-14,89.815,GBP
GRAB,2026-04-14,3.82,USD
IDTG.L,2026-04-14,2.978,GBP
IE0008368742,2026-04-14,195.77,USD
IE00B0M63516,2026-04-14,33.80,USD
IGLS.L,2026-04-14,126.53,GBP
IGWD.L,2026-04-14,12280,GBp
INXG.L,2026-04-14,11.462,GBP
ISPE.L,2026-04-14,6.963,GBP
IUAG.L,2026-04-14,95.19,USD
IWDG.L,2026-04-14,1157.5,GBp
JFM0003373,2026-04-14,185.21,USD
KNSL,2026-04-14,350.51,USD
LU0196696453,2026-04-14,23.87,USD
QNTG.L,2026-04-14,18.61,GBP
QQQ,2026-04-14,628.6,USD
SGLN.L,2026-04-14,6875,GBp
0639.HK,2026-04-15,2.68,HKD
0P00000YAN,2026-04-15,185.68,USD
BCHS.L,2026-04-15,12106,GBp
CNX1.L,2026-04-15,110040,GBp
DPYG.L,2026-04-15,5.266,GBP
EWQX.L,2026-04-15,518.25,GBp
FLOS.L,2026-04-15,479.05,GBp
GB00B1FXTF86,2026-04-15,7.01,GBP
GHYS.L,2026-04-15,89.84,GBP
GRAB,2026-04-15,3.92,USD
IDTG.L,2026-04-15,2.972,GBP
IE0008368742,2026-04-15,196.40,USD
IE00B0M63516,2026-04-15,33.59,USD
IGLS.L,2026-04-15,126.6,GBP
IGWD.L,2026-04-15,12333,GBp
INXG.L,2026-04-15,11.392,GBP
ISPE.L,2026-04-15,6.935,GBP
IUAG.L,2026-04-15,95.17,USD
IWDG.L,2026-04-15,1161,GBp
JFM0003373,2026-04-15,185.68,USD
KNSL,2026-04-15,358,USD
LU0164881194,2026-04-15,295.80,USD
LU0196696453,2026-04-15,23.71,USD
MU0129U00005,2026-04-15,310.39,USD
QNTG.L,2026-04-15,19.244,GBP
QQQ,2026-04-15,637.4,USD
SGLN.L,2026-04-15,6860,GBp
0639.HK,2026-04-16,2.68,HKD
0P00000YAN,2026-04-16,185.3,USD
BCHS.L,2026-04-16,12210,GBp
CNX1.L,2026-04-16,111720,GBp
DPYG.L,2026-04-16,5.3155,GBP
EWQX.L,2026-04-16,527,GBp
FLOS.L,2026-04-16,479.75,GBp
GB00B1FXTF86,2026-04-16,7.02,GBP
GHYS.L,2026-04-16,88.745,GBP
GRAB,2026-04-16,4.02,USD
IDTG.L,2026-04-16,2.9625,GBP
IE0008368742,2026-04-16,199.92,USD
IE00B0M63516,2026-04-16,33.37,USD
IGLS.L,2026-04-16,126.52,GBP
IGWD.L,2026-04-16,12387,GBp
INXG.L,2026-04-16,11.356,GBP
ISPE.L,2026-04-16,6.985,GBP
IUAG.L,2026-04-16,95.19,USD
IWDG.L,2026-04-16,1163.5,GBp
JFM0003373,2026-04-16,185.3,USD
KNSL,2026-04-16,359.04,USD
LU0164881194,2026-04-16,297.05,USD
LU0196696453,2026-04-16,23.45,USD
MU0129U00005,2026-04-16,312.39,USD
QNTG.L,2026-04-16,19.718,GBP
QQQ,2026-04-16,640.47,USD
SGLN.L,2026-04-16,6886,GBp
0639.HK,2026-04-17,2.69,HKD
0P00000YAN,2026-04-17,185.52,USD
BCHS.L,2026-04-17,12646,GBp
CNX1.L,2026-04-17,113060,GBp
DPYG.L,2026-04-17,5.378,GBP
EWQX.L,2026-04-17,532.6,GBp
FLOS.L,2026-04-17,479.7,GBp
GB00B1FXTF86,2026-04-17,7.14,GBP
GHYS.L,2026-04-17,88.82,GBP
GRAB,2026-04-17,4.21,USD
IDTG.L,2026-04-17,2.988,GBP
IE0008368742,2026-04-17,199.22,USD
IE00B0M63516,2026-04-17,33.46,USD
IGLS.L,2026-04-17,126.83,GBP
IGWD.L,2026-04-17,12549,GBp
INXG.L,2026-04-17,11.424,GBP
ISPE.L,2026-04-17,7.078,GBP
IUAG.L,2026-04-17,95.47,USD
IWDG.L,2026-04-17,1178,GBp
JFM0003373,2026-04-17,185.52,USD
KNSL,2026-04-17,360.78,USD
LU0164881194,2026-04-17,300.52,USD
LU0196696453,2026-04-17,23.59,USD
MU0129U00005,2026-04-17,315.11,USD
QNTG.L,2026-04-17,20.1,GBP
QQQ,2026-04-17,648.85,USD
SGLN.L,2026-04-17,6972,GBp
0639.HK,2026-04-20,2.69,HKD
0P00000YAN,2026-04-20,185.49,USD
BCHS.L,2026-04-20,12570,GBp
CNX1.L,2026-04-20,112390,GBp
DPYG.L,2026-04-20,5.3915,GBP
EWQX.L,2026-04-20,533.8,GBp
FLOS.L,2026-04-20,479.5,GBp
GB00B1FXTF86,2026-04-20,7.15,GBP
GHYS.L,2026-04-20,88.76,GBP
GRAB,2026-04-20,4.21,USD
IDTG.L,2026-04-20,2.9775,GBP
IE0008368742,2026-04-20,201.60,USD
IE00B0M63516,2026-04-20,33.39,USD
IGLS.L,2026-04-20,126.73,GBP
IGWD.L,2026-04-20,12493,GBp
INXG.L,2026-04-20,11.3,GBP
ISPE.L,2026-04-20,7.091,GBP
IUAG.L,2026-04-20,95.4,USD
IWDG.L,2026-04-20,1172,GBp
JFM0003373,2026-04-20,185.49,USD
KNSL,2026-04-20,358.08,USD
LU0164881194,2026-04-20,299.05,USD
LU0196696453,2026-04-20,23.47,USD
MU0129U00005,2026-04-20,314.65,USD
QNTG.L,2026-04-20,20.05,GBP
QQQ,2026-04-20,646.79,USD
SGLN.L,2026-04-20,6888,GBp
0639.HK,2026-04-21,2.74,HKD
0P00000YAN,2026-04-21,185.28,USD
BCHS.L,2026-04-21,12526,GBp
CNX1.L,2026-04-21,112990,GBp
DPYG.L,2026-04-21,5.342,GBP
EWQX.L,2026-04-21,536.4,GBp
FLOS.L,2026-04-21,480,GBp
GB00B1FXTF86,2026-04-21,7.16,GBP
GHYS.L,2026-04-21,88.79,GBP
GRAB,2026-04-21,4.08,USD
IDTG.L,2026-04-21,2.9705,GBP
IE0008368742,2026-04-21,202.56,USD
IE00B0M63516,2026-04-21,33.38,USD
IGLS.L,2026-04-21,126.41,GBP
IGWD.L,2026-04-21,12445,GBp
INXG.L,2026-04-21,11.256,GBP
ISPE.L,2026-04-21,7.078,GBP
IUAG.L,2026-04-21,95.15,USD
IWDG.L,2026-04-21,1168.5,GBp
JFM0003373,2026-04-21,185.28,USD
KNSL,2026-04-21,358.86,USD
LU0164881194,2026-04-21,299.92,USD
MU0129U00005,2026-04-21,315.37,USD
QNTG.L,2026-04-21,19.992,GBP
QQQ,2026-04-21,644.33,USD
SGLN.L,2026-04-21,6815,GBp
0639.HK,2026-04-22,2.7,HKD
0P00000YAN,2026-04-22,184.46,USD
BCHS.L,2026-04-22,12622,GBp
CNX1.L,2026-04-22,114060,GBp
DPYG.L,2026-04-22,5.3185,GBP
EWQX.L,2026-04-22,539.85,GBp
FLOS.L,2026-04-22,479.8,GBp
GB00B1FXTF86,2026-04-22,7.12,GBP
GHYS.L,2026-04-22,88.67,GBP
GRAB,2026-04-22,4.06,USD
IDTG.L,2026-04-22,2.9775,GBP
IE0008368742,2026-04-22,201.16,USD
IE00B0M63516,2026-04-22,32.85,USD
IGLS.L,2026-04-22,126.4,GBP
IGWD.L,2026-04-22,12486,GBp
INXG.L,2026-04-22,11.328,GBP
ISPE.L,2026-04-22,7.049,GBP
IUAG.L,2026-04-22,95.13,USD
IWDG.L,2026-04-22,1171.5,GBp
JFM0003373,2026-04-22,184.46,USD
KNSL,2026-04-22,349.51,USD
LU0164881194,2026-04-22,297.16,USD
LU0196696453,2026-04-22,23.22,USD
MU0129U00005,2026-04-22,311.52,USD
QNTG.L,2026-04-22,20.01,GBP
QQQ,2026-04-22,655.11,USD
SGLN.L,2026-04-22,6796,GBp
0639.HK,2026-04-23,2.73,HKD
0P00000YAN,2026-04-23,182.1,USD
BCHS.L,2026-04-23,12858,GBp
CNX1.L,2026-04-23,114790,GBp
DPYG.L,2026-04-23,5.332,GBP
EWQX.L,2026-04-23,542.15,GBp
FLOS.L,2026-04-23,480.3,GBp
GB00B1FXTF86,2026-04-23,7.07,GBP
GHYS.L,2026-04-23,88.82,GBP
GRAB,2026-04-23,3.96,USD
IDTG.L,2026-04-23,2.9785,GBP
IE0008368742,2026-04-23,199.13,USD
IE00B0M63516,2026-04-23,32.86,USD
IGLS.L,2026-04-23,126.28,GBP
IGWD.L,2026-04-23,12508,GBp
INXG.L,2026-04-23,11.25,GBP
ISPE.L,2026-04-23,7.055,GBP
IUAG.L,2026-04-23,95.2,USD
IWDG.L,2026-04-23,1174,GBp
JFM0003373,2026-04-23,182.1,USD
KNSL,2026-04-23,347.8,USD
LU0164881194,2026-04-23,292.75,USD
LU0196696453,2026-04-23,23.13,USD
MU0129U00005,2026-04-23,306.18,USD
QNTG.L,2026-04-23,19.788,GBP
QQQ,2026-04-23,651.42,USD
SGLN.L,2026-04-23,6801,GBp
0639.HK,2026-04-24,2.74,HKD
0P00000YAN,2026-04-24,181.63,USD
BCHS.L,2026-04-24,12838,GBp
CNX1.L,2026-04-24,115610,GBp
DPYG.L,2026-04-24,5.327,GBP
EWQX.L,2026-04-24,542.65,GBp
FLOS.L,2026-04-24,480.425,GBp
GB00B1FXTF86,2026-04-24,6.99,GBP
GHYS.L,2026-04-24,88.88,GBP
GRAB,2026-04-24,3.9,USD
IDTG.L,2026-04-24,2.965,GBP
IE0008368742,2026-04-24,198.94,USD
IE00B0M63516,2026-04-24,32.13,USD
IGLS.L,2026-04-24,126.32,GBP
IGWD.L,2026-04-24,12491,GBp
INXG.L,2026-04-24,11.322,GBP
ISPE.L,2026-04-24,7.016,GBP
IUAG.L,2026-04-24,95.13,USD
IWDG.L,2026-04-24,1171,GBp
JFM0003373,2026-04-24,181.63,USD
KNSL,2026-04-24,345.08,USD
LU0164881194,2026-04-24,288.85,USD
LU0196696453,2026-04-24,22.60,USD
MU0129U00005,2026-04-24,302.73,USD
QNTG.L,2026-04-24,19.676,GBP
QQQ,2026-04-24,663.88,USD
SGLN.L,2026-04-24,6785,GBp
0639.HK,2026-04-27,2.73,HKD
0P00000YAN,2026-04-27,182.07,USD
BCHS.L,2026-04-27,12468,GBp
CNX1.L,2026-04-27,115260,GBp
DPYG.L,2026-04-27,5.296,GBP
EWQX.L,2026-04-27,541.35,GBp
FLOS.L,2026-04-27,480.75,GBp
GB00B1FXTF86,2026-04-27,7.02,GBP
GHYS.L,2026-04-27,88.77,GBP
GRAB,2026-04-27,3.89,USD
IDTG.L,2026-04-27,2.957,GBP
IE0008368742,2026-04-27,200.10,USD
IE00B0M63516,2026-04-27,32.33,USD
IGLS.L,2026-04-27,126.25,GBP
IGWD.L,2026-04-27,12489,GBp
INXG.L,2026-04-27,11.268,GBP
ISPE.L,2026-04-27,7.026,GBP
IUAG.L,2026-04-27,94.96,USD
IWDG.L,2026-04-27,1172.5,GBp
JFM0003373,2026-04-27,182.07,USD
KNSL,2026-04-27,327.75,USD
LU0164881194,2026-04-27,292.64,USD
LU0196696453,2026-04-27,22.82,USD
MU0129U00005,2026-04-27,306.78,USD
QNTG.L,2026-04-27,19.776,GBP
QQQ,2026-04-27,664.23,USD
SGLN.L,2026-04-27,6699,GBp
0639.HK,2026-04-28,2.77,HKD
0P00000YAN,2026-04-28,181.58,USD
BCHS.L,2026-04-28,12198,GBp
CNX1.L,2026-04-28,114260,GBp
DPYG.L,2026-04-28,5.295,GBP
EWQX.L,2026-04-28,535.95,GBp
FLOS.L,2026-04-28,480.25,GBp
GB00B1FXTF86,2026-04-28,7.00,GBP
GHYS.L,2026-04-28,88.68,GBP
GRAB,2026-04-28,3.86,USD
IDTG.L,2026-04-28,2.9485,GBP
IE0008368742,2026-04-28,197.25,USD
IE00B0M63516,2026-04-28,31.92,USD
IGLS.L,2026-04-28,126.1,GBP
IGWD.L,2026-04-28,12429,GBp
INXG.L,2026-04-28,11.246,GBP
ISPE.L,2026-04-28,6.985,GBP
IUAG.L,2026-04-28,94.83,USD
IWDG.L,2026-04-28,1167.5,GBp
JFM0003373,2026-04-28,181.58,USD
KNSL,2026-04-28,329.08,USD
LU0164881194,2026-04-28,290.40,USD
LU0196696453,2026-04-28,22.35,USD
MU0129U00005,2026-04-28,305.75,USD
QNTG.L,2026-04-28,19.75,GBP
QQQ,2026-04-28,657.55,USD
SGLN.L,2026-04-28,6569,GBp
0639.HK,2026-04-29,2.84,HKD
0P00000YAN,2026-04-29,180.61,USD
BCHS.L,2026-04-29,12080,GBp
CNX1.L,2026-04-29,115560,GBp
DPYG.L,2026-04-29,5.263,GBP
EWQX.L,2026-04-29,539.9,GBp
FLOS.L,2026-04-29,480.35,GBp
GB00B1FXTF86,2026-04-29,6.97,GBP
GHYS.L,2026-04-29,88.69,GBP
GRAB,2026-04-29,3.82,USD
IDTG.L,2026-04-29,2.941,GBP
IE0008368742,2026-04-29,200.77,USD
IE00B0M63516,2026-04-29,31.51,USD
IGLS.L,2026-04-29,125.9,GBP
IGWD.L,2026-04-29,12436,GBp
INXG.L,2026-04-29,11.23,GBP
ISPE.L,2026-04-29,6.966,GBP
IUAG.L,2026-04-29,94.745,USD
IWDG.L,2026-04-29,1167,GBp
JFM0003373,2026-04-29,180.61,USD
KNSL,2026-04-29,331.03,USD
LU0164881194,2026-04-29,290.71,USD
LU0196696453,2026-04-29,22.28,USD
MU0129U00005,2026-04-29,305.46,USD
QNTG.L,2026-04-29,19.947,GBP
QQQ,2026-04-29,661.57,USD
SGLN.L,2026-04-29,6535,GBp
0639.HK,2026-04-30,2.78,HKD
0P00000YAN,2026-04-30,181.72,USD
BCHS.L,2026-04-30,12388,GBp
CNX1.L,2026-04-30,115240,GBp
DPYG.L,2026-04-30,5.3205,GBP
EWQX.L,2026-04-30,543,GBp
FLOS.L,2026-04-30,481,GBp
GB00B1FXTF86,2026-04-30,6.93,GBP
GHYS.L,2026-04-30,88.49,GBP
GRAB,2026-04-30,3.82,USD
IDTG.L,2026-04-30,2.939,GBP
IE0008368742,2026-04-30,200.22,USD
IE00B0M63516,2026-04-30,31.74,USD
IGLS.L,2026-04-30,126.25,GBP
IGWD.L,2026-04-30,12510,GBp
INXG.L,2026-04-30,11.258,GBP
ISPE.L,2026-04-30,7.043,GBP
IUAG.L,2026-04-30,94.83,USD
IWDG.L,2026-04-30,1175,GBp
JFM0003373,2026-04-30,181.72,USD
KNSL,2026-04-30,323.61,USD
LU0164881194,2026-04-30,288.23,USD
LU0196696453,2026-04-30,22.35,USD
MU0129U00005,2026-04-30,303.57,USD
QNTG.L,2026-04-30,20.215,GBP
QQQ,2026-04-30,667.74,USD
SGLN.L,2026-04-30,6605,GBp
BCHS.L,2026-05-01,12654,GBp
CNX1.L,2026-05-01,116870,GBp
DPYG.L,2026-05-01,5.326,GBP
EWQX.L,2026-05-01,547.2,GBp
FLOS.L,2026-05-01,480.7,GBp
GHYS.L,2026-05-01,89.04,GBP
GRAB,2026-05-01,3.67,USD
IDTG.L,2026-05-01,2.9445,GBP
IE00B0M63516,2026-05-01,31.99,USD
IGLS.L,2026-05-01,126.38,GBP
IGWD.L,2026-05-01,12625,GBp
INXG.L,2026-05-01,11.35,GBP
ISPE.L,2026-05-01,7.082,GBP
IUAG.L,2026-05-01,94.855,USD
IWDG.L,2026-05-01,1186.5,GBp
KNSL,2026-05-01,311.74,USD
QNTG.L,2026-05-01,20.685,GBP
QQQ,2026-05-01,674.15,USD
SGLN.L,2026-05-01,6605,GBp
0639.HK,2026-05-04,2.73,HKD
0P00000YAN,2026-05-04,182.49,USD
GRAB,2026-05-04,3.62,USD
JFM0003373,2026-05-04,182.49,USD
KNSL,2026-05-04,304.16,USD
LU0164881194,2026-05-04,289.42,USD
MU0129U00005,2026-05-04,303.14,USD
QQQ,2026-05-04,672.88,USD
0639.HK,2026-05-05,2.66,HKD
0P00000YAN,2026-05-05,182.04,USD
BCHS.L,2026-05-05,13100,GBp
CNX1.L,2026-05-05,118490,GBp
DPYG.L,2026-05-05,5.2995,GBP
EWQX.L,2026-05-05,554.65,GBp
FLOS.L,2026-05-05,481.525,GBp
GB00B1FXTF86,2026-05-05,6.94,GBP
GHYS.L,2026-05-05,88.68,GBP
GRAB,2026-05-05,3.68,USD
IDTG.L,2026-05-05,2.935,GBP
IE0008368742,2026-05-05,202.30,USD
IE00B0M63516,2026-05-05,32.09,USD
IGLS.L,2026-05-05,126.05,GBP
IGWD.L,2026-05-05,12614,GBp
INXG.L,2026-05-05,11.19,GBP
ISPE.L,2026-05-05,7.06,GBP
IUAG.L,2026-05-05,94.71,USD
IWDG.L,2026-05-05,1184.5,GBp
JFM0003373,2026-05-05,182.04,USD
KNSL,2026-05-05,305.01,USD
LU0164881194,2026-05-05,288.46,USD
LU0196696453,2026-05-05,22.60,USD
MU0129U00005,2026-05-05,303.11,USD
QNTG.L,2026-05-05,21.035,GBP
QQQ,2026-05-05,681.61,USD
SGLN.L,2026-05-05,6548,GBp
0639.HK,2026-05-06,2.71,HKD
0P00000YAN,2026-05-06,185.49,USD
BCHS.L,2026-05-06,13782,GBp
CNX1.L,2026-05-06,120090,GBp
DPYG.L,2026-05-06,5.391,GBP
EWQX.L,2026-05-06,558.1,GBp
FLOS.L,2026-05-06,481.675,GBp
GB00B1FXTF86,2026-05-06,7.05,GBP
GHYS.L,2026-05-06,89.11,GBP
GRAB,2026-05-06,3.77,USD
IDTG.L,2026-05-06,2.9605,GBP
IE0008368742,2026-05-06,204.85,USD
IE00B0M63516,2026-05-06,32.14,USD
IGLS.L,2026-05-06,126.42,GBP
IGWD.L,2026-05-06,12782,GBp
INXG.L,2026-05-06,11.296,GBP
ISPE.L,2026-05-06,7.129,GBP
IUAG.L,2026-05-06,95.08,USD
IWDG.L,2026-05-06,1201.5,GBp
JFM0003373,2026-05-06,185.49,USD
KNSL,2026-05-06,303.61,USD
LU0164881194,2026-05-06,293.75,USD
LU0196696453,2026-05-06,22.76,USD
MU0129U00005,2026-05-06,310.02,USD
QNTG.L,2026-05-06,21.595,GBP
QQQ,2026-05-06,695.77,USD
SGLN.L,2026-05-06,6695,GBp
0639.HK,2026-05-07,2.66,HKD
0P00000YAN,2026-05-07,186.29,USD
BCHS.L,2026-05-07,13638,GBp
CNX1.L,2026-05-07,121250,GBp
DPYG.L,2026-05-07,5.381,GBP
EWQX.L,2026-05-07,562.2,GBp
FLOS.L,2026-05-07,481.3,GBp
GB00B1FXTF86,2026-05-07,7.14,GBP
GHYS.L,2026-05-07,88.97,GBP
GRAB,2026-05-07,3.79,USD
IDTG.L,2026-05-07,2.9565,GBP
IE0008368742,2026-05-07,208.51,USD
IE00B0M63516,2026-05-07,31.48,USD
IGLS.L,2026-05-07,126.53,GBP
IGWD.L,2026-05-07,12818,GBp
INXG.L,2026-05-07,11.226,GBP
ISPE.L,2026-05-07,7.115,GBP
IUAG.L,2026-05-07,95.03,USD
IWDG.L,2026-05-07,1204,GBp
JFM0003373,2026-05-07,186.29,USD
KNSL,2026-05-07,308.83,USD
LU0164881194,2026-05-07,295.15,USD
LU0196696453,2026-05-07,22.38,USD
MU0129U00005,2026-05-07,312.07,USD
QNTG.L,2026-05-07,21.53,GBP
QQQ,2026-05-07,694.94,USD
SGLN.L,2026-05-07,6758,GBp
0639.HK,2026-05-08,2.67,HKD
0P00000YAN,2026-05-08,184.46,USD
BCHS.L,2026-05-08,13512,GBp
CNX1.L,2026-05-08,122460,GBp
DPYG.L,2026-05-08,5.367,GBP
EWQX.L,2026-05-08,563.9,GBp
FLOS.L,2026-05-08,481.7,GBp
GB00B1FXTF86,2026-05-08,7.13,GBP
GHYS.L,2026-05-08,88.76,GBP
GRAB,2026-05-08,3.72,USD
IDTG.L,2026-05-08,2.964,GBP
IE0008368742,2026-05-08,207.85,USD
IE00B0M63516,2026-05-08,31.53,USD
IGLS.L,2026-05-08,126.47,GBP
IGWD.L,2026-05-08,12801,GBp
INXG.L,2026-05-08,11.33,GBP
ISPE.L,2026-05-08,7.1,GBP
IUAG.L,2026-05-08,95.04,USD
IWDG.L,2026-05-08,1202.5,GBp
JFM0003373,2026-05-08,184.46,USD
KNSL,2026-05-08,304.87,USD
LU0164881194,2026-05-08,292.00,USD
LU0196696453,2026-05-08,22.33,USD
MU0129U00005,2026-05-08,308.97,USD
QNTG.L,2026-05-08,21.47,GBP
QQQ,2026-05-08,711.23,USD
SGLN.L,2026-05-08,6705,GBp
0639.HK,2026-05-11,2.61,HKD
0P00000YAN,2026-05-11,184.48,USD
BCHS.L,2026-05-11,13862,GBp
CNX1.L,2026-05-11,123270,GBp
DPYG.L,2026-05-11,5.371,GBP
EWQX.L,2026-05-11,564.45,GBp
FLOS.L,2026-05-11,481.75,GBp
GB00B1FXTF86,2026-05-11,6.99,GBP
GHYS.L,2026-05-11,89.03,GBP
GRAB,2026-05-11,3.65,USD
IDTG.L,2026-05-11,2.9505,GBP
IE0008368742,2026-05-11,209.90,USD
IE00B0M63516,2026-05-11,31.01,USD
IGLS.L,2026-05-11,126.24,GBP
IGWD.L,2026-05-11,12862,GBp
INXG.L,2026-05-11,11.274,GBP
ISPE.L,2026-05-11,7.087,GBP
IUAG.L,2026-05-11,95.02,USD
IWDG.L,2026-05-11,1208,GBp
JFM0003373,2026-05-11,184.48,USD
KNSL,2026-05-11,299.72,USD
LU0164881194,2026-05-11,283.69,USD
LU0196696453,2026-05-11,22.07,USD
MU0129U00005,2026-05-11,301.86,USD
QNTG.L,2026-05-11,22.3,GBP
QQQ,2026-05-11,713.29,USD
SGLN.L,2026-05-11,6727,GBp
0639.HK,2026-05-12,2.62,HKD
0P00000YAN,2026-05-12,184.83,USD
BCHS.L,2026-05-12,13426,GBp
CNX1.L,2026-05-12,122300,GBp
DPYG.L,2026-05-12,5.335,GBP
EWQX.L,2026-05-12,562.05,GBp
FLOS.L,2026-05-12,481.75,GBp
GB00B1FXTF86,2026-05-12,6.88,GBP
GHYS.L,2026-05-12,88.71,GBP
GRAB,2026-05-12,3.64,USD
IDTG.L,2026-05-12,2.928,GBP
IE0008368742,2026-05-12,208.26,USD
IE00B0M63516,2026-05-12,30.55,USD
IGLS.L,2026-05-12,126.03,GBP
IGWD.L,2026-05-12,12744,GBp
INXG.L,2026-05-12,11.172,GBP
ISPE.L,2026-05-12,7.042,GBP
IUAG.L,2026-05-12,94.63,USD
IWDG.L,2026-05-12,1196.5,GBp
JFM0003373,2026-05-12,184.83,USD
KNSL,2026-05-12,303.19,USD
LU0164881194,2026-05-12,277.45,USD
LU0196696453,2026-05-12,21.76,USD
MU0129U00005,2026-05-12,294.11,USD
QNTG.L,2026-05-12,21.765,GBP
QQQ,2026-05-12,707.24,USD
SGLN.L,2026-05-12,6690,GBp
0639.HK,2026-05-13,2.57,HKD
0P00000YAN,2026-05-13,186.96,USD
BCHS.L,2026-05-13,13708,GBp
CNX1.L,2026-05-13,124030,GBp
DPYG.L,2026-05-13,5.311,GBP
EWQX.L,2026-05-13,563.85,GBp
FLOS.L,2026-05-13,481.825,GBp
GB00B1FXTF86,2026-05-13,6.89,GBP
GHYS.L,2026-05-13,88.76,GBP
GRAB,2026-05-13,3.63,USD
IDTG.L,2026-05-13,2.91375,GBP
IE0008368742,2026-05-13,209.23,USD
IE00B0M63516,2026-05-13,30.54,USD
IGLS.L,2026-05-13,126.26,GBP
IGWD.L,2026-05-13,12857,GBp
INXG.L,2026-05-13,11.227,GBP
ISPE.L,2026-05-13,7.044,GBP
IUAG.L,2026-05-13,94.42,USD
IWDG.L,2026-05-13,1207.5,GBp
JFM0003373,2026-05-13,186.96,USD
KNSL,2026-05-13,300.46,USD
LU0164881194,2026-05-13,278.84,USD
LU0196696453,2026-05-13,21.67,USD
MU0129U00005,2026-05-13,293.15,USD
QNTG.L,2026-05-13,22.065,GBP
QQQ,2026-05-13,714.71,USD
SGLN.L,2026-05-13,6736,GBp
0639.HK,2026-05-14,2.54,HKD
0P00000YAN,2026-05-14,187.28,USD
BCHS.L,2026-05-14,14082,GBp
CNX1.L,2026-05-14,126240,GBp
DPYG.L,2026-05-14,5.333,GBP
EWQX.L,2026-05-14,572.9,GBp
FLOS.L,2026-05-14,482.15,GBp
GB00B1FXTF86,2026-05-14,6.94,GBP
GHYS.L,2026-05-14,89.14,GBP
GRAB,2026-05-14,3.57,USD
IDTG.L,2026-05-14,2.937,GBP
IE0008368742,2026-05-14,207.49,USD
IE00B0M63516,2026-05-14,29.94,USD
IGLS.L,2026-05-14,126.4,GBP
IGWD.L,2026-05-14,13007,GBp
INXG.L,2026-05-14,11.268,GBP
ISPE.L,2026-05-14,7.101,GBP
IUAG.L,2026-05-14,94.78,USD
IWDG.L,2026-05-14,1220.5,GBp
JFM0003373,2026-05-14,187.28,USD
KNSL,2026-05-14,303.83,USD
MU0129U00005,2026-05-14,297.48,USD
QNTG.L,2026-05-14,22.48,GBP
QQQ,2026-05-14,719.79,USD
SGLN.L,2026-05-14,6747,GBp
0639.HK,2026-05-15,2.64,HKD
0P00000YAN,2026-05-15,185.51,USD
BCHS.L,2026-05-15,13670,GBp
CNX1.L,2026-05-15,125980,GBp
DPYG.L,2026-05-15,5.239,GBP
EWQX.L,2026-05-15,572.95,GBp
FLOS.L,2026-05-15,482.1,GBp
GB00B1FXTF86,2026-05-15,6.98,GBP
GHYS.L,2026-05-15,88.48,GBP
GRAB,2026-05-15,3.55,USD
IDTG.L,2026-05-15,2.882,GBP
IE0008368742,2026-05-15,204.02,USD
IE00B0M63516,2026-05-15,28.93,USD
IGLS.L,2026-05-15,125.94,GBP
IGWD.L,2026-05-15,12856,GBp
INXG.L,2026-05-15,11.06,GBP
ISPE.L,2026-05-15,7.027,GBP
IUAG.L,2026-05-15,94.11,USD
IWDG.L,2026-05-15,1207.5,GBp
JFM0003373,2026-05-15,185.51,USD
KNSL,2026-05-15,311.29,USD
LU0164881194,2026-05-15,281.78,USD
LU0196696453,2026-05-15,20.47,USD
MU0129U00005,2026-05-15,297.11,USD
QNTG.L,2026-05-15,21.92,GBP
QQQ,2026-05-15,708.93,USD
SGLN.L,2026-05-15,6618,GBp
0639.HK,2026-05-18,2.6,HKD
0P00000YAN,2026-05-18,184.98,USD
BCHS.L,2026-05-18,13330,GBp
CNX1.L,2026-05-18,123890,GBp
DPYG.L,2026-05-18,5.2495,GBP
EWQX.L,2026-05-18,566.9,GBp
FLOS.L,2026-05-18,482,GBp
GB00B1FXTF86,2026-05-18,6.95,GBP
GHYS.L,2026-05-18,88.33,GBP
GRAB,2026-05-18,3.54,USD
IDTG.L,2026-05-18,2.873,GBP
IE0008368742,2026-05-18,203.00,USD
IE00B0M63516,2026-05-18,29.25,USD
IGLS.L,2026-05-18,126.14,GBP
IGWD.L,2026-05-18,12805,GBp
INXG.L,2026-05-18,11.114,GBP
ISPE.L,2026-05-18,7.034,GBP
IUAG.L,2026-05-18,93.92,USD
IWDG.L,2026-05-18,1202.5,GBp
JFM0003373,2026-05-18,184.98,USD
KNSL,2026-05-18,324.77,USD
LU0164881194,2026-05-18,280.25,USD
LU0196696453,2026-05-18,20.75,USD
MU0129U00005,2026-05-18,296.47,USD
QNTG.L,2026-05-18,21.4925,GBP
QQQ,2026-05-18,705.88,USD
SGLN.L,2026-05-18,6576,GBp
0639.HK,2026-05-19,2.53,HKD
0P00000YAN,2026-05-19,185.34,USD
BCHS.L,2026-05-19,13266,GBp
CNX1.L,2026-05-19,123000,GBp
DPYG.L,2026-05-19,5.265,GBP
EWQX.L,2026-05-19,567,GBp
FLOS.L,2026-05-19,481.95,GBp
GB00B1FXTF86,2026-05-19,6.95,GBP
GHYS.L,2026-05-19,88.68,GBP
GRAB,2026-05-19,3.5,USD
IDTG.L,2026-05-19,2.854,GBP
IE0008368742,2026-05-19,201.67,USD
IE00B0M63516,2026-05-19,28.76,USD
IGLS.L,2026-05-19,126.15,GBP
IGWD.L,2026-05-19,12744,GBp
INXG.L,2026-05-19,11.146,GBP
ISPE.L,2026-05-19,7.019,GBP
IUAG.L,2026-05-19,93.52,USD
IWDG.L,2026-05-19,1198,GBp
JFM0003373,2026-05-19,185.34,USD
KNSL,2026-05-19,313.61,USD
LU0164881194,2026-05-19,279.75,USD
LU0196696453,2026-05-19,20.33,USD
MU0129U00005,2026-05-19,297.23,USD
QNTG.L,2026-05-19,21.34,GBP
QQQ,2026-05-19,701.53,USD
SGLN.L,2026-05-19,6520,GBp
0639.HK,2026-05-20,2.51,HKD
0P00000YAN,2026-05-20,185.51,USD
BCHS.L,2026-05-20,13780,GBp
CNX1.L,2026-05-20,124780,GBp
DPYG.L,2026-05-20,5.317,GBP
EWQX.L,2026-05-20,575,GBp
FLOS.L,2026-05-20,482.05,GBp
GB00B1FXTF86,2026-05-20,6.98,GBP
GHYS.L,2026-05-20,88.58,GBP
GRAB,2026-05-20,3.51,USD
IDTG.L,2026-05-20,2.8855,GBP
IE0008368742,2026-05-20,201.33,USD
IE00B0M63516,2026-05-20,29.43,USD
IGLS.L,2026-05-20,126.56,GBP
IGWD.L,2026-05-20,12892,GBp
INXG.L,2026-05-20,11.272,GBP
ISPE.L,2026-05-20,7.072,GBP
IUAG.L,2026-05-20,94.01,USD
IWDG.L,2026-05-20,1210.5,GBp
JFM0003373,2026-05-20,185.51,USD
KNSL,2026-05-20,311.7,USD
LU0164881194,2026-05-20,279.43,USD
LU0196696453,2026-05-20,20.81,USD
MU0129U00005,2026-05-20,297.56,USD
QNTG.L,2026-05-20,21.93,GBP
QQQ,2026-05-20,713.15,USD
SGLN.L,2026-05-20,6538,GBp
0639.HK,2026-05-21,2.49,HKD
0P00000YAN,2026-05-21,185.37,USD
BCHS.L,2026-05-21,13884,GBp
CNX1.L,2026-05-21,124760,GBp
DPYG.L,2026-05-21,5.272,GBP
EWQX.L,2026-05-21,577.65,GBp
FLOS.L,2026-05-21,472.4,GBp
GB00B1FXTF86,2026-05-21,7.02,GBP
GHYS.L,2026-05-21,88.92,GBP
GRAB,2026-05-21,3.56,USD
IDTG.L,2026-05-21,2.8745,GBP
IE0008368742,2026-05-21,201.72,USD
IE00B0M63516,2026-05-21,29.49,USD
IGLS.L,2026-05-21,126.63,GBP
IGWD.L,2026-05-21,12876,GBp
INXG.L,2026-05-21,10.912,GBP
ISPE.L,2026-05-21,7.064,GBP
IUAG.L,2026-05-21,92.115,USD
IWDG.L,2026-05-21,1208.5,GBp
JFM0003373,2026-05-21,185.37,USD
KNSL,2026-05-21,312.03,USD
LU0164881194,2026-05-21,280.07,USD
LU0196696453,2026-05-21,20.82,USD
MU0129U00005,2026-05-21,298.41,USD
QNTG.L,2026-05-21,22.78,GBP
QQQ,2026-05-21,714.51,USD
SGLN.L,2026-05-21,6528,GBp
0639.HK,2026-05-22,2.51,HKD
0P00000YAN,2026-05-22,185.85,USD
BCHS.L,2026-05-22,14144,GBp
CNX1.L,2026-05-22,126560,GBp
DPYG.L,2026-05-22,5.285,GBP
EWQX.L,2026-05-22,587.4,GBp
FLOS.L,2026-05-22,473.3,GBp
GB00B1FXTF86,2026-05-22,7.07,GBP
GHYS.L,2026-05-22,88.945,GBP
GRAB,2026-05-22,3.51,USD
IDTG.L,2026-05-22,2.898,GBP
IE0008368742,2026-05-22,204.32,USD
IE00B0M63516,2026-05-22,29.17,USD
IGLS.L,2026-05-22,126.78,GBP
IGWD.L,2026-05-22,13021,GBp
INXG.L,2026-05-22,11,GBP
ISPE.L,2026-05-22,7.174,GBP
IUAG.L,2026-05-22,92.28,USD
IWDG.L,2026-05-22,1223,GBp
JFM0003373,2026-05-22,185.85,USD
KNSL,2026-05-22,310.19,USD
LU0164881194,2026-05-22,282.77,USD
LU0196696453,2026-05-22,20.56,USD
MU0129U00005,2026-05-22,300.43,USD
QNTG.L,2026-05-22,24.255,GBP
QQQ,2026-05-22,717.54,USD
SGLN.L,2026-05-22,6524,GBp
0639.HK,2026-05-26,2.58,HKD
0P00000YAN,2026-05-26,185.17,USD
BCHS.L,2026-05-26,14354,GBp
CNX1.L,2026-05-26,127830,GBp
DPYG.L,2026-05-26,5.312,GBP
EWQX.L,2026-05-26,595.7,GBp
FLOS.L,2026-05-26,472.9,GBp
GB00B1FXTF86,2026-05-26,7.07,GBP
GHYS.L,2026-05-26,89.06,GBP
GRAB,2026-05-26,3.59,USD
IDTG.L,2026-05-26,2.927,GBP
IE0008368742,2026-05-26,206.61,USD
IE00B0M63516,2026-05-26,29.15,USD
IGLS.L,2026-05-26,126.83,GBP
IGWD.L,2026-05-26,13071,GBp
INXG.L,2026-05-26,10.942,GBP
ISPE.L,2026-05-26,7.227,GBP
IUAG.L,2026-05-26,92.67,USD
IWDG.L,2026-05-26,1227.5,GBp
JFM0003373,2026-05-26,185.17,USD
KNSL,2026-05-26,312.02,USD
LU0164881194,2026-05-26,285.25,USD
LU0196696453,2026-05-26,20.74,USD
MU0129U00005,2026-05-26,302.20,USD
QNTG.L,2026-05-26,24.14,GBP
QQQ,2026-05-26,730.28,USD
SGLN.L,2026-05-26,6503,GBp
0639.HK,2026-05-27,2.7,HKD
BCHS.L,2026-05-27,14288,GBp
CNX1.L,2026-05-27,127820,GBp
DPYG.L,2026-05-27,5.342,GBP
EWQX.L,2026-05-27,590.8,GBp
FLOS.L,2026-05-27,472.6,GBp
GB00B1FXTF86,2026-05-27,7.16,GBP
GHYS.L,2026-05-27,89.08,GBP
GRAB,2026-05-27,3.64,USD
IDTG.L,2026-05-27,2.9385,GBP
IE0008368742,2026-05-27,206.86,USD
IE00B0M63516,2026-05-27,29.21,USD
IGLS.L,2026-05-27,127,GBP
IGWD.L,2026-05-27,13068,GBp
INXG.L,2026-05-27,10.958,GBP
ISPE.L,2026-05-27,7.24,GBP
IUAG.L,2026-05-27,92.83,USD
IWDG.L,2026-05-27,1226.5,GBp
KNSL,2026-05-27,306.07,USD
LU0164881194,2026-05-27,284.89,USD
LU0196696453,2026-05-27,20.67,USD
MU0129U00005,2026-05-27,301.96,USD
QNTG.L,2026-05-27,24.03,GBP
QQQ,2026-05-27,729.45,USD
SGLN.L,2026-05-27,6411,GBp
0639.HK,2026-05-28,2.62,HKD
0P00000YAN,2026-05-28,184.43,USD
BCHS.L,2026-05-28,14642,GBp
CNX1.L,2026-05-28,129080,GBp
DPYG.L,2026-05-28,5.317,GBP
EWQX.L,2026-05-28,595.85,GBp
FLOS.L,2026-05-28,473.175,GBp
GHYS.L,2026-05-28,89,GBP
GRAB,2026-05-28,3.54,USD
IDTG.L,2026-05-28,2.947,GBP
IE0008368742,2026-05-28,203.85,USD
IE00B0M63516,2026-05-28,29.10,USD
IGLS.L,2026-05-28,127.15,GBP
IGWD.L,2026-05-28,13112,GBp
INXG.L,2026-05-28,11.008,GBP
ISPE.L,2026-05-28,7.255,GBP
IUAG.L,2026-05-28,92.99,USD
IWDG.L,2026-05-28,1232,GBp
JFM0003373,2026-05-28,184.43,USD
KNSL,2026-05-28,307.98,USD
LU0196696453,2026-05-28,20.61,USD
QNTG.L,2026-05-28,24.76,GBP
QQQ,2026-05-28,735.6,USD
SGLN.L,2026-05-28,6468,GBp
0639.HK,2026-05-29,2.72,HKD
0P00000YAN,2026-05-29,184.83,USD
BCHS.L,2026-05-29,14740,GBp
CNX1.L,2026-05-29,129230,GBp
DPYG.L,2026-05-29,5.287,GBP
EWQX.L,2026-05-29,597.55,GBp
FLOS.L,2026-05-29,472.95,GBp
GB00B1FXTF86,2026-05-29,7.15,GBP
GHYS.L,2026-05-29,89.35,GBP
GRAB,2026-05-29,3.54,USD
IDTG.L,2026-05-29,2.957,GBP
IE0008368742,2026-05-29,205.18,USD
IE00B0M63516,2026-05-29,28.64,USD
IGLS.L,2026-05-29,127.12,GBP
IGWD.L,2026-05-29,13162,GBp
INXG.L,2026-05-29,11.006,GBP
ISPE.L,2026-05-29,7.276,GBP
IUAG.L,2026-05-29,93.31,USD
IWDG.L,2026-05-29,1236.5,GBp
JFM0003373,2026-05-29,184.83,USD
KNSL,2026-05-29,304.77,USD
LU0164881194,2026-05-29,283.09,USD
LU0196696453,2026-05-29,20.26,USD
MU0129U00005,2026-05-29,299.85,USD
QNTG.L,2026-05-29,24.635,GBP
QQQ,2026-05-29,738.31,USD
SGLN.L,2026-05-29,6591,GBp
0639.HK,2026-06-01,2.88,HKD
BCHS.L,2026-06-01,15064,GBp
CNX1.L,2026-06-01,130110,GBp
DPYG.L,2026-06-01,5.221,GBP
EWQX.L,2026-06-01,606.4,GBp
FLOS.L,2026-06-01,473.1,GBp
GB00B1FXTF86,2026-06-01,7.02,GBP
GHYS.L,2026-06-01,88.88,GBP
GRAB,2026-06-01,3.61,USD
IDTG.L,2026-06-01,2.938,GBP
IE00B0M63516,2026-06-01,28.66,USD
IGLS.L,2026-06-01,126.88,GBP
IGWD.L,2026-06-01,13151,GBp
INXG.L,2026-06-01,10.96,GBP
ISPE.L,2026-06-01,7.273,GBP
IUAG.L,2026-06-01,93.02,USD
IWDG.L,2026-06-01,1235.5,GBp
KNSL,2026-06-01,303.53,USD
LU0164881194,2026-06-01,280.63,USD
LU0196696453,2026-06-01,20.20,USD
MU0129U00005,2026-06-01,297.10,USD
QNTG.L,2026-06-01,25.445,GBP
QQQ,2026-06-01,742.74,USD
SGLN.L,2026-06-01,6461,GBp
0639.HK,2026-06-02,2.78,HKD
0P00000YAN,2026-06-02,186.7,USD
BCHS.L,2026-06-02,14970,GBp
CNX1.L,2026-06-02,130500,GBp
DPYG.L,2026-06-02,5.207,GBP
EWQX.L,2026-06-02,607.85,GBp
FLOS.L,2026-06-02,473.5,GBp
GB00B1FXTF86,2026-06-02,7.05,GBP
GHYS.L,2026-06-02,88.88,GBP
GRAB,2026-06-02,3.6,USD
IDTG.L,2026-06-02,2.9585,GBP
IE0008368742,2026-06-02,210.51,USD
IE00B0M63516,2026-06-02,28.68,USD
IGLS.L,2026-06-02,126.99,GBP
IGWD.L,2026-06-02,13214,GBp
INXG.L,2026-06-02,10.986,GBP
ISPE.L,2026-06-02,7.292,GBP
IUAG.L,2026-06-02,93.17,USD
IWDG.L,2026-06-02,1242,GBp
JFM0003373,2026-06-02,186.7,USD
KNSL,2026-06-02,295.4,USD
LU0164881194,2026-06-02,280.74,USD
LU0196696453,2026-06-02,20.40,USD
MU0129U00005,2026-06-02,297.83,USD
QNTG.L,2026-06-02,25.585,GBP
QQQ,2026-06-02,746.16,USD
SGLN.L,2026-06-02,6488,GBp
0639.HK,2026-06-03,2.78,HKD
0P00000YAN,2026-06-03,185.9,USD
BCHS.L,2026-06-03,14710,GBp
CNX1.L,2026-06-03,130720,GBp
DPYG.L,2026-06-03,5.2195,GBP
EWQX.L,2026-06-03,612.6,GBp
FLOS.L,2026-06-03,473.4,GBp
GB00B1FXTF86,2026-06-03,7.00,GBP
GHYS.L,2026-06-03,88.97,GBP
GRAB,2026-06-03,3.41,USD
IDTG.L,2026-06-03,2.9425,GBP
IE0008368742,2026-06-03,209.15,USD
IE00B0M63516,2026-06-03,27.90,USD
IGLS.L,2026-06-03,126.82,GBP
IGWD.L,2026-06-03,13156,GBp
INXG.L,2026-06-03,10.862,GBP
ISPE.L,2026-06-03,7.296,GBP
IUAG.L,2026-06-03,92.9,USD
IWDG.L,2026-06-03,1236,GBp
JFM0003373,2026-06-03,185.9,USD
KNSL,2026-06-03,290.2,USD
LU0164881194,2026-06-03,278.98,USD
LU0196696453,2026-06-03,19.84,USD
MU0129U00005,2026-06-03,294.42,USD
QNTG.L,2026-06-03,25.18,GBP
QQQ,2026-06-03,744.21,USD
SGLN.L,2026-06-03,6414,GBp
0639.HK,2026-06-04,2.89,HKD
0P00000YAN,2026-06-04,184.55,USD
BCHS.L,2026-06-04,14470,GBp
CNX1.L,2026-06-04,129900,GBp
DPYG.L,2026-06-04,5.239,GBP
EWQX.L,2026-06-04,611.2,GBp
FLOS.L,2026-06-04,473.5,GBp
GB00B1FXTF86,2026-06-04,7.02,GBP
GHYS.L,2026-06-04,89.05,GBP
GRAB,2026-06-04,3.46,USD
IDTG.L,2026-06-04,2.9555,GBP
IE0008368742,2026-06-04,206.21,USD
IE00B0M63516,2026-06-04,27.80,USD
IGLS.L,2026-06-04,126.92,GBP
IGWD.L,2026-06-04,13171,GBp
INXG.L,2026-06-04,10.91,GBP
ISPE.L,2026-06-04,7.324,GBP
IUAG.L,2026-06-04,93.1,USD
IWDG.L,2026-06-04,1237.5,GBp
JFM0003373,2026-06-04,184.55,USD
KNSL,2026-06-04,295.7,USD
LU0164881194,2026-06-04,279.92,USD
MU0129U00005,2026-06-04,294.92,USD
QNTG.L,2026-06-04,24.91,GBP
QQQ,2026-06-04,740.61,USD
SGLN.L,2026-06-04,6459,GBp
0639.HK,2026-06-05,2.78,HKD
0P00000YAN,2026-06-05,182.34,USD
BCHS.L,2026-06-05,13550,GBp
CNX1.L,2026-06-05,127380,GBp
DPYG.L,2026-06-05,5.2715,GBP
EWQX.L,2026-06-05,600.1,GBp
FLOS.L,2026-06-05,473.35,GBp
GB00B1FXTF86,2026-06-05,7.07,GBP
GHYS.L,2026-06-05,88.87,GBP
GRAB,2026-06-05,3.34,USD
IDTG.L,2026-06-05,2.9395,GBP
IE0008368742,2026-06-05,203.05,USD
IE00B0M63516,2026-06-05,27.38,USD
IGLS.L,2026-06-05,126.91,GBP
IGWD.L,2026-06-05,13028,GBp
INXG.L,2026-06-05,10.908,GBP
ISPE.L,2026-06-05,7.291,GBP
IUAG.L,2026-06-05,92.69,USD
IWDG.L,2026-06-05,1224.5,GBp
JFM0003373,2026-06-05,182.34,USD
KNSL,2026-06-05,306.12,USD
LU0164881194,2026-06-05,281.40,USD
LU0196696453,2026-06-05,19.61,USD
MU0129U00005,2026-06-05,297.26,USD
QNTG.L,2026-06-05,23.53,GBP
QQQ,2026-06-05,705.06,USD
SGLN.L,2026-06-05,6307,GBp
0639.HK,2026-06-08,2.78,HKD
0P00000YAN,2026-06-08,178.39,USD
BCHS.L,2026-06-08,14032,GBp
CNX1.L,2026-06-08,127170,GBp
DPYG.L,2026-06-08,5.236,GBP
EWQX.L,2026-06-08,601.4,GBp
FLOS.L,2026-06-08,473.725,GBp
GB00B1FXTF86,2026-06-08,6.97,GBP
GHYS.L,2026-06-08,88.86,GBP
GRAB,2026-06-08,3.33,USD
IDTG.L,2026-06-08,2.9315,GBP
IE0008368742,2026-06-08,198.25,USD
IE00B0M63516,2026-06-08,26.93,USD
IGLS.L,2026-06-08,126.84,GBP
IGWD.L,2026-06-08,12955,GBp
INXG.L,2026-06-08,10.85,GBP
ISPE.L,2026-06-08,7.253,GBP
IUAG.L,2026-06-08,92.6,USD
IWDG.L,2026-06-08,1217,GBp
JFM0003373,2026-06-08,178.39,USD
KNSL,2026-06-08,299.07,USD
LU0164881194,2026-06-08,275.92,USD
LU0196696453,2026-06-08,19.20,USD
MU0129U00005,2026-06-08,291.45,USD
QNTG.L,2026-06-08,23.795,GBP
QQQ,2026-06-08,716.07,USD
SGLN.L,2026-06-08,6303,GBp
0639.HK,2026-06-09,2.73,HKD
0P00000YAN,2026-06-09,181.3,USD
BCHS.L,2026-06-09,13624,GBp
CNX1.L,2026-06-09,123590,GBp
DPYG.L,2026-06-09,5.288,GBP
EWQX.L,2026-06-09,584.4,GBp
FLOS.L,2026-06-09,473.8,GBp
GB00B1FXTF86,2026-06-09,7.07,GBP
GHYS.L,2026-06-09,89.41,GBP
GRAB,2026-06-09,3.3,USD
IDTG.L,2026-06-09,2.929,GBP
IE0008368742,2026-06-09,200.71,USD
IE00B0M63516,2026-06-09,27.08,USD
IGLS.L,2026-06-09,126.91,GBP
IGWD.L,2026-06-09,12790,GBp
INXG.L,2026-06-09,10.896,GBP
ISPE.L,2026-06-09,7.215,GBP
IUAG.L,2026-06-09,92.645,USD
IWDG.L,2026-06-09,1202,GBp
JFM0003373,2026-06-09,181.3,USD
KNSL,2026-06-09,303.25,USD
LU0164881194,2026-06-09,278.95,USD
LU0196696453,2026-06-09,19.34,USD
MU0129U00005,2026-06-09,294.11,USD
QNTG.L,2026-06-09,22.55,GBP
QQQ,2026-06-09,707.83,USD
SGLN.L,2026-06-09,6192,GBp
0639.HK,2026-06-10,2.65,HKD
0P00000YAN,2026-06-10,179.99,USD
BCHS.L,2026-06-10,13434,GBp
CNX1.L,2026-06-10,123230,GBp
DPYG.L,2026-06-10,5.348,GBP
EWQX.L,2026-06-10,583.3,GBp
FLOS.L,2026-06-10,473.65,GBp
GB00B1FXTF86,2026-06-10,7.06,GBP
GHYS.L,2026-06-10,88.97,GBP
GRAB,2026-06-10,3.27,USD
IDTG.L,2026-06-10,2.9435,GBP
IE0008368742,2026-06-10,197.96,USD
IE00B0M63516,2026-06-10,27.12,USD
IGLS.L,2026-06-10,126.9,GBP
IGWD.L,2026-06-10,12777,GBp
INXG.L,2026-06-10,10.878,GBP
ISPE.L,2026-06-10,7.25,GBP
IUAG.L,2026-06-10,92.89,USD
IWDG.L,2026-06-10,1200.5,GBp
JFM0003373,2026-06-10,179.99,USD
KNSL,2026-06-10,313.57,USD
LU0164881194,2026-06-10,278.35,USD
LU0196696453,2026-06-10,19.05,USD
MU0129U00005,2026-06-10,293.81,USD
QNTG.L,2026-06-10,22.61,GBP
QQQ,2026-06-10,693.69,USD
SGLN.L,2026-06-10,5981,GBp
0639.HK,2026-06-11,2.61,HKD
0P00000YAN,2026-06-11,181.04,USD
BCHS.L,2026-06-11,13574,GBp
CNX1.L,2026-06-11,123910,GBp
DPYG.L,2026-06-11,5.334,GBP
EWQX.L,2026-06-11,588.7,GBp
FLOS.L,2026-06-11,474.3,GBp
GB00B1FXTF86,2026-06-11,6.99,GBP
GHYS.L,2026-06-11,88.97,GBP
GRAB,2026-06-11,3.35,USD
IDTG.L,2026-06-11,2.949,GBP
IE0008368742,2026-06-11,196.80,USD
IE00B0M63516,2026-06-11,27.20,USD
IGLS.L,2026-06-11,126.99,GBP
IGWD.L,2026-06-11,12767,GBp
INXG.L,2026-06-11,10.902,GBP
ISPE.L,2026-06-11,7.228,GBP
IUAG.L,2026-06-11,92.92,USD
IWDG.L,2026-06-11,1199.5,GBp
JFM0003373,2026-06-11,181.04,USD
KNSL,2026-06-11,310.66,USD
LU0164881194,2026-06-11,275.24,USD
LU0196696453,2026-06-11,19.24,USD
MU0129U00005,2026-06-11,291.45,USD
QNTG.L,2026-06-11,22.655,GBP
QQQ,2026-06-11,717.12,USD
SGLN.L,2026-06-11,5931,GBp
0639.HK,2026-06-12,2.68,HKD
0P00000YAN,2026-06-12,183.23,USD
BCHS.L,2026-06-12,14320,GBp
CNX1.L,2026-06-12,126970,GBp
DPYG.L,2026-06-12,5.397,GBP
EWQX.L,2026-06-12,603.4,GBp
FLOS.L,2026-06-12,474.15,GBp
GB00B1FXTF86,2026-06-12,7.19,GBP
GHYS.L,2026-06-12,89.07,GBP
GRAB,2026-06-12,3.3,USD
IDTG.L,2026-06-12,2.9625,GBP
IE0008368742,2026-06-12,199.22,USD
IE00B0M63516,2026-06-12,28.35,USD
IGLS.L,2026-06-12,127.26,GBP
IGWD.L,2026-06-12,13021,GBp
INXG.L,2026-06-12,10.95,GBP
ISPE.L,2026-06-12,7.363,GBP
IUAG.L,2026-06-12,93.14,USD
IWDG.L,2026-06-12,1223.5,GBp
JFM0003373,2026-06-12,183.23,USD
KNSL,2026-06-12,311.38,USD
LU0164881194,2026-06-12,284.35,USD
LU0196696453,2026-06-12,19.90,USD
MU0129U00005,2026-06-12,299.95,USD
QNTG.L,2026-06-12,23.48,GBP
QQQ,2026-06-12,721.34,USD
SGLN.L,2026-06-12,6103,GBp
0639.HK,2026-06-15,2.61,HKD
0P00000YAN,2026-06-15,186.79,USD
BCHS.L,2026-06-15,14654,GBp
CNX1.L,2026-06-15,130390,GBp
DPYG.L,2026-06-15,5.38,GBP
EWQX.L,2026-06-15,616.7,GBp
FLOS.L,2026-06-15,474.125,GBp
GB00B1FXTF86,2026-06-15,7.24,GBP
GHYS.L,2026-06-15,89.95,GBP
GRAB,2026-06-15,3.46,USD
IDTG.L,2026-06-15,2.963,GBP
IE0008368742,2026-06-15,203.25,USD
IE00B0M63516,2026-06-15,28.63,USD
IGLS.L,2026-06-15,127.42,GBP
IGWD.L,2026-06-15,13195,GBp
INXG.L,2026-06-15,10.904,GBP
ISPE.L,2026-06-15,7.429,GBP
IUAG.L,2026-06-15,93.31,USD
IWDG.L,2026-06-15,1239,GBp
JFM0003373,2026-06-15,186.79,USD
KNSL,2026-06-15,311.83,USD
LU0164881194,2026-06-15,290.33,USD
LU0196696453,2026-06-15,20.09,USD
MU0129U00005,2026-06-15,305.80,USD
QNTG.L,2026-06-15,24.04,GBP
QQQ,2026-06-15,744,USD
SGLN.L,2026-06-15,6286,GBp
0639.HK,2026-06-16,2.6,HKD
0P00000YAN,2026-06-16,187.68,USD
BCHS.L,2026-06-16,14682,GBp
CNX1.L,2026-06-16,129400,GBp
DPYG.L,2026-06-16,5.364,GBP
EWQX.L,2026-06-16,611.65,GBp
FLOS.L,2026-06-16,474.175,GBp
GB00B1FXTF86,2026-06-16,7.29,GBP
GHYS.L,2026-06-16,89.22,GBP
GRAB,2026-06-16,3.49,USD
IDTG.L,2026-06-16,2.9735,GBP
IE0008368742,2026-06-16,201.88,USD
IE00B0M63516,2026-06-16,28.07,USD
IGLS.L,2026-06-16,127.36,GBP
IGWD.L,2026-06-16,13196,GBp
INXG.L,2026-06-16,10.954,GBP
ISPE.L,2026-06-16,7.41,GBP
IUAG.L,2026-06-16,93.41,USD
IWDG.L,2026-06-16,1239,GBp
JFM0003373,2026-06-16,187.68,USD
KNSL,2026-06-16,312.69,USD
LU0164881194,2026-06-16,290.99,USD
LU0196696453,2026-06-16,19.66,USD
MU0129U00005,2026-06-16,307.60,USD
QNTG.L,2026-06-16,23.405,GBP
QQQ,2026-06-16,729.86,USD
SGLN.L,2026-06-16,6255,GBp
0639.HK,2026-06-17,2.5,HKD
0P00000YAN,2026-06-17,188.32,USD
BCHS.L,2026-06-17,14854,GBp
CNX1.L,2026-06-17,129020,GBp
DPYG.L,2026-06-17,5.3265,GBP
EWQX.L,2026-06-17,613.55,GBp
FLOS.L,2026-06-17,473.95,GBp
GB00B1FXTF86,2026-06-17,7.35,GBP
GHYS.L,2026-06-17,89.535,GBP
GRAB,2026-06-17,3.45,USD
IDTG.L,2026-06-17,2.985,GBP
IE0008368742,2026-06-17,201.21,USD
IE00B0M63516,2026-06-17,28.60,USD
IGLS.L,2026-06-17,127.52,GBP
IGWD.L,2026-06-17,13188,GBp
INXG.L,2026-06-17,11.008,GBP
ISPE.L,2026-06-17,7.408,GBP
IUAG.L,2026-06-17,93.45,USD
IWDG.L,2026-06-17,1238.5,GBp
JFM0003373,2026-06-17,188.32,USD
KNSL,2026-06-17,309.22,USD
LU0164881194,2026-06-17,291.50,USD
LU0196696453,2026-06-17,20.04,USD
MU0129U00005,2026-06-17,308.03,USD
QNTG.L,2026-06-17,23.315,GBP
QQQ,2026-06-17,722.51,USD
SGLN.L,2026-06-17,6312,GBp
0639.HK,2026-06-18,2.43,HKD
0P00000YAN,2026-06-18,188.29,USD
BCHS.L,2026-06-18,14932,GBp
CNX1.L,2026-06-18,131290,GBp
DPYG.L,2026-06-18,5.28,GBP
EWQX.L,2026-06-18,621.8,GBp
FLOS.L,2026-06-18,474.325,GBp
GB00B1FXTF86,2026-06-18,7.51,GBP
GHYS.L,2026-06-18,89.6,GBP
GRAB,2026-06-18,3.57,USD
IDTG.L,2026-06-18,2.938,GBP
IE0008368742,2026-06-18,200.81,USD
IE00B0M63516,2026-06-18,27.44,USD
IGLS.L,2026-06-18,127.52,GBP
IGWD.L,2026-06-18,13127,GBp
INXG.L,2026-06-18,11.002,GBP
ISPE.L,2026-06-18,7.331,GBP
IUAG.L,2026-06-18,93.34,USD
IWDG.L,2026-06-18,1233.5,GBp
JFM0003373,2026-06-18,188.29,USD
KNSL,2026-06-18,308.85,USD
LU0164881194,2026-06-18,291.59,USD
LU0196696453,2026-06-18,19.38,USD
MU0129U00005,2026-06-18,308.46,USD
QNTG.L,2026-06-18,23.465,GBP
QQQ,2026-06-18,740.62,USD
SGLN.L,2026-06-18,6203,GBp
BCHS.L,2026-06-19,14936,GBp
CNX1.L,2026-06-19,131830,GBp
DPYG.L,2026-06-19,5.27,GBP
EWQX.L,2026-06-19,622.2,GBp
FLOS.L,2026-06-19,474.35,GBp
GB00B1FXTF86,2026-06-19,7.51,GBP
GHYS.L,2026-06-19,89.12,GBP
IDTG.L,2026-06-19,2.9135,GBP
IE00B0M63516,2026-06-19,27.51,USD
IGLS.L,2026-06-19,127.3,GBP
IGWD.L,2026-06-19,13141,GBp
INXG.L,2026-06-19,10.882,GBP
ISPE.L,2026-06-19,7.313,GBP
IUAG.L,2026-06-19,93.12,USD
IWDG.L,2026-06-19,1233.5,GBp
LU0164881194,2026-06-19,290.31,USD
LU0196696453,2026-06-19,19.36,USD
QNTG.L,2026-06-19,23.565,GBP
SGLN.L,2026-06-19,6092,GBp
0639.HK,2026-06-22,2.4,HKD
0P00000YAN,2026-06-22,185.63,USD
BCHS.L,2026-06-22,15266,GBp
CNX1.L,2026-06-22,131260,GBp
DPYG.L,2026-06-22,5.312,GBP
EWQX.L,2026-06-22,619.95,GBp
FLOS.L,2026-06-22,474.3,GBp
GB00B1FXTF86,2026-06-22,7.52,GBP
GHYS.L,2026-06-22,89.31,GBP
GRAB,2026-06-22,3.49,USD
IDTG.L,2026-06-22,2.9125,GBP
IE0008368742,2026-06-22,201.89,USD
IE00B0M63516,2026-06-22,27.93,USD
IGLS.L,2026-06-22,127.38,GBP
IGWD.L,2026-06-22,13130,GBp
INXG.L,2026-06-22,10.918,GBP
ISPE.L,2026-06-22,7.333,GBP
IUAG.L,2026-06-22,93.025,USD
IWDG.L,2026-06-22,1234.5,GBp
JFM0003373,2026-06-22,185.63,USD
KNSL,2026-06-22,295.05,USD
LU0164881194,2026-06-22,290.98,USD
LU0196696453,2026-06-22,19.64,USD
MU0129U00005,2026-06-22,307.14,USD
QNTG.L,2026-06-22,23.655,GBP
QQQ,2026-06-22,737.95,USD
SGLN.L,2026-06-22,6132,GBp
0639.HK,2026-06-23,2.35,HKD
0P00000YAN,2026-06-23,184.05,USD
BCHS.L,2026-06-23,14648,GBp
CNX1.L,2026-06-23,128250,GBp
DPYG.L,2026-06-23,5.334,GBP
EWQX.L,2026-06-23,610,GBp
FLOS.L,2026-06-23,474.6,GBp
GB00B1FXTF86,2026-06-23,7.47,GBP
GHYS.L,2026-06-23,89.335,GBP
GRAB,2026-06-23,3.46,USD
IDTG.L,2026-06-23,2.9165,GBP
IE0008368742,2026-06-23,196.46,USD
IE00B0M63516,2026-06-23,27.65,USD
IGLS.L,2026-06-23,127.62,GBP
IGWD.L,2026-06-23,12963,GBp
INXG.L,2026-06-23,10.98,GBP
ISPE.L,2026-06-23,7.296,GBP
IUAG.L,2026-06-23,93.14,USD
IWDG.L,2026-06-23,1218.5,GBp
JFM0003373,2026-06-23,184.05,USD
KNSL,2026-06-23,304.48,USD
MU0129U00005,2026-06-23,304.83,USD
QNTG.L,2026-06-23,23.57,GBP
QQQ,2026-06-23,713.65,USD
SGLN.L,2026-06-23,6078,GBp
0639.HK,2026-06-24,2.33,HKD
0P00000YAN,2026-06-24,183.07,USD
BCHS.L,2026-06-24,14304,GBp
CNX1.L,2026-06-24,128590,GBp
DPYG.L,2026-06-24,5.365,GBP
EWQX.L,2026-06-24,614.2,GBp
FLOS.L,2026-06-24,474.5,GBp
GB00B1FXTF86,2026-06-24,7.50,GBP
GHYS.L,2026-06-24,89.3,GBP
GRAB,2026-06-24,3.49,USD
IDTG.L,2026-06-24,2.9515,GBP
IE0008368742,2026-06-24,195.21,USD
IE00B0M63516,2026-06-24,27.44,USD
IGLS.L,2026-06-24,127.75,GBP
IGWD.L,2026-06-24,13024.5,GBp
INXG.L,2026-06-24,11.046,GBP
ISPE.L,2026-06-24,7.38,GBP
IUAG.L,2026-06-24,93.7,USD
IWDG.L,2026-06-24,1224,GBp
JFM0003373,2026-06-24,183.07,USD
KNSL,2026-06-24,310.39,USD
LU0164881194,2026-06-24,289.75,USD
LU0196696453,2026-06-24,19.31,USD
MU0129U00005,2026-06-24,307.93,USD
QNTG.L,2026-06-24,23.28,GBP
QQQ,2026-06-24,710.62,USD
SGLN.L,2026-06-24,5906,GBp
0639.HK,2026-06-25,2.29,HKD
0P00000YAN,2026-06-25,183.79,USD
BCHS.L,2026-06-25,13876,GBp
CNX1.L,2026-06-25,127550,GBp
DPYG.L,2026-06-25,5.361,GBP
EWQX.L,2026-06-25,612.55,GBp
FLOS.L,2026-06-25,474.625,GBp
GB00B1FXTF86,2026-06-25,7.52,GBP
GHYS.L,2026-06-25,89.515,GBP
GRAB,2026-06-25,3.46,USD
IDTG.L,2026-06-25,2.9585,GBP
IE0008368742,2026-06-25,193.46,USD
IE00B0M63516,2026-06-25,27.76,USD
IGLS.L,2026-06-25,127.83,GBP
IGWD.L,2026-06-25,12971,GBp
INXG.L,2026-06-25,11.054,GBP
ISPE.L,2026-06-25,7.4175,GBP
IUAG.L,2026-06-25,93.83,USD
IWDG.L,2026-06-25,1220.5,GBp
JFM0003373,2026-06-25,183.79,USD
KNSL,2026-06-25,308.43,USD
LU0164881194,2026-06-25,290.23,USD
LU0196696453,2026-06-25,19.67,USD
MU0129U00005,2026-06-25,308.97,USD
QNTG.L,2026-06-25,22.79,GBP
QQQ,2026-06-25,716.38,USD
SGLN.L,2026-06-25,5910,GBp
0639.HK,2026-06-26,2.11,HKD
0P00000YAN,2026-06-26,182.96,USD
BCHS.L,2026-06-26,13992,GBp
CNX1.L,2026-06-26,127340,GBp
DPYG.L,2026-06-26,5.4345,GBP
EWQX.L,2026-06-26,611.2,GBp
FLOS.L,2026-06-26,474.8,GBp
GHYS.L,2026-06-26,89.5,GBP
GRAB,2026-06-26,3.55,USD
IDTG.L,2026-06-26,2.9525,GBP
IE0008368742,2026-06-26,188.25,USD
IE00B0M63516,2026-06-26,28.05,USD
IGLS.L,2026-06-26,127.73,GBP
IGWD.L,2026-06-26,12968,GBp
INXG.L,2026-06-26,10.954,GBP
ISPE.L,2026-06-26,7.438,GBP
IUAG.L,2026-06-26,93.75,USD
IWDG.L,2026-06-26,1218.5,GBp
JFM0003373,2026-06-26,182.96,USD
KNSL,2026-06-26,328.43,USD
LU0196696453,2026-06-26,19.82,USD
QNTG.L,2026-06-26,22.705,GBP
QQQ,2026-06-26,706.52,USD
SGLN.L,2026-06-26,5994,GBp
0639.HK,2026-06-29,2.18,HKD
0P00000YAN,2026-06-29,184.72,USD
BCHS.L,2026-06-29,13826,GBp
CNX1.L,2026-06-29,127680,GBp
DPYG.L,2026-06-29,5.4005,GBP
EWQX.L,2026-06-29,614.1,GBp
FLOS.L,2026-06-29,474.7,GBp
GB00B1FXTF86,2026-06-29,7.45,GBP
GHYS.L,2026-06-29,89.16,GBP
GRAB,2026-06-29,3.74,USD
IDTG.L,2026-06-29,2.95,GBP
IE0008368742,2026-06-29,191.38,USD
IE00B0M63516,2026-06-29,27.84,USD
IGLS.L,2026-06-29,127.79,GBP
IGWD.L,2026-06-29,13011,GBp
INXG.L,2026-06-29,10.998,GBP
ISPE.L,2026-06-29,7.417,GBP
IUAG.L,2026-06-29,93.65,USD
IWDG.L,2026-06-29,1222,GBp
JFM0003373,2026-06-29,184.72,USD
KNSL,2026-06-29,332.02,USD
LU0164881194,2026-06-29,289.38,USD
LU0196696453,2026-06-29,19.81,USD
MU0129U00005,2026-06-29,307.64,USD
QNTG.L,2026-06-29,22.575,GBP
QQQ,2026-06-29,724.08,USD
SGLN.L,2026-06-29,5887,GBp
0639.HK,2026-06-30,2.16,HKD
0P00000YAN,2026-06-30,184.16,USD
BCHS.L,2026-06-30,13838,GBp
CNX1.L,2026-06-30,130520,GBp
DPYG.L,2026-06-30,5.364,GBP
EWQX.L,2026-06-30,622.6,GBp
FLOS.L,2026-06-30,475.25,GBp
GB00B1FXTF86,2026-06-30,7.45,GBP
GHYS.L,2026-06-30,89.34,GBP
GRAB,2026-06-30,3.77,USD
IDTG.L,2026-06-30,2.9385,GBP
IE0008368742,2026-06-30,193.73,USD
IE00B0M63516,2026-06-30,27.76,USD
IGLS.L,2026-06-30,127.72,GBP
IGWD.L,2026-06-30,13133,GBp
INXG.L,2026-06-30,10.94,GBP
ISPE.L,2026-06-30,7.431,GBP
IUAG.L,2026-06-30,93.51,USD
IWDG.L,2026-06-30,1233,GBp
JFM0003373,2026-06-30,184.16,USD
KNSL,2026-06-30,329.81,USD
LU0164881194,2026-06-30,288.53,USD
LU0196696453,2026-06-30,19.63,USD
MU0129U00005,2026-06-30,306.62,USD
QNTG.L,2026-06-30,23.07,GBP
QQQ,2026-06-30,736.4,USD
SGLN.L,2026-06-30,5895,GBp
BCHS.L,2026-07-01,13710,GBp
CNX1.L,2026-07-01,130040,GBp
DPYG.L,2026-07-01,5.352,GBP
EWQX.L,2026-07-01,623.5,GBp
FLOS.L,2026-07-01,475.25,GBp
GB00B1FXTF86,2026-07-01,7.43,GBP
GHYS.L,2026-07-01,89.48,GBP
GRAB,2026-07-01,3.89,USD
IDTG.L,2026-07-01,2.9055,GBP
IE00B0M63516,2026-07-01,27.69,USD
IGLS.L,2026-07-01,127.78,GBP
IGWD.L,2026-07-01,13177,GBp
INXG.L,2026-07-01,10.932,GBP
ISPE.L,2026-07-01,7.49,GBP
IUAG.L,2026-07-01,93.26,USD
IWDG.L,2026-07-01,1237.5,GBp
KNSL,2026-07-01,345.27,USD
LU0164881194,2026-07-01,290.77,USD
LU0196696453,2026-07-01,19.62,USD
QNTG.L,2026-07-01,22.96,GBP
QQQ,2026-07-01,725.17,USD
SGLN.L,2026-07-01,5960,GBp
0639.HK,2026-07-02,2.18,HKD
0P00000YAN,2026-07-02,185.93,USD
BCHS.L,2026-07-02,13368,GBp
CNX1.L,2026-07-02,126840,GBp
DPYG.L,2026-07-02,5.392,GBP
EWQX.L,2026-07-02,611.2,GBp
FLOS.L,2026-07-02,475.25,GBp
GB00B1FXTF86,2026-07-02,7.41,GBP
GHYS.L,2026-07-02,89.36,GBP
GRAB,2026-07-02,3.9,USD
IDTG.L,2026-07-02,2.907,GBP
IE0008368742,2026-07-02,194.23,USD
IE00B0M63516,2026-07-02,27.79,USD
IGLS.L,2026-07-02,127.82,GBP
IGWD.L,2026-07-02,13162,GBp
INXG.L,2026-07-02,10.928,GBP
ISPE.L,2026-07-02,7.496,GBP
IUAG.L,2026-07-02,93.35,USD
IWDG.L,2026-07-02,1236,GBp
JFM0003373,2026-07-02,185.93,USD
KNSL,2026-07-02,354.85,USD
LU0164881194,2026-07-02,292.14,USD
LU0196696453,2026-07-02,19.77,USD
MU0129U00005,2026-07-02,309.87,USD
QNTG.L,2026-07-02,22.51,GBP
QQQ,2026-07-02,712.6,USD
SGLN.L,2026-07-02,5991,GBp
0639.HK,2026-07-03,2.22,HKD
BCHS.L,2026-07-03,13368,GBp
CNX1.L,2026-07-03,127530,GBp
DPYG.L,2026-07-03,5.375,GBP
EWQX.L,2026-07-03,614.85,GBp
FLOS.L,2026-07-03,475.325,GBp
GB00B1FXTF86,2026-07-03,7.40,GBP
GHYS.L,2026-07-03,89.5,GBP
IDTG.L,2026-07-03,2.897,GBP
IE0008368742,2026-07-03,196.07,USD
IE00B0M63516,2026-07-03,28.23,USD
IGLS.L,2026-07-03,127.82,GBP
IGWD.L,2026-07-03,13209,GBp
INXG.L,2026-07-03,10.888,GBP
ISPE.L,2026-07-03,7.494,GBP
IUAG.L,2026-07-03,93.4,USD
IWDG.L,2026-07-03,1240,GBp
LU0164881194,2026-07-03,293.37,USD
LU0196696453,2026-07-03,19.99,USD
MU0129U00005,2026-07-03,310.27,USD
QNTG.L,2026-07-03,22.675,GBP
SGLN.L,2026-07-03,6053,GBp
0639.HK,2026-07-06,2.25,HKD
0P00000YAN,2026-07-06,187.55,USD
BCHS.L,2026-07-06,13714,GBp
CNX1.L,2026-07-06,128170,GBp
DPYG.L,2026-07-06,5.393,GBP
EWQX.L,2026-07-06,614.6,GBp
FLOS.L,2026-07-06,475.425,GBp
GB00B1FXTF86,2026-07-06,7.43,GBP
GHYS.L,2026-07-06,89.62,GBP
GRAB,2026-07-06,3.85,USD
IDTG.L,2026-07-06,2.89325,GBP
IE0008368742,2026-07-06,197.68,USD
IE00B0M63516,2026-07-06,27.95,USD
IGLS.L,2026-07-06,127.83,GBP
IGWD.L,2026-07-06,13246,GBp
INXG.L,2026-07-06,10.878,GBP
ISPE.L,2026-07-06,7.499,GBP
IUAG.L,2026-07-06,93.24,USD
IWDG.L,2026-07-06,1245,GBp
JFM0003373,2026-07-06,187.55,USD
KNSL,2026-07-06,347.23,USD
LU0164881194,2026-07-06,294.69,USD
LU0196696453,2026-07-06,19.76,USD
MU0129U00005,2026-07-06,310.16,USD
QNTG.L,2026-07-06,22.85,GBP
QQQ,2026-07-06,722.82,USD
SGLN.L,2026-07-06,6026,GBp
0639.HK,2026-07-07,2.22,HKD
0P00000YAN,2026-07-07,188.88,USD
BCHS.L,2026-07-07,13230,GBp
CNX1.L,2026-07-07,124730,GBp
DPYG.L,2026-07-07,5.451,GBP
EWQX.L,2026-07-07,604.9,GBp
FLOS.L,2026-07-07,475.45,GBp
GB00B1FXTF86,2026-07-07,7.42,GBP
GHYS.L,2026-07-07,89.715,GBP
GRAB,2026-07-07,3.93,USD
IDTG.L,2026-07-07,2.8795,GBP
IE0008368742,2026-07-07,194.58,USD
IE00B0M63516,2026-07-07,27.98,USD
IGLS.L,2026-07-07,127.7,GBP
IGWD.L,2026-07-07,13150,GBp
INXG.L,2026-07-07,10.806,GBP
ISPE.L,2026-07-07,7.502,GBP
IUAG.L,2026-07-07,93.06,USD
IWDG.L,2026-07-07,1235,GBp
JFM0003373,2026-07-07,188.88,USD
KNSL,2026-07-07,348.73,USD
LU0164881194,2026-07-07,295.28,USD
LU0196696453,2026-07-07,19.90,USD
MU0129U00005,2026-07-07,311.90,USD
QNTG.L,2026-07-07,21.9,GBP
QQQ,2026-07-07,709.43,USD
SGLN.L,2026-07-07,6008,GBp
0639.HK,2026-07-08,2.17,HKD
0P00000YAN,2026-07-08,188.14,USD
BCHS.L,2026-07-08,13054,GBp
CNX1.L,2026-07-08,124120,GBp
DPYG.L,2026-07-08,5.364,GBP
EWQX.L,2026-07-08,597.95,GBp
FLOS.L,2026-07-08,475.625,GBp
GB00B1FXTF86,2026-07-08,7.27,GBP
GHYS.L,2026-07-08,89.605,GBP
GRAB,2026-07-08,3.81,USD
IDTG.L,2026-07-08,2.8515,GBP
IE0008368742,2026-07-08,194.94,USD
IE00B0M63516,2026-07-08,27.68,USD
IGLS.L,2026-07-08,127.3,GBP
IGWD.L,2026-07-08,13046,GBp
INXG.L,2026-07-08,10.722,GBP
ISPE.L,2026-07-08,7.393,GBP
IUAG.L,2026-07-08,92.63,USD
IWDG.L,2026-07-08,1225,GBp
JFM0003373,2026-07-08,188.14,USD
KNSL,2026-07-08,345.96,USD
LU0164881194,2026-07-08,287.59,USD
LU0196696453,2026-07-08,19.56,USD
MU0129U00005,2026-07-08,302.96,USD
QNTG.L,2026-07-08,21.575,GBP
QQQ,2026-07-08,711.44,USD
SGLN.L,2026-07-08,5846,GBp
0639.HK,2026-07-09,2.16,HKD
0P00000YAN,2026-07-09,190.76,USD
BCHS.L,2026-07-09,13592,GBp
CNX1.L,2026-07-09,127090,GBp
DPYG.L,2026-07-09,5.374,GBP
EWQX.L,2026-07-09,610.5,GBp
FLOS.L,2026-07-09,475.725,GBp
GB00B1FXTF86,2026-07-09,7.32,GBP
GHYS.L,2026-07-09,89.69,GBP
GRAB,2026-07-09,3.88,USD
IDTG.L,2026-07-09,2.8645,GBP
IE0008368742,2026-07-09,193.71,USD
IE00B0M63516,2026-07-09,28.13,USD
IGLS.L,2026-07-09,127.56,GBP
IGWD.L,2026-07-09,13201.5,GBp
INXG.L,2026-07-09,10.772,GBP
ISPE.L,2026-07-09,7.47,GBP
IUAG.L,2026-07-09,92.89,USD
IWDG.L,2026-07-09,1240,GBp
JFM0003373,2026-07-09,190.76,USD
KNSL,2026-07-09,338.58,USD
LU0164881194,2026-07-09,291.12,USD
LU0196696453,2026-07-09,19.96,USD
MU0129U00005,2026-07-09,305.37,USD
QNTG.L,2026-07-09,21.92,GBP
QQQ,2026-07-09,723.28,USD
SGLN.L,2026-07-09,5974,GBp
0639.HK,2026-07-10,2.15,HKD
0P00000YAN,2026-07-10,192.11,USD
BCHS.L,2026-07-10,13540,GBp
CNX1.L,2026-07-10,127390,GBp
DPYG.L,2026-07-10,5.362,GBP
EWQX.L,2026-07-10,609.15,GBp
FLOS.L,2026-07-10,475.7,GBp
GB00B1FXTF86,2026-07-10,7.37,GBP
GHYS.L,2026-07-10,89.72,GBP
GRAB,2026-07-10,3.93,USD
IDTG.L,2026-07-10,2.871,GBP
IE0008368742,2026-07-10,193.21,USD
IE00B0M63516,2026-07-10,28.85,USD
IGLS.L,2026-07-10,127.64,GBP
IGWD.L,2026-07-10,13244,GBp
INXG.L,2026-07-10,10.806,GBP
ISPE.L,2026-07-10,7.481,GBP
IUAG.L,2026-07-10,92.945,USD
IWDG.L,2026-07-10,1243.5,GBp
JFM0003373,2026-07-10,192.11,USD
KNSL,2026-07-10,340.57,USD
LU0164881194,2026-07-10,294.92,USD
LU0196696453,2026-07-10,20.47,USD
MU0129U00005,2026-07-10,309.40,USD
QNTG.L,2026-07-10,21.74,GBP
QQQ,2026-07-10,725.51,USD
SGLN.L,2026-07-10,5929,GBp
0639.HK,2026-07-13,2.18,HKD
0P00000YAN,2026-07-13,192.05,USD
BCHS.L,2026-07-13,13276,GBp
CNX1.L,2026-07-13,126600,GBp
DPYG.L,2026-07-13,5.384,GBP
EWQX.L,2026-07-13,607.2,GBp
FLOS.L,2026-07-13,475.95,GBp
GB00B1FXTF86,2026-07-13,7.35,GBP
GHYS.L,2026-07-13,89.59,GBP
GRAB,2026-07-13,3.94,USD
IDTG.L,2026-07-13,2.8515,GBP
IE0008368742,2026-07-13,190.86,USD
IE00B0M63516,2026-07-13,28.79,USD
IGLS.L,2026-07-13,127.33,GBP
IGWD.L,2026-07-13,13228,GBp
INXG.L,2026-07-13,10.768,GBP
ISPE.L,2026-07-13,7.495,GBP
IUAG.L,2026-07-13,92.55,USD
IWDG.L,2026-07-13,1243,GBp
JFM0003373,2026-07-13,192.05,USD
KNSL,2026-07-13,344.96,USD
LU0164881194,2026-07-13,292.58,USD
LU0196696453,2026-07-13,20.39,USD
MU0129U00005,2026-07-13,308.68,USD
QNTG.L,2026-07-13,21.33,GBP
QQQ,2026-07-13,711.74,USD
SGLN.L,2026-07-13,5824,GBp
0639.HK,2026-07-14,2.24,HKD
0P00000YAN,2026-07-14,192.29,USD
BCHS.L,2026-07-14,13392,GBp
CNX1.L,2026-07-14,127120,GBp
DPYG.L,2026-07-14,5.402,GBP
EWQX.L,2026-07-14,605.6,GBp
FLOS.L,2026-07-14,476.025,GBp
GB00B1FXTF86,2026-07-14,7.25,GBP
GHYS.L,2026-07-14,89.41,GBP
GRAB,2026-07-14,3.8,USD
IDTG.L,2026-07-14,2.86,GBP
IE0008368742,2026-07-14,191.12,USD
IE00B0M63516,2026-07-14,29.05,USD
IGLS.L,2026-07-14,127.39,GBP
IGWD.L,2026-07-14,13238,GBp
INXG.L,2026-07-14,10.76,GBP
ISPE.L,2026-07-14,7.457,GBP
IUAG.L,2026-07-14,92.86,USD
IWDG.L,2026-07-14,1243.5,GBp
JFM0003373,2026-07-14,192.29,USD
KNSL,2026-07-14,337.14,USD
LU0164881194,2026-07-14,288.93,USD
LU0196696453,2026-07-14,20.57,USD
MU0129U00005,2026-07-14,304.46,USD
QNTG.L,2026-07-14,21.095,GBP
QQQ,2026-07-14,719.69,USD
SGLN.L,2026-07-14,5914,GBp
0639.HK,2026-07-15,2.32,HKD
0P00000YAN,2026-07-15,193.39,USD
BCHS.L,2026-07-15,13294,GBp
CNX1.L,2026-07-15,125340,GBp
DPYG.L,2026-07-15,5.39,GBP
EWQX.L,2026-07-15,597,GBp
FLOS.L,2026-07-15,475.4,GBp
GB00B1FXTF86,2026-07-15,7.30,GBP
GHYS.L,2026-07-15,89.53,GBP
GRAB,2026-07-15,3.82,USD
IDTG.L,2026-07-15,2.863,GBP
IE0008368742,2026-07-15,193.40,USD
IE00B0M63516,2026-07-15,29.11,USD
IGLS.L,2026-07-15,127.46,GBP
IGWD.L,2026-07-15,13254,GBp
INXG.L,2026-07-15,10.828,GBP
ISPE.L,2026-07-15,7.46,GBP
IUAG.L,2026-07-15,92.85,USD
IWDG.L,2026-07-15,1245.5,GBp
JFM0003373,2026-07-15,193.39,USD
KNSL,2026-07-15,319.61,USD
LU0164881194,2026-07-15,289.93,USD
LU0196696453,2026-07-15,20.51,USD
MU0129U00005,2026-07-15,305.76,USD
QNTG.L,2026-07-15,20.665,GBP
QQQ,2026-07-15,717.74,USD
SGLN.L,2026-07-15,5819,GBp
0639.HK,2026-07-16,2.35,HKD
0P00000YAN,2026-07-16,192.62,USD
BCHS.L,2026-07-16,13024,GBp
CNX1.L,2026-07-16,124570,GBp
DPYG.L,2026-07-16,5.486,GBP
EWQX.L,2026-07-16,595.9,GBp
FLOS.L,2026-07-16,475.775,GBp
GB00B1FXTF86,2026-07-16,7.18,GBP
GHYS.L,2026-07-16,88.66,GBP
GRAB,2026-07-16,3.73,USD
IDTG.L,2026-07-16,2.85,GBP
IE0008368742,2026-07-16,194.29,USD
IE00B0M63516,2026-07-16,28.89,USD
IGLS.L,2026-07-16,124.94,GBP
IGWD.L,2026-07-16,13261,GBp
INXG.L,2026-07-16,10.772,GBP
ISPE.L,2026-07-16,7.509,GBP
IUAG.L,2026-07-16,92.69,USD
IWDG.L,2026-07-16,1240.5,GBp
JFM0003373,2026-07-16,192.62,USD
KNSL,2026-07-16,335.52,USD
LU0164881194,2026-07-16,288.46,USD
LU0196696453,2026-07-16,20.29,USD
MU0129U00005,2026-07-16,305.20,USD
QNTG.L,2026-07-16,20.255,GBP
QQQ,2026-07-16,705.94,USD
SGLN.L,2026-07-16,5776,GBp
0639.HK,2026-07-17,2.27,HKD
0P00000YAN,2026-07-17,192.19,USD
BCHS.L,2026-07-17,12486,GBp
CNX1.L,2026-07-17,121960,GBp
DPYG.L,2026-07-17,5.515,GBP
EWQX.L,2026-07-17,588.25,GBp
FLOS.L,2026-07-17,475.5,GBp
GB00B1FXTF86,2026-07-17,7.25,GBP
GHYS.L,2026-07-17,88.4,GBP
GRAB,2026-07-17,3.57,USD
IDTG.L,2026-07-17,2.873,GBP
IE0008368742,2026-07-17,188.67,USD
IE00B0M63516,2026-07-17,28.67,USD
IGLS.L,2026-07-17,125,GBP
IGWD.L,2026-07-17,13105,GBp
INXG.L,2026-07-17,10.776,GBP
ISPE.L,2026-07-17,7.481,GBP
IUAG.L,2026-07-17,92.985,USD
IWDG.L,2026-07-17,1226.5,GBp
JFM0003373,2026-07-17,192.19,USD
KNSL,2026-07-17,343.99,USD
LU0164881194,2026-07-17,290.65,USD
LU0196696453,2026-07-17,20.12,USD
MU0129U00005,2026-07-17,306.66,USD
QNTG.L,2026-07-17,19.848,GBP
QQQ,2026-07-17,695.33,USD
SGLN.L,2026-07-17,5783,GBp
0639.HK,2026-07-20,2.4,HKD
0P00000YAN,2026-07-20,191.94,USD
BCHS.L,2026-07-20,13054,GBp
CNX1.L,2026-07-20,123440,GBp
DPYG.L,2026-07-20,5.473,GBP
EWQX.L,2026-07-20,593.3,GBp
FLOS.L,2026-07-20,476,GBp
GB00B1FXTF86,2026-07-20,7.21,GBP
GHYS.L,2026-07-20,88.22,GBP
GRAB,2026-07-20,3.62,USD
IDTG.L,2026-07-20,2.8485,GBP
IE0008368742,2026-07-20,191.38,USD
IE00B0M63516,2026-07-20,28.84,USD
IGLS.L,2026-07-20,124.87,GBP
IGWD.L,2026-07-20,13110,GBp
INXG.L,2026-07-20,10.696,GBP
ISPE.L,2026-07-20,7.44,GBP
IUAG.L,2026-07-20,92.64,USD
IWDG.L,2026-07-20,1228,GBp
JFM0003373,2026-07-20,191.94,USD
KNSL,2026-07-20,350.13,USD
LU0164881194,2026-07-20,288.50,USD
LU0196696453,2026-07-20,20.22,USD
MU0129U00005,2026-07-20,305.68,USD
QNTG.L,2026-07-20,20.27,GBP
QQQ,2026-07-20,696.06,USD
SGLN.L,2026-07-20,5801,GBp
0639.HK,2026-07-21,2.33,HKD
0P00000YAN,2026-07-21,192.59,USD
BCHS.L,2026-07-21,13710,GBp
CNX1.L,2026-07-21,125060,GBp
DPYG.L,2026-07-21,5.505,GBP
EWQX.L,2026-07-21,598.55,GBp
FLOS.L,2026-07-21,476.05,GBp
GB00B1FXTF86,2026-07-21,7.25,GBP
GHYS.L,2026-07-21,88.26,GBP
GRAB,2026-07-21,3.5,USD
IDTG.L,2026-07-21,2.8385,GBP
IE0008368742,2026-07-21,194.67,USD
IE00B0M63516,2026-07-21,28.79,USD
IGLS.L,2026-07-21,124.9,GBP
IGWD.L,2026-07-21,13162,GBp
INXG.L,2026-07-21,10.734,GBP
ISPE.L,2026-07-21,7.432,GBP
IUAG.L,2026-07-21,92.49,USD
IWDG.L,2026-07-21,1233,GBp
JFM0003373,2026-07-21,192.59,USD
KNSL,2026-07-21,339.46,USD
LU0164881194,2026-07-21,289.31,USD
LU0196696453,2026-07-21,20.08,USD
MU0129U00005,2026-07-21,305.43,USD
QNTG.L,2026-07-21,20.65,GBP
QQQ,2026-07-21,708.97,USD
SGLN.L,2026-07-21,5913,GBp
0639.HK,2026-07-22,2.39,HKD
0P00000YAN,2026-07-22,192.58,USD
BCHS.L,2026-07-22,13730,GBp
CNX1.L,2026-07-22,125100,GBp
DPYG.L,2026-07-22,5.4855,GBP
EWQX.L,2026-07-22,597.6,GBp
FLOS.L,2026-07-22,476,GBp
GB00B1FXTF86,2026-07-22,7.21,GBP
GHYS.L,2026-07-22,88.12,GBP
GRAB,2026-07-22,3.35,USD
IDTG.L,2026-07-22,2.837,GBP
IE0008368742,2026-07-22,192.49,USD
IE00B0M63516,2026-07-22,29.34,USD
IGLS.L,2026-07-22,124.83,GBP
IGWD.L,2026-07-22,13200,GBp
INXG.L,2026-07-22,10.752,GBP
ISPE.L,2026-07-22,7.44,GBP
IUAG.L,2026-07-22,92.42,USD
IWDG.L,2026-07-22,1235.5,GBp
JFM0003373,2026-07-22,192.58,USD
KNSL,2026-07-22,325.64,USD
LU0164881194,2026-07-22,284.84,USD
LU0196696453,2026-07-22,20.46,USD
MU0129U00005,2026-07-22,300.76,USD
QNTG.L,2026-07-22,20.67,GBP
QQQ,2026-07-22,705.35,USD
SGLN.L,2026-07-22,6031,GBp
0639.HK,2026-07-23,2.44,HKD
0P00000YAN,2026-07-23,191.4,USD
BCHS.L,2026-07-23,13594,GBp
CNX1.L,2026-07-23,122400,GBp
DPYG.L,2026-07-23,5.472,GBP
EWQX.L,2026-07-23,589.35,GBp
FLOS.L,2026-07-23,476.075,GBp
GB00B1FXTF86,2026-07-23,7.17,GBP
GHYS.L,2026-07-23,88.07,GBP
GRAB,2026-07-23,3.3,USD
IDTG.L,2026-07-23,2.816,GBP
IE0008368742,2026-07-23,194.57,USD
IE00B0M63516,2026-07-23,29.36,USD
IGLS.L,2026-07-23,124.65,GBP
IGWD.L,2026-07-23,12991,GBp
INXG.L,2026-07-23,10.676,GBP
ISPE.L,2026-07-23,7.398,GBP
IUAG.L,2026-07-23,91.96,USD
IWDG.L,2026-07-23,1218,GBp
JFM0003373,2026-07-23,191.4,USD
KNSL,2026-07-23,332.28,USD
LU0164881194,2026-07-23,282.44,USD
LU0196696453,2026-07-23,20.62,USD
MU0129U00005,2026-07-23,299.11,USD
QNTG.L,2026-07-23,19.952,GBP
QQQ,2026-07-23,691.96,USD
SGLN.L,2026-07-23,5900,GBp
0639.HK,2026-07-24,2.33,HKD
0P00000YAN,2026-07-24,191.57,USD
BCHS.L,2026-07-24,13374,GBp
CNX1.L,2026-07-24,121980,GBp
DPYG.L,2026-07-24,5.568,GBP
EWQX.L,2026-07-24,589.7,GBp
FLOS.L,2026-07-24,475.95,GBp
GB00B1FXTF86,2026-07-24,7.18,GBP
GHYS.L,2026-07-24,87.71,GBP
GRAB,2026-07-24,3.31,USD
IDTG.L,2026-07-24,2.8385,GBP
IE0008368742,2026-07-24,190.93,USD
IE00B0M63516,2026-07-24,29.35,USD
IGLS.L,2026-07-24,124.95,GBP
IGWD.L,2026-07-24,13093,GBp
INXG.L,2026-07-24,10.73,GBP
ISPE.L,2026-07-24,7.478,GBP
IUAG.L,2026-07-24,92.47,USD
IWDG.L,2026-07-24,1226.5,GBp
JFM0003373,2026-07-24,191.57,USD
KNSL,2026-07-24,349.1,USD
LU0164881194,2026-07-24,282.68,USD
LU0196696453,2026-07-24,20.55,USD
MU0129U00005,2026-07-24,298.99,USD
QNTG.L,2026-07-24,19.996,GBP
QQQ,2026-07-24,684.23,USD
SGLN.L,2026-07-24,5924,GBp
0639.HK,2026-07-27,2.31,HKD
0P00000YAN,2026-07-27,192.16,USD
BCHS.L,2026-07-27,12988,GBp
CNX1.L,2026-07-27,120310,GBp
DPYG.L,2026-07-27,5.57,GBP
EWQX.L,2026-07-27,590.4,GBp
FLOS.L,2026-07-27,476.2,GBp
GB00B1FXTF86,2026-07-27,7.31,GBP
GHYS.L,2026-07-27,87.97,GBP
GRAB,2026-07-27,3.35,USD
IDTG.L,2026-07-27,2.841,GBP
IE0008368742,2026-07-27,192.76,USD
IE00B0M63516,2026-07-27,29.14,USD
IGLS.L,2026-07-27,125.02,GBP
IGWD.L,2026-07-27,13047,GBp
INXG.L,2026-07-27,10.76,GBP
ISPE.L,2026-07-27,7.497,GBP
IUAG.L,2026-07-27,92.43,USD
IWDG.L,2026-07-27,1221,GBp
JFM0003373,2026-07-27,192.16,USD
KNSL,2026-07-27,361.55,USD
LU0164881194,2026-07-27,288.36,USD
LU0196696453,2026-07-27,20.37,USD
MU0129U00005,2026-07-27,305.85,USD
QNTG.L,2026-07-27,20.28,GBP
QQQ,2026-07-27,682.12,USD
SGLN.L,2026-07-27,5940,GBp
0639.HK,2026-07-28,2.31,HKD
0P00000YAN,2026-07-28,191.86,USD
BCHS.L,2026-07-28,12912,GBp
CNX1.L,2026-07-28,120120,GBp
DPYG.L,2026-07-28,5.6065,GBP
EWQX.L,2026-07-28,594.8,GBp
FLOS.L,2026-07-28,476.225,GBp
GB00B1FXTF86,2026-07-28,7.33,GBP
GHYS.L,2026-07-28,88.015,GBP
GRAB,2026-07-28,3.45,USD
IDTG.L,2026-07-28,2.8555,GBP
IE0008368742,2026-07-28,190.13,USD
IE00B0M63516,2026-07-28,29.24,USD
IGLS.L,2026-07-28,125.12,GBP
IGWD.L,2026-07-28,13104,GBp
INXG.L,2026-07-28,10.73,GBP
ISPE.L,2026-07-28,7.614,GBP
IUAG.L,2026-07-28,92.63,USD
IWDG.L,2026-07-28,1228,GBp
JFM0003373,2026-07-28,191.86,USD
KNSL,2026-07-28,370.26,USD
LU0164881194,2026-07-28,289.58,USD
LU0196696453,2026-07-28,20.51,USD
MU0129U00005,2026-07-28,307.18,USD
QNTG.L,2026-07-28,20.175,GBP
QQQ,2026-07-28,675.49,USD
SGLN.L,2026-07-28,5879,GBp
0639.HK,2026-07-29,2.36,HKD
0P00000YAN,2026-07-29,193.68,USD
BCHS.L,2026-07-29,12422,GBp
CNX1.L,2026-07-29,118520,GBp
DPYG.L,2026-07-29,5.5705,GBP
EWQX.L,2026-07-29,591.85,GBp
FLOS.L,2026-07-29,476.425,GBp
GB00B1FXTF86,2026-07-29,7.36,GBP
GHYS.L,2026-07-29,87.8,GBP
GRAB,2026-07-29,3.35,USD
IDTG.L,2026-07-29,2.848,GBP
IE0008368742,2026-07-29,193.72,USD
IE00B0M63516,2026-07-29,28.84,USD
IGLS.L,2026-07-29,124.9,GBP
IGWD.L,2026-07-29,13004,GBp
INXG.L,2026-07-29,10.714,GBP
ISPE.L,2026-07-29,7.569,GBP
IUAG.L,2026-07-29,92.34,USD
IWDG.L,2026-07-29,1217.5,GBp
JFM0003373,2026-07-29,193.68,USD
KNSL,2026-07-29,376.67,USD
LU0164881194,2026-07-29,293.51,USD
LU0196696453,2026-07-29,20.18,USD
MU0129U00005,2026-07-29,311.32,USD
QNTG.L,2026-07-29,19.688,GBP
QQQ,2026-07-29,661.73,USD
SGLN.L,2026-07-29,5856,GBp
0639.HK,2026-07-30,2.38,HKD
0P00000YAN,2026-07-30,193.43,USD
BCHS.L,2026-07-30,12970,GBp
CNX1.L,2026-07-30,119360,GBp
DPYG.L,2026-07-30,5.515,GBP
EWQX.L,2026-07-30,583.55,GBp
FLOS.L,2026-07-30,476.575,GBp
GB00B1FXTF86,2026-07-30,7.31,GBP
GHYS.L,2026-07-30,88.43,GBP
GRAB,2026-07-30,3.4,USD
IDTG.L,2026-07-30,2.808,GBP
IE0008368742,2026-07-30,194.12,USD
IE00B0M63516,2026-07-30,29.21,USD
IGLS.L,2026-07-30,125.21,GBP
IGWD.L,2026-07-30,13043,GBp
INXG.L,2026-07-30,10.688,GBP
ISPE.L,2026-07-30,7.454,GBP
IUAG.L,2026-07-30,92.32,USD
IWDG.L,2026-07-30,1222,GBp
JFM0003373,2026-07-30,193.43,USD
KNSL,2026-07-30,355.87,USD
LU0164881194,2026-07-30,293.63,USD
LU0196696453,2026-07-30,20.43,USD
MU0129U00005,2026-07-30,310.98,USD
QNTG.L,2026-07-30,20.54,GBP
QQQ,2026-07-30,683.55,USD
SGLN.L,2026-07-30,5911,GBp
0639.HK,2026-07-31,2.39,HKD
0P00000YAN,2026-07-31,194.05,USD
BCHS.L,2026-07-31,12820,GBp
CNX1.L,2026-07-31,119700,GBp
DPYG.L,2026-07-31,5.4895,GBP
EWQX.L,2026-07-31,586.3,GBp
FLOS.L,2026-07-31,476.675,GBp
GB00B1FXTF86,2026-07-31,7.34,GBP
GHYS.L,2026-07-31,88.09,GBP
GRAB,2026-07-31,3.5,USD
IDTG.L,2026-07-31,2.785,GBP
IE0008368742,2026-07-31,196.08,USD
IE00B0M63516,2026-07-31,29.56,USD
IGLS.L,2026-07-31,125.02,GBP
IGWD.L,2026-07-31,13089,GBp
INXG.L,2026-07-31,10.69,GBP
ISPE.L,2026-07-31,7.483,GBP
IUAG.L,2026-07-31,92.09,USD
IWDG.L,2026-07-31,1225,GBp
JFM0003373,2026-07-31,194.05,USD
KNSL,2026-07-31,356.42,USD
LU0164881194,2026-07-31,294.40,USD
LU0196696453,2026-07-31,20.60,USD
MU0129U00005,2026-07-31,313.13,USD
QNTG.L,2026-07-31,20.57,GBP
QQQ,2026-07-31,687.99,USD
SGLN.L,2026-07-31,5819,GBp
0639.HK,2026-08-03,2.32,HKD
0P00000YAN,2026-08-03,194.26,USD
BCHS.L,2026-08-03,13060,GBp
CNX1.L,2026-08-03,122470,GBp
DPYG.L,2026-08-03,5.462,GBP
EWQX.L,2026-08-03,595.8,GBp
FLOS.L,2026-08-03,476.75,GBp
GB00B1FXTF86,2026-08-03,7.42,GBP
GHYS.L,2026-08-03,88.48,GBP
GRAB,2026-08-03,3.67,USD
IDTG.L,2026-08-03,2.7995,GBP
IE00B0M63516,2026-08-03,29.44,USD
IGLS.L,2026-08-03,125.31,GBP
IGWD.L,2026-08-03,13275,GBp
INXG.L,2026-08-03,10.782,GBP
ISPE.L,2026-08-03,7.559,GBP
IUAG.L,2026-08-03,92.2,USD
IWDG.L,2026-08-03,1243,GBp
JFM0003373,2026-08-03,194.26,USD
KNSL,2026-08-03,360.44,USD
LU0164881194,2026-08-03,298.34,USD
LU0196696453,2026-08-03,20.64,USD
MU0129U00005,2026-08-03,318.33,USD
QNTG.L,2026-08-03,21.405,GBP
QQQ,2026-08-03,700.07,USD
SGLN.L,2026-08-03,5826,GBp
0639.HK,2026-08-04,2.33,HKD
0P00000YAN,2026-08-04,194.5,USD
BCHS.L,2026-08-04,13216,GBp
CNX1.L,2026-08-04,126070,GBp
DPYG.L,2026-08-04,5.462,GBP
EWQX.L,2026-08-04,609.6,GBp
FLOS.L,2026-08-04,476.625,GBp
GB00B1FXTF86,2026-08-04,7.41,GBP
GHYS.L,2026-08-04,88.44,GBP
GRAB,2026-08-04,3.72,USD
IDTG.L,2026-08-04,2.816,GBP
IE0008368742,2026-08-04,197.92,USD
IE00B0M63516,2026-08-04,29.47,USD
IGLS.L,2026-08-04,125.49,GBP
IGWD.L,2026-08-04,13462,GBp
INXG.L,2026-08-04,10.834,GBP
ISPE.L,2026-08-04,7.64,GBP
IUAG.L,2026-08-04,92.68,USD
IWDG.L,2026-08-04,1261,GBp
JFM0003373,2026-08-04,194.5,USD
KNSL,2026-08-04,362.82,USD
LU0164881194,2026-08-04,297.17,USD
LU0196696453,2026-08-04,20.73,USD
MU0129U00005,2026-08-04,316.66,USD
QNTG.L,2026-08-04,21.84,GBP
QQQ,2026-08-04,723.85,USD
SGLN.L,2026-08-04,5883,GBp
0639.HK,2026-08-05,2.32,HKD
0P00000YAN,2026-08-05,194.63,USD
BCHS.L,2026-08-05,13080,GBp
CNX1.L,2026-08-05,126680,GBp
DPYG.L,2026-08-05,5.4485,GBP
EWQX.L,2026-08-05,610.85,GBp
FLOS.L,2026-08-05,476.65,GBp
GB00B1FXTF86,2026-08-05,7.46,GBP
GHYS.L,2026-08-05,88.37,GBP
GRAB,2026-08-05,3.74,USD
IDTG.L,2026-08-05,2.829,GBP
IE0008368742,2026-08-05,200.03,USD
IE00B0M63516,2026-08-05,29.39,USD
IGLS.L,2026-08-05,125.55,GBP
IGWD.L,2026-08-05,13544,GBp
INXG.L,2026-08-05,10.806,GBP
ISPE.L,2026-08-05,7.663,GBP
IUAG.L,2026-08-05,92.65,USD
IWDG.L,2026-08-05,1268.5,GBp
JFM0003373,2026-08-05,194.63,USD
KNSL,2026-08-05,370.97,USD
LU0164881194,2026-08-05,297.81,USD
LU0196696453,2026-08-05,20.69,USD
MU0129U00005,2026-08-05,316.16,USD
QNTG.L,2026-08-05,21.79,GBP
QQQ,2026-08-05,717.3,USD
SGLN.L,2026-08-05,6131,GBp
0639.HK,2026-08-06,2.38,HKD
0P00000YAN,2026-08-06,194.94,USD
BCHS.L,2026-08-06,12962,GBp
CNX1.L,2026-08-06,125710,GBp
DPYG.L,2026-08-06,5.438,GBP
EWQX.L,2026-08-06,606.7,GBp
FLOS.L,2026-08-06,476.55,GBp
GB00B1FXTF86,2026-08-06,7.41,GBP
GHYS.L,2026-08-06,88.58,GBP
GRAB,2026-08-06,3.67,USD
IDTG.L,2026-08-06,2.8165,GBP
IE0008368742,2026-08-06,197.69,USD
IE00B0M63516,2026-08-06,29.12,USD
IGLS.L,2026-08-06,125.46,GBP
IGWD.L,2026-08-06,13514,GBp
INXG.L,2026-08-06,10.796,GBP
ISPE.L,2026-08-06,7.637,GBP
IUAG.L,2026-08-06,92.44,USD
IWDG.L,2026-08-06,1266,GBp
JFM0003373,2026-08-06,194.94,USD
KNSL,2026-08-06,376.37,USD
LU0164881194,2026-08-06,298.31,USD
LU0196696453,2026-08-06,20.54,USD
MU0129U00005,2026-08-06,315.74,USD
QNTG.L,2026-08-06,21.54,GBP
QQQ,2026-08-06,714.65,USD
SGLN.L,2026-08-06,6127,GBp
0639.HK,2026-08-07,2.435,HKD
0P00000YAN,2026-08-07,196.64,USD
BCHS.L,2026-08-07,12870,GBp
CNX1.L,2026-08-07,126500,GBp
DPYG.L,2026-08-07,5.437,GBP
EWQX.L,2026-08-07,610.95,GBp
FLOS.L,2026-08-07,476.75,GBp
GB00B1FXTF86,2026-08-07,7.40,GBP
GHYS.L,2026-08-07,88.9,GBP
GRAB,2026-08-07,3.66,USD
IDTG.L,2026-08-07,2.8165,GBP
IE0008368742,2026-08-07,198.09,USD
IE00B0M63516,2026-08-07,28.63,USD
IGLS.L,2026-08-07,125.49,GBP
IGWD.L,2026-08-07,13597,GBp
INXG.L,2026-08-07,10.788,GBP
ISPE.L,2026-08-07,7.68,GBP
IUAG.L,2026-08-07,92.77,USD
IWDG.L,2026-08-07,1272.5,GBp
JFM0003373,2026-08-07,196.64,USD
KNSL,2026-08-07,373.76,USD
LU0164881194,2026-08-07,298.61,USD
LU0196696453,2026-08-07,20.05,USD
MU0129U00005,2026-08-07,313.27,USD
QNTG.L,2026-08-07,21.81,GBP
QQQ,2026-08-07,723.03,USD
SGLN.L,2026-08-07,6255,GBp
0639.HK,2026-08-10,2.615,HKD
BCHS.L,2026-08-10,12562,GBp
CNX1.L,2026-08-10,125890,GBp
DPYG.L,2026-08-10,5.366,GBP
EWQX.L,2026-08-10,611.4,GBp
FLOS.L,2026-08-10,476.85,GBp
GB00B1FXTF86,2026-08-10,7.39,GBP
GHYS.L,2026-08-10,88.49,GBP
GRAB,2026-08-10,3.67,USD
IDTG.L,2026-08-10,2.802,GBP
IE0008368742,2026-08-10,200.51,USD
IE00B0M63516,2026-08-10,28.49,USD
IGLS.L,2026-08-10,125.31,GBP
IGWD.L,2026-08-10,13604,GBp
INXG.L,2026-08-10,10.796,GBP
ISPE.L,2026-08-10,7.684,GBP
IUAG.L,2026-08-10,92.56,USD
IWDG.L,2026-08-10,1273,GBp
KNSL,2026-08-10,368.6,USD
LU0164881194,2026-08-10,298.58,USD
LU0196696453,2026-08-10,20.02,USD
MU0129U00005,2026-08-10,314.71,USD
QNTG.L,2026-08-10,22.145,GBP
QQQ,2026-08-10,720.87,USD
SGLN.L,2026-08-10,6239,GBp
0639.HK,2026-08-11,2.76,HKD
0P00000YAN,2026-08-11,199.62,USD
BCHS.L,2026-08-11,12736,GBp
CNX1.L,2026-08-11,125740,GBp
DPYG.L,2026-08-11,5.3645,GBP
EWQX.L,2026-08-11,613.8,GBp
FLOS.L,2026-08-11,476.875,GBp
GB00B1FXTF86,2026-08-11,7.34,GBP
GHYS.L,2026-08-11,88.34,GBP
GRAB,2026-08-11,3.74,USD
IDTG.L,2026-08-11,2.803,GBP
IE0008368742,2026-08-11,199.17,USD
IE00B0M63516,2026-08-11,27.67,USD
IGLS.L,2026-08-11,125.43,GBP
IGWD.L,2026-08-11,13588,GBp
INXG.L,2026-08-11,10.82,GBP
ISPE.L,2026-08-11,7.695,GBP
IUAG.L,2026-08-11,92.31,USD
IWDG.L,2026-08-11,1272.5,GBp
JFM0003373,2026-08-11,199.62,USD
KNSL,2026-08-11,374.6,USD
LU0164881194,2026-08-11,297.18,USD
LU0196696453,2026-08-11,19.60,USD
MU0129U00005,2026-08-11,314.50,USD
QNTG.L,2026-08-11,22,GBP
QQQ,2026-08-11,718.45,USD
SGLN.L,2026-08-11,6286,GBp
0639.HK,2026-08-12,2.71,HKD
0P00000YAN,2026-08-12,199.03,USD
BCHS.L,2026-08-12,12894,GBp
CNX1.L,2026-08-12,126440,GBp
DPYG.L,2026-08-12,5.379,GBP
EWQX.L,2026-08-12,616.8,GBp
FLOS.L,2026-08-12,476.875,GBp
GB00B1FXTF86,2026-08-12,7.33,GBP
GHYS.L,2026-08-12,88.8,GBP
GRAB,2026-08-12,3.61,USD
IDTG.L,2026-08-12,2.805,GBP
IE0008368742,2026-08-12,198.12,USD
IE00B0M63516,2026-08-12,27.42,USD
IGLS.L,2026-08-12,125.43,GBP
IGWD.L,2026-08-12,13594,GBp
INXG.L,2026-08-12,10.87,GBP
ISPE.L,2026-08-12,7.699,GBP
IUAG.L,2026-08-12,92.45,USD
IWDG.L,2026-08-12,1274,GBp
JFM0003373,2026-08-12,199.03,USD
KNSL,2026-08-12,373.52,USD
LU0164881194,2026-08-12,296.78,USD
LU0196696453,2026-08-12,19.22,USD
MU0129U00005,2026-08-12,313.53,USD
QNTG.L,2026-08-12,22.205,GBP
QQQ,2026-08-12,723.7,USD
SGLN.L,2026-08-12,6345,GBp
0639.HK,2026-08-13,2.675,HKD
0P00000YAN,2026-08-13,198.26,USD
BCHS.L,2026-08-13,13028,GBp
CNX1.L,2026-08-13,127920,GBp
DPYG.L,2026-08-13,5.416,GBP
EWQX.L,2026-08-13,623.25,GBp
FLOS.L,2026-08-13,477.15,GBp
GB00B1FXTF86,2026-08-13,7.36,GBP
GHYS.L,2026-08-13,88.95,GBP
GRAB,2026-08-13,3.7,USD
IDTG.L,2026-08-13,2.8145,GBP
IE0008368742,2026-08-13,196.56,USD
IE00B0M63516,2026-08-13,27.32,USD
IGLS.L,2026-08-13,125.5,GBP
IGWD.L,2026-08-13,13669,GBp
INXG.L,2026-08-13,10.868,GBP
ISPE.L,2026-08-13,7.745,GBP
IUAG.L,2026-08-13,92.74,USD
IWDG.L,2026-08-13,1279.5,GBp
JFM0003373,2026-08-13,198.26,USD
KNSL,2026-08-13,376.97,USD
LU0164881194,2026-08-13,296.04,USD
LU0196696453,2026-08-13,19.11,USD
MU0129U00005,2026-08-13,313.64,USD
QNTG.L,2026-08-13,22.605,GBP
QQQ,2026-08-13,732.07,USD
SGLN.L,2026-08-13,6267,GBp
0639.HK,2026-08-14,2.765,HKD
0P00000YAN,2026-08-14,199.23,USD
BCHS.L,2026-08-14,12944,GBp
CNX1.L,2026-08-14,126980,GBp
DPYG.L,2026-08-14,5.438,GBP
EWQX.L,2026-08-14,621.3,GBp
FLOS.L,2026-08-14,476.8,GBp
GB00B1FXTF86,2026-08-14,7.34,GBP
GHYS.L,2026-08-14,88.535,GBP
GRAB,2026-08-14,3.62,USD
IDTG.L,2026-08-14,2.7925,GBP
IE0008368742,2026-08-14,195.89,USD
IE00B0M63516,2026-08-14,27.24,USD
IGLS.L,2026-08-14,125.34,GBP
IGWD.L,2026-08-14,13657,GBp
INXG.L,2026-08-14,10.792,GBP
ISPE.L,2026-08-14,7.775,GBP
IUAG.L,2026-08-14,92.68,USD
IWDG.L,2026-08-14,1278.5,GBp
JFM0003373,2026-08-14,199.23,USD
KNSL,2026-08-14,379.19,USD
LU0164881194,2026-08-14,295.78,USD
LU0196696453,2026-08-14,19.03,USD
MU0129U00005,2026-08-14,313.19,USD
QNTG.L,2026-08-14,22.335,GBP
QQQ,2026-08-14,731.07,USD
SGLN.L,2026-08-14,6283,GBp
0639.HK,2026-08-17,2.72,HKD
0P00000YAN,2026-08-17,200.37,USD
BCHS.L,2026-08-17,13034,GBp
CNX1.L,2026-08-17,127720,GBp
DPYG.L,2026-08-17,5.375,GBP
EWQX.L,2026-08-17,622.95,GBp
FLOS.L,2026-08-17,476.8,GBp
GB00B1FXTF86,2026-08-17,7.33,GBP
GHYS.L,2026-08-17,88.695,GBP
GRAB,2026-08-17,3.58,USD
IDTG.L,2026-08-17,2.78375,GBP
IE0008368742,2026-08-17,197.75,USD
IE00B0M63516,2026-08-17,27.43,USD
IGLS.L,2026-08-17,125.29,GBP
IGWD.L,2026-08-17,13644,GBp
INXG.L,2026-08-17,10.738,GBP
ISPE.L,2026-08-17,7.728,GBP
IUAG.L,2026-08-17,92.44,USD
IWDG.L,2026-08-17,1277,GBp
JFM0003373,2026-08-17,200.37,USD
KNSL,2026-08-17,367.16,USD
LU0164881194,2026-08-17,295.23,USD
LU0196696453,2026-08-17,19.31,USD
MU0129U00005,2026-08-17,311.50,USD
QNTG.L,2026-08-17,22.235,GBP
QQQ,2026-08-17,729.87,USD
SGLN.L,2026-08-17,6328,GBp
0639.HK,2026-08-18,2.8,HKD
0P00000YAN,2026-08-18,198.41,USD
BCHS.L,2026-08-18,12758,GBp
CNX1.L,2026-08-18,125100,GBp
DPYG.L,2026-08-18,5.387,GBP
EWQX.L,2026-08-18,615.5,GBp
FLOS.L,2026-08-18,477.275,GBp
GB00B1FXTF86,2026-08-18,7.31,GBP
GHYS.L,2026-08-18,88.44,GBP
GRAB,2026-08-18,3.45,USD
IDTG.L,2026-08-18,2.7775,GBP
IE0008368742,2026-08-18,197.48,USD
IE00B0M63516,2026-08-18,27.28,USD
IGLS.L,2026-08-18,125.24,GBP
IGWD.L,2026-08-18,13510,GBp
INXG.L,2026-08-18,10.724,GBP
ISPE.L,2026-08-18,7.705,GBP
IUAG.L,2026-08-18,92.53,USD
IWDG.L,2026-08-18,1263.5,GBp
JFM0003373,2026-08-18,198.41,USD
KNSL,2026-08-18,372.71,USD
LU0164881194,2026-08-18,293.64,USD
LU0196696453,2026-08-18,19.26,USD
MU0129U00005,2026-08-18,311.30,USD
QNTG.L,2026-08-18,21.74,GBP
QQQ,2026-08-18,717.51,USD
SGLN.L,2026-08-18,6244,GBp
0639.HK,2026-08-19,2.765,HKD
0P00000YAN,2026-08-19,198.5,USD
BCHS.L,2026-08-19,12966,GBp
CNX1.L,2026-08-19,124500,GBp
DPYG.L,2026-08-19,5.368,GBP
EWQX.L,2026-08-19,614.2,GBp
FLOS.L,2026-08-19,477.6,GBp
GB00B1FXTF86,2026-08-19,7.28,GBP
GHYS.L,2026-08-19,88.625,GBP
GRAB,2026-08-19,3.54,USD
IDTG.L,2026-08-19,2.821,GBP
IE0008368742,2026-08-19,195.34,USD
IE00B0M63516,2026-08-19,27.75,USD
IGLS.L,2026-08-19,125.38,GBP
IGWD.L,2026-08-19,13534,GBp
INXG.L,2026-08-19,10.808,GBP
ISPE.L,2026-08-19,7.773,GBP
IUAG.L,2026-08-19,92.68,USD
IWDG.L,2026-08-19,1267,GBp
JFM0003373,2026-08-19,198.5,USD
KNSL,2026-08-19,379.42,USD
LU0164881194,2026-08-19,293.41,USD
LU0196696453,2026-08-19,19.68,USD
MU0129U00005,2026-08-19,310.95,USD
QNTG.L,2026-08-19,21.585,GBP
QQQ,2026-08-19,716.08,USD
SGLN.L,2026-08-19,6391,GBp
0639.HK,2026-08-20,2.835,HKD
0P00000YAN,2026-08-20,198.5,USD
BCHS.L,2026-08-20,13402,GBp
CNX1.L,2026-08-20,123210,GBp
DPYG.L,2026-08-20,5.37,GBP
EWQX.L,2026-08-20,609.8,GBp
FLOS.L,2026-08-20,477.725,GBp
GB00B1FXTF86,2026-08-20,7.28,GBP
GHYS.L,2026-08-20,88.45,GBP
GRAB,2026-08-20,3.51,USD
IDTG.L,2026-08-20,2.7995,GBP
IE0008368742,2026-08-20,196.96,USD
IE00B0M63516,2026-08-20,27.68,USD
IGLS.L,2026-08-20,125.32,GBP
IGWD.L,2026-08-20,13461,GBp
INXG.L,2026-08-20,10.73,GBP
ISPE.L,2026-08-20,7.743,GBP
IUAG.L,2026-08-20,92.625,USD
IWDG.L,2026-08-20,1260,GBp
JFM0003373,2026-08-20,198.5,USD
KNSL,2026-08-20,381.15,USD
LU0164881194,2026-08-20,295.54,USD
LU0196696453,2026-08-20,19.49,USD
MU0129U00005,2026-08-20,313.70,USD
QNTG.L,2026-08-20,21.12,GBP
QQQ,2026-08-20,710.93,USD
SGLN.L,2026-08-20,6432,GBp
0639.HK,2026-08-21,2.92,HKD
0P00000YAN,2026-08-21,199.24,USD
BCHS.L,2026-08-21,13722,GBp
CNX1.L,2026-08-21,123550,GBp
DPYG.L,2026-08-21,5.352,GBP
EWQX.L,2026-08-21,610.65,GBp
FLOS.L,2026-08-21,477.725,GBp
GB00B1FXTF86,2026-08-21,7.26,GBP
GHYS.L,2026-08-21,88.585,GBP
GRAB,2026-08-21,3.48,USD
IDTG.L,2026-08-21,2.7965,GBP
IE0008368742,2026-08-21,198.24,USD
IE00B0M63516,2026-08-21,28.26,USD
IGLS.L,2026-08-21,125.43,GBP
IGWD.L,2026-08-21,13493,GBp
INXG.L,2026-08-21,10.76,GBP
ISPE.L,2026-08-21,7.747,GBP
IUAG.L,2026-08-21,92.42,USD
IWDG.L,2026-08-21,1263,GBp
JFM0003373,2026-08-21,199.24,USD
KNSL,2026-08-21,383.55,USD
LU0164881194,2026-08-21,296.40,USD
LU0196696453,2026-08-21,19.86,USD
MU0129U00005,2026-08-21,314.29,USD
QNTG.L,2026-08-21,21.595,GBP
QQQ,2026-08-21,713.44,USD
SGLN.L,2026-08-21,6552,GBp
0639.HK,2026-08-24,2.84,HKD
0P00000YAN,2026-08-24,198.58,USD
BCHS.L,2026-08-24,13842,GBp
CNX1.L,2026-08-24,122350,GBp
DPYG.L,2026-08-24,5.355,GBP
EWQX.L,2026-08-24,606.15,GBp
FLOS.L,2026-08-24,477.6,GBp
GB00B1FXTF86,2026-08-24,7.24,GBP
GHYS.L,2026-08-24,88.37,GBP
GRAB,2026-08-24,3.52,USD
IDTG.L,2026-08-24,2.817,GBP
IE0008368742,2026-08-24,195.79,USD
IE00B0M63516,2026-08-24,28.55,USD
IGLS.L,2026-08-24,125.36,GBP
IGWD.L,2026-08-24,13456,GBp
INXG.L,2026-08-24,10.778,GBP
ISPE.L,2026-08-24,7.736,GBP
IUAG.L,2026-08-24,92.51,USD
IWDG.L,2026-08-24,1260,GBp
JFM0003373,2026-08-24,198.58,USD
KNSL,2026-08-24,395.51,USD
LU0164881194,2026-08-24,295.47,USD
LU0196696453,2026-08-24,20.03,USD
MU0129U00005,2026-08-24,312.76,USD
QNTG.L,2026-08-24,21.335,GBP
QQQ,2026-08-24,706.32,USD
SGLN.L,2026-08-24,6643,GBp
0639.HK,2026-08-25,2.775,HKD
0P00000YAN,2026-08-25,200.42,USD
BCHS.L,2026-08-25,14002,GBp
CNX1.L,2026-08-25,123000,GBp
DPYG.L,2026-08-25,5.3915,GBP
EWQX.L,2026-08-25,609.55,GBp
FLOS.L,2026-08-25,477.675,GBp
GB00B1FXTF86,2026-08-25,7.28,GBP
GHYS.L,2026-08-25,88.6,GBP
GRAB,2026-08-25,3.58,USD
IDTG.L,2026-08-25,2.8415,GBP
IE0008368742,2026-08-25,196.76,USD
IE00B0M63516,2026-08-25,28.37,USD
IGLS.L,2026-08-25,125.6,GBP
IGWD.L,2026-08-25,13476,GBp
INXG.L,2026-08-25,10.838,GBP
ISPE.L,2026-08-25,7.743,GBP
IUAG.L,2026-08-25,92.87,USD
IWDG.L,2026-08-25,1263.5,GBp
JFM0003373,2026-08-25,200.42,USD
KNSL,2026-08-25,387.95,USD
LU0164881194,2026-08-25,297.66,USD
LU0196696453,2026-08-25,19.96,USD
MU0129U00005,2026-08-25,315.54,USD
QNTG.L,2026-08-25,21.36,GBP
QQQ,2026-08-25,710.72,USD
SGLN.L,2026-08-25,6614,GBp
0639.HK,2026-08-26,2.76,HKD
0P00000YAN,2026-08-26,199.28,USD
BCHS.L,2026-08-26,13916,GBp
CNX1.L,2026-08-26,123280,GBp
DPYG.L,2026-08-26,5.378,GBP
EWQX.L,2026-08-26,609.6,GBp
FLOS.L,2026-08-26,477.85,GBp
GB00B1FXTF86,2026-08-26,7.31,GBP
GHYS.L,2026-08-26,88.905,GBP
GRAB,2026-08-26,3.64,USD
IDTG.L,2026-08-26,2.836,GBP
IE0008368742,2026-08-26,199.42,USD
IE00B0M63516,2026-08-26,28.82,USD
IGLS.L,2026-08-26,125.53,GBP
IGWD.L,2026-08-26,13488,GBp
INXG.L,2026-08-26,10.808,GBP
ISPE.L,2026-08-26,7.754,GBP
IUAG.L,2026-08-26,92.81,USD
IWDG.L,2026-08-26,1263,GBp
JFM0003373,2026-08-26,199.28,USD
KNSL,2026-08-26,387.13,USD
LU0164881194,2026-08-26,296.40,USD
LU0196696453,2026-08-26,20.26,USD
MU0129U00005,2026-08-26,314.34,USD
QNTG.L,2026-08-26,21.2,GBP
QQQ,2026-08-26,711.37,USD
SGLN.L,2026-08-26,6560,GBp
0639.HK,2026-08-27,2.815,HKD
0P00000YAN,2026-08-27,198.05,USD
BCHS.L,2026-08-27,14404,GBp
CNX1.L,2026-08-27,124830,GBp
DPYG.L,2026-08-27,5.34,GBP
EWQX.L,2026-08-27,615.05,GBp
FLOS.L,2026-08-27,477.925,GBp
GB00B1FXTF86,2026-08-27,7.32,GBP
GHYS.L,2026-08-27,88.86,GBP
GRAB,2026-08-27,3.59,USD
IDTG.L,2026-08-27,2.838,GBP
IE0008368742,2026-08-27,198.90,USD
IE00B0M63516,2026-08-27,28.54,USD
IGLS.L,2026-08-27,125.57,GBP
IGWD.L,2026-08-27,13526,GBp
INXG.L,2026-08-27,10.818,GBP
ISPE.L,2026-08-27,7.75,GBP
IUAG.L,2026-08-27,92.98,USD
IWDG.L,2026-08-27,1268,GBp
JFM0003373,2026-08-27,198.05,USD
KNSL,2026-08-27,381.8,USD
LU0164881194,2026-08-27,294.72,USD
LU0196696453,2026-08-27,20.10,USD
MU0129U00005,2026-08-27,312.81,USD
QNTG.L,2026-08-27,21.85,GBP
QQQ,2026-08-27,721.11,USD
SGLN.L,2026-08-27,6561,GBp
0639.HK,2026-08-28,2.935,HKD
0P00000YAN,2026-08-28,197.66,USD
BCHS.L,2026-08-28,14110,GBp
CNX1.L,2026-08-28,125880,GBp
DPYG.L,2026-08-28,5.308,GBP
EWQX.L,2026-08-28,615.3,GBp
FLOS.L,2026-08-28,478.025,GBp
GB00B1FXTF86,2026-08-28,7.33,GBP
GHYS.L,2026-08-28,88.77,GBP
GRAB,2026-08-28,3.61,USD
IDTG.L,2026-08-28,2.8375,GBP
IE0008368742,2026-08-28,198.95,USD
IE00B0M63516,2026-08-28,28.37,USD
IGLS.L,2026-08-28,125.4,GBP
IGWD.L,2026-08-28,13609,GBp
INXG.L,2026-08-28,10.806,GBP
ISPE.L,2026-08-28,7.724,GBP
IUAG.L,2026-08-28,92.71,USD
IWDG.L,2026-08-28,1274.5,GBp
JFM0003373,2026-08-28,197.66,USD
KNSL,2026-08-28,380.61,USD
LU0164881194,2026-08-28,296.59,USD
LU0196696453,2026-08-28,19.91,USD
MU0129U00005,2026-08-28,314.08,USD
QNTG.L,2026-08-28,21.49,GBP
QQQ,2026-08-28,716.43,USD
SGLN.L,2026-08-28,6519,GBp
0639.HK,2026-08-31,3.05,HKD
0P00000YAN,2026-08-31,198.01,USD
GRAB,2026-08-31,3.54,USD
IE0008368742,2026-08-31,198.64,USD
JFM0003373,2026-08-31,198.01,USD
KNSL,2026-08-31,373.9,USD
LU0164881194,2026-08-31,296.84,USD
MU0129U00005,2026-08-31,313.03,USD
QQQ,2026-08-31,716.76,USD
0639.HK,2026-09-01,3.015,HKD
0P00000YAN,2026-09-01,196.95,USD
BCHS.L,2026-09-01,13708,GBp
CNX1.L,2026-09-01,123940,GBp
DPYG.L,2026-09-01,5.247,GBP
EWQX.L,2026-09-01,602.75,GBp
FLOS.L,2026-09-01,478.3,GBp
GB00B1FXTF86,2026-09-01,7.36,GBP
GHYS.L,2026-09-01,88.57,GBP
GRAB,2026-09-01,3.46,USD
IDTG.L,2026-09-01,2.81,GBP
IE0008368742,2026-09-01,197.71,USD
IE00B0M63516,2026-09-01,29.54,USD
IGLS.L,2026-09-01,125.22,GBP
IGWD.L,2026-09-01,13415,GBp
INXG.L,2026-09-01,10.764,GBP
ISPE.L,2026-09-01,7.618,GBP
IUAG.L,2026-09-01,92.46,USD
IWDG.L,2026-09-01,1256.5,GBp
JFM0003373,2026-09-01,196.95,USD
KNSL,2026-09-01,372.51,USD
LU0164881194,2026-09-01,295.67,USD
LU0196696453,2026-09-01,20.76,USD
MU0129U00005,2026-09-01,313.26,USD
QNTG.L,2026-09-01,21.13,GBP
QQQ,2026-09-01,707.64,USD
SGLN.L,2026-09-01,6255,GBp
0639.HK,2026-09-02,2.965,HKD
0P00000YAN,2026-09-02,197.24,USD
BCHS.L,2026-09-02,13562,GBp
CNX1.L,2026-09-02,124010,GBp
DPYG.L,2026-09-02,5.219,GBP
EWQX.L,2026-09-02,601.6,GBp
FLOS.L,2026-09-02,478.1,GBp
GB00B1FXTF86,2026-09-02,7.30,GBP
GHYS.L,2026-09-02,88.5,GBP
GRAB,2026-09-02,3.53,USD
IDTG.L,2026-09-02,2.799,GBP
IE0008368742,2026-09-02,195.56,USD
IE00B0M63516,2026-09-02,30.68,USD
IGLS.L,2026-09-02,125.16,GBP
IGWD.L,2026-09-02,13444,GBp
INXG.L,2026-09-02,10.748,GBP
ISPE.L,2026-09-02,7.639,GBP
IUAG.L,2026-09-02,92.19,USD
IWDG.L,2026-09-02,1259.5,GBp
JFM0003373,2026-09-02,197.24,USD
KNSL,2026-09-02,376.78,USD
LU0164881194,2026-09-02,294.42,USD
LU0196696453,2026-09-02,21.36,USD
MU0129U00005,2026-09-02,312.85,USD
QNTG.L,2026-09-02,21.22,GBP
QQQ,2026-09-02,709.24,USD
SGLN.L,2026-09-02,6281,GBp
0639.HK,2026-09-03,2.95,HKD
0P00000YAN,2026-09-03,198.3,USD
BCHS.L,2026-09-03,14394,GBp
CNX1.L,2026-09-03,125160,GBp
DPYG.L,2026-09-03,5.227,GBP
EWQX.L,2026-09-03,605.6,GBp
FLOS.L,2026-09-03,478.475,GBp
GB00B1FXTF86,2026-09-03,7.37,GBP
GHYS.L,2026-09-03,88.62,GBP
GRAB,2026-09-03,3.42,USD
IDTG.L,2026-09-03,2.818,GBP
IE0008368742,2026-09-03,195.38,USD
IE00B0M63516,2026-09-03,30.76,USD
IGLS.L,2026-09-03,125.45,GBP
IGWD.L,2026-09-03,13557,GBp
INXG.L,2026-09-03,10.832,GBP
ISPE.L,2026-09-03,7.676,GBP
IUAG.L,2026-09-03,92.46,USD
IWDG.L,2026-09-03,1270.5,GBp
JFM0003373,2026-09-03,198.3,USD
KNSL,2026-09-03,382.98,USD
LU0164881194,2026-09-03,295.52,USD
LU0196696453,2026-09-03,21.45,USD
MU0129U00005,2026-09-03,314.44,USD
QNTG.L,2026-09-03,21.435,GBP
QQQ,2026-09-03,717.67,USD
SGLN.L,2026-09-03,6454,GBp
0639.HK,2026-09-04,2.98,HKD
0P00000YAN,2026-09-04,199.52,USD
BCHS.L,2026-09-04,14536,GBp
CNX1.L,2026-09-04,125170,GBp
DPYG.L,2026-09-04,5.251,GBP
EWQX.L,2026-09-04,604.6,GBp
FLOS.L,2026-09-04,478.475,GBp
GB00B1FXTF86,2026-09-04,7.32,GBP
GHYS.L,2026-09-04,88.53,GBP
GRAB,2026-09-04,3.42,USD
IDTG.L,2026-09-04,2.814,GBP
IE0008368742,2026-09-04,197.12,USD
IE00B0M63516,2026-09-04,30.75,USD
IGLS.L,2026-09-04,125.43,GBP
IGWD.L,2026-09-04,13509,GBp
INXG.L,2026-09-04,10.868,GBP
ISPE.L,2026-09-04,7.653,GBP
IUAG.L,2026-09-04,92.37,USD
IWDG.L,2026-09-04,1266.5,GBp
JFM0003373,2026-09-04,199.52,USD
KNSL,2026-09-04,373.17,USD
LU0164881194,2026-09-04,295.37,USD
LU0196696453,2026-09-04,21.40,USD
MU0129U00005,2026-09-04,314.72,USD
QNTG.L,2026-09-04,21.51,GBP
QQQ,2026-09-04,718.96,USD
SGLN.L,2026-09-04,6367,GBp
0639.HK,2026-09-07,2.96,HKD
BCHS.L,2026-09-07,14404,GBp
CNX1.L,2026-09-07,125370,GBp
DPYG.L,2026-09-07,5.176,GBP
EWQX.L,2026-09-07,602.4,GBp
FLOS.L,2026-09-07,478.65,GBp
GB00B1FXTF86,2026-09-07,7.30,GBP
GHYS.L,2026-09-07,88.44,GBP
IDTG.L,2026-09-07,2.80625,GBP
IE0008368742,2026-09-07,197.18,USD
IE00B0M63516,2026-09-07,30.47,USD
IGLS.L,2026-09-07,125.35,GBP
IGWD.L,2026-09-07,13508,GBp
INXG.L,2026-09-07,10.86,GBP
ISPE.L,2026-09-07,7.613,GBP
IUAG.L,2026-09-07,92.34,USD
IWDG.L,2026-09-07,1265.5,GBp
LU0164881194,2026-09-07,294.47,USD
MU0129U00005,2026-09-07,313.20,USD
QNTG.L,2026-09-07,21.555,GBP
SGLN.L,2026-09-07,6321,GBp
0639.HK,2026-09-08,3.04,HKD
0P00000YAN,2026-09-08,200.39,USD
BCHS.L,2026-09-08,14532,GBp
CNX1.L,2026-09-08,125490,GBp
DPYG.L,2026-09-08,5.2145,GBP
EWQX.L,2026-09-08,600.75,GBp
FLOS.L,2026-09-08,478.25,GBp
GB00B1FXTF86,2026-09-08,7.26,GBP
GHYS.L,2026-09-08,88.445,GBP
GRAB,2026-09-08,3.25,USD
IDTG.L,2026-09-08,2.8135,GBP
IE0008368742,2026-09-08,195.15,USD
IE00B0M63516,2026-09-08,31.29,USD
IGLS.L,2026-09-08,125.35,GBP
IGWD.L,2026-09-08,13477,GBp
INXG.L,2026-09-08,10.864,GBP
ISPE.L,2026-09-08,7.587,GBP
IUAG.L,2026-09-08,92.29,USD
IWDG.L,2026-09-08,1262.5,GBp
JFM0003373,2026-09-08,200.39,USD
KNSL,2026-09-08,367.29,USD
LU0164881194,2026-09-08,291.65,USD
LU0196696453,2026-09-08,21.78,USD
MU0129U00005,2026-09-08,309.46,USD
QNTG.L,2026-09-08,21.965,GBP
QQQ,2026-09-08,718.36,USD
SGLN.L,2026-09-08,6306,GBp
0639.HK,2026-09-09,3.1,HKD
0P00000YAN,2026-09-09,199.12,USD
BCHS.L,2026-09-09,14278,GBp
CNX1.L,2026-09-09,124730,GBp
DPYG.L,2026-09-09,5.154,GBP
EWQX.L,2026-09-09,594.8,GBp
FLOS.L,2026-09-09,478.75,GBp
GB00B1FXTF86,2026-09-09,7.16,GBP
GHYS.L,2026-09-09,88.33,GBP
GRAB,2026-09-09,3.04,USD
IDTG.L,2026-09-09,2.79,GBP
IE0008368742,2026-09-09,195.34,USD
IE00B0M63516,2026-09-09,30.72,USD
IGLS.L,2026-09-09,125.09,GBP
IGWD.L,2026-09-09,13357,GBp
INXG.L,2026-09-09,10.78,GBP
ISPE.L,2026-09-09,7.505,GBP
IUAG.L,2026-09-09,92.01,USD
IWDG.L,2026-09-09,1252,GBp
JFM0003373,2026-09-09,199.12,USD
KNSL,2026-09-09,359.6,USD
LU0164881194,2026-09-09,288.22,USD
LU0196696453,2026-09-09,21.38,USD
MU0129U00005,2026-09-09,305.69,USD
QNTG.L,2026-09-09,21.3,GBP
QQQ,2026-09-09,716.31,USD
SGLN.L,2026-09-09,6300,GBp
0639.HK,2026-09-10,3.06,HKD
0P00000YAN,2026-09-10,197.75,USD
BCHS.L,2026-09-10,14096,GBp
CNX1.L,2026-09-10,124090,GBp
DPYG.L,2026-09-10,5.124,GBP
EWQX.L,2026-09-10,592.3,GBp
FLOS.L,2026-09-10,478.775,GBp
GB00B1FXTF86,2026-09-10,7.12,GBP
GHYS.L,2026-09-10,87.91,GBP
GRAB,2026-09-10,3.01,USD
IDTG.L,2026-09-10,2.771,GBP
IE0008368742,2026-09-10,192.50,USD
IE00B0M63516,2026-09-10,31.12,USD
IGLS.L,2026-09-10,124.69,GBP
IGWD.L,2026-09-10,13310,GBp
INXG.L,2026-09-10,10.742,GBP
ISPE.L,2026-09-10,7.473,GBP
IUAG.L,2026-09-10,91.6,USD
IWDG.L,2026-09-10,1247,GBp
JFM0003373,2026-09-10,197.75,USD
KNSL,2026-09-10,362.7,USD
LU0164881194,2026-09-10,287.57,USD
LU0196696453,2026-09-10,21.75,USD
MU0129U00005,2026-09-10,305.35,USD
QNTG.L,2026-09-10,21.52,GBP
QQQ,2026-09-10,708.69,USD
SGLN.L,2026-09-10,6262,GBp
0639.HK,2026-09-11,3.045,HKD
0P00000YAN,2026-09-11,196.63,USD
BCHS.L,2026-09-11,14340,GBp
CNX1.L,2026-09-11,125210,GBp
DPYG.L,2026-09-11,5.12,GBP
EWQX.L,2026-09-11,593.15,GBp
FLOS.L,2026-09-11,478.825,GBp
GB00B1FXTF86,2026-09-11,7.10,GBP
GHYS.L,2026-09-11,88.03,GBP
GRAB,2026-09-11,3.05,USD
IDTG.L,2026-09-11,2.7825,GBP
IE0008368742,2026-09-11,190.92,USD
IE00B0M63516,2026-09-11,30.93,USD
IGLS.L,2026-09-11,124.88,GBP
IGWD.L,2026-09-11,13409,GBp
INXG.L,2026-09-11,10.782,GBP
ISPE.L,2026-09-11,7.5,GBP
IUAG.L,2026-09-11,91.655,USD
IWDG.L,2026-09-11,1257,GBp
JFM0003373,2026-09-11,196.63,USD
KNSL,2026-09-11,360.01,USD
LU0164881194,2026-09-11,286.68,USD
LU0196696453,2026-09-11,21.52,USD
MU0129U00005,2026-09-11,305.94,USD
QNTG.L,2026-09-11,21.625,GBP
QQQ,2026-09-11,714.88,USD
SGLN.L,2026-09-11,6271,GBp
0639.HK,2026-09-14,2.935,HKD
0P00000YAN,2026-09-14,196.45,USD
BCHS.L,2026-09-14,14074,GBp
CNX1.L,2026-09-14,124180,GBp
DPYG.L,2026-09-14,5.111,GBP
EWQX.L,2026-09-14,591.65,GBp
FLOS.L,2026-09-14,478.85,GBp
GHYS.L,2026-09-14,87.45,GBP
GRAB,2026-09-14,3.02,USD
IDTG.L,2026-09-14,2.7755,GBP
IE0008368742,2026-09-14,190.37,USD
IE00B0M63516,2026-09-14,30.36,USD
IGLS.L,2026-09-14,124.57,GBP
IGWD.L,2026-09-14,13345,GBp
INXG.L,2026-09-14,10.754,GBP
ISPE.L,2026-09-14,7.497,GBP
IUAG.L,2026-09-14,91.47,USD
IWDG.L,2026-09-14,1250,GBp
JFM0003373,2026-09-14,196.45,USD
KNSL,2026-09-14,363.89,USD
LU0196696453,2026-09-14,21.03,USD
QNTG.L,2026-09-14,21.505,GBP
QQQ,2026-09-14,709.18,USD
SGLN.L,2026-09-14,6178,GBp
0639.HK,2026-09-15,2.905,HKD
0P00000YAN,2026-09-15,193.03,USD
BCHS.L,2026-09-15,13760,GBp
CNX1.L,2026-09-15,123520,GBp
DPYG.L,2026-09-15,5.104,GBP
EWQX.L,2026-09-15,587.6,GBp
FLOS.L,2026-09-15,478.775,GBp
GB00B1FXTF86,2026-09-15,6.99,GBP
GHYS.L,2026-09-15,87.775,GBP
GRAB,2026-09-15,2.91,USD
IDTG.L,2026-09-15,2.7645,GBP
IE0008368742,2026-09-15,189.01,USD
IE00B0M63516,2026-09-15,30.57,USD
IGLS.L,2026-09-15,124.71,GBP
IGWD.L,2026-09-15,13268,GBp
INXG.L,2026-09-15,10.754,GBP
ISPE.L,2026-09-15,7.474,GBP
IUAG.L,2026-09-15,91.32,USD
IWDG.L,2026-09-15,1243,GBp
JFM0003373,2026-09-15,193.03,USD
KNSL,2026-09-15,369.2,USD
LU0164881194,2026-09-15,281.17,USD
LU0196696453,2026-09-15,21.06,USD
MU0129U00005,2026-09-15,300.08,USD
QNTG.L,2026-09-15,21.225,GBP
QQQ,2026-09-15,704.54,USD
SGLN.L,2026-09-15,6161,GBp
0639.HK,2026-09-16,2.925,HKD
0P00000YAN,2026-09-16,192.23,USD
BCHS.L,2026-09-16,13648,GBp
CNX1.L,2026-09-16,124710,GBp
DPYG.L,2026-09-16,5.114,GBP
EWQX.L,2026-09-16,592,GBp
FLOS.L,2026-09-16,478.9,GBp
GB00B1FXTF86,2026-09-16,7.02,GBP
GHYS.L,2026-09-16,88.04,GBP
GRAB,2026-09-16,2.87,USD
IDTG.L,2026-09-16,2.7745,GBP
IE0008368742,2026-09-16,188.65,USD
IE00B0M63516,2026-09-16,30.35,USD
IGLS.L,2026-09-16,125,GBP
IGWD.L,2026-09-16,13341,GBp
INXG.L,2026-09-16,10.834,GBP
ISPE.L,2026-09-16,7.472,GBP
IUAG.L,2026-09-16,91.48,USD
IWDG.L,2026-09-16,1249.5,GBp
JFM0003373,2026-09-16,192.23,USD
KNSL,2026-09-16,360.75,USD
LU0164881194,2026-09-16,282.06,USD
LU0196696453,2026-09-16,21.12,USD
MU0129U00005,2026-09-16,301.07,USD
QNTG.L,2026-09-16,21.22,GBP
QQQ,2026-09-16,704.72,USD
SGLN.L,2026-09-16,6270,GBp
0639.HK,2026-09-17,2.89,HKD
0P00000YAN,2026-09-17,192.43,USD
BCHS.L,2026-09-17,13992,GBp
CNX1.L,2026-09-17,126640,GBp
DPYG.L,2026-09-17,5.097,GBP
EWQX.L,2026-09-17,595.75,GBp
FLOS.L,2026-09-17,479.325,GBp
GB00B1FXTF86,2026-09-17,7.09,GBP
GHYS.L,2026-09-17,88.045,GBP
GRAB,2026-09-17,2.81,USD
IDTG.L,2026-09-17,2.7955,GBP
IE0008368742,2026-09-17,187.62,USD
IE00B0M63516,2026-09-17,30.20,USD
IGLS.L,2026-09-17,125.12,GBP
IGWD.L,2026-09-17,13390,GBp
INXG.L,2026-09-17,10.996,GBP
ISPE.L,2026-09-17,7.447,GBP
IUAG.L,2026-09-17,91.65,USD
IWDG.L,2026-09-17,1253.5,GBp
JFM0003373,2026-09-17,192.43,USD
KNSL,2026-09-17,359.53,USD
LU0164881194,2026-09-17,284.18,USD
LU0196696453,2026-09-17,21.09,USD
MU0129U00005,2026-09-17,303.73,USD
QNTG.L,2026-09-17,21.875,GBP
QQQ,2026-09-17,716.92,USD
SGLN.L,2026-09-17,6333,GBp
0639.HK,2026-09-18,2.785,HKD
BCHS.L,2026-09-18,14438,GBp
CNX1.L,2026-09-18,126530,GBp
DPYG.L,2026-09-18,5.061,GBP
EWQX.L,2026-09-18,595.05,GBp
FLOS.L,2026-09-18,479.25,GBp
GB00B1FXTF86,2026-09-18,7.15,GBP
GHYS.L,2026-09-18,87.88,GBP
GRAB,2026-09-18,2.795,USD
IDTG.L,2026-09-18,2.7785,GBP
IE0008368742,2026-09-18,189.07,USD
IE00B0M63516,2026-09-18,29.88,USD
IGLS.L,2026-09-18,124.87,GBP
IGWD.L,2026-09-18,13339,GBp
INXG.L,2026-09-18,10.992,GBP
ISPE.L,2026-09-18,7.42,GBP
IUAG.L,2026-09-18,91.31,USD
IWDG.L,2026-09-18,1249.5,GBp
KNSL,2026-09-18,356.85,USD
QNTG.L,2026-09-18,21.395,GBP
QQQ,2026-09-18,721.45,USD
SGLN.L,2026-09-18,6317,GBp
0639.HK,2026-09-21,2.795,HKD
